season,season_id,division_id,competition_phase,game_id,gohoops_game_id,game_date,game_datetime_local,timezone,home_team_id,away_team_id,home_team,away_team,home_points,away_points,status,venue,periods
2025-26,2,8,preseason,1496,8187,2025-10-03,2025-10-03 14:30:00,Asia/Taipei,3,6,福爾摩沙夢想家,新北中信特攻,111,109,COMPLETED,屏東縣立體育館,4
2025-26,2,8,preseason,1497,8188,2025-10-03,2025-10-03 17:00:00,Asia/Taipei,2,4,高雄全家海神,新竹御嵿攻城獅,88,98,COMPLETED,屏東縣立體育館,4
2025-26,2,8,preseason,1498,8189,2025-10-04,2025-10-04 12:00:00,Asia/Taipei,7,8,新北國王,臺北台新戰神,100,105,COMPLETED,屏東縣立體育館,4
2025-26,2,8,preseason,1499,8190,2025-10-04,2025-10-04 14:30:00,Asia/Taipei,6,5,新北中信特攻,桃園台啤永豐雲豹,101,81,COMPLETED,屏東縣立體育館,4
2025-26,2,8,preseason,1500,8191,2025-10-04,2025-10-04 17:00:00,Asia/Taipei,4,3,新竹御嵿攻城獅,福爾摩沙夢想家,88,94,COMPLETED,屏東縣立體育館,4
2025-26,2,8,preseason,1501,8192,2025-10-05,2025-10-05 12:00:00,Asia/Taipei,8,2,臺北台新戰神,高雄全家海神,79,93,COMPLETED,屏東縣立體育館,4
2025-26,2,8,preseason,1502,8193,2025-10-05,2025-10-05 14:30:00,Asia/Taipei,5,7,桃園台啤永豐雲豹,新北國王,89,99,COMPLETED,屏東縣立體育館,4
2025-26,2,9,regular_season,1371,8062,2025-10-11,2025-10-11 17:00:00,Asia/Taipei,7,2,新北國王,高雄全家海神,110,100,COMPLETED,新莊體育館,4
2025-26,2,9,regular_season,1372,8063,2025-10-12,2025-10-12 17:00:00,Asia/Taipei,7,3,新北國王,福爾摩沙夢想家,112,93,COMPLETED,新莊體育館,4
2025-26,2,9,regular_season,1373,8064,2025-10-18,2025-10-18 14:30:00,Asia/Taipei,3,2,福爾摩沙夢想家,高雄全家海神,101,106,COMPLETED,臺中洲際迷你蛋,4
2025-26,2,9,regular_season,1374,8065,2025-10-18,2025-10-18 17:00:00,Asia/Taipei,7,6,新北國王,新北中信特攻,89,105,COMPLETED,新莊體育館,4
2025-26,2,9,regular_season,1375,8066,2025-10-19,2025-10-19 14:30:00,Asia/Taipei,3,5,福爾摩沙夢想家,桃園台啤永豐雲豹,83,104,COMPLETED,臺中洲際迷你蛋,4
2025-26,2,9,regular_season,1376,8067,2025-10-19,2025-10-19 17:00:00,Asia/Taipei,7,8,新北國王,臺北台新戰神,120,123,COMPLETED,新莊體育館,5
2025-26,2,9,regular_season,1377,8068,2025-10-25,2025-10-25 14:30:00,Asia/Taipei,2,7,高雄全家海神,新北國王,91,79,COMPLETED,高雄巨蛋,4
2025-26,2,9,regular_season,1378,8069,2025-10-25,2025-10-25 17:00:00,Asia/Taipei,6,8,新北中信特攻,臺北台新戰神,91,78,COMPLETED,新莊體育館,4
2025-26,2,9,regular_season,1379,8070,2025-10-26,2025-10-26 14:30:00,Asia/Taipei,2,4,高雄全家海神,新竹御嵿攻城獅,82,101,COMPLETED,高雄巨蛋,4
2025-26,2,9,regular_season,1380,8071,2025-10-26,2025-10-26 17:00:00,Asia/Taipei,6,5,新北中信特攻,桃園台啤永豐雲豹,80,104,COMPLETED,新莊體育館,4
2025-26,2,9,regular_season,1381,8072,2025-10-29,2025-10-29 19:00:00,Asia/Taipei,2,3,高雄全家海神,福爾摩沙夢想家,86,99,COMPLETED,高雄巨蛋,4
2025-26,2,9,regular_season,1382,8073,2025-11-01,2025-11-01 14:30:00,Asia/Taipei,2,8,高雄全家海神,臺北台新戰神,105,110,COMPLETED,高雄巨蛋,4
2025-26,2,9,regular_season,1383,8074,2025-11-01,2025-11-01 17:00:00,Asia/Taipei,6,3,新北中信特攻,福爾摩沙夢想家,99,91,COMPLETED,新莊體育館,4
2025-26,2,9,regular_season,1384,8075,2025-11-02,2025-11-02 14:30:00,Asia/Taipei,2,5,高雄全家海神,桃園台啤永豐雲豹,78,100,COMPLETED,高雄巨蛋,4
2025-26,2,9,regular_season,1385,8076,2025-11-02,2025-11-02 17:00:00,Asia/Taipei,6,4,新北中信特攻,新竹御嵿攻城獅,94,91,COMPLETED,新莊體育館,4
2025-26,2,9,regular_season,1386,8077,2025-11-05,2025-11-05 19:00:00,Asia/Taipei,3,4,福爾摩沙夢想家,新竹御嵿攻城獅,82,81,COMPLETED,臺中洲際迷你蛋,4
2025-26,2,9,regular_season,1387,8078,2025-11-07,2025-11-07 19:00:00,Asia/Taipei,3,6,福爾摩沙夢想家,新北中信特攻,92,87,COMPLETED,臺中洲際迷你蛋,4
2025-26,2,9,regular_season,1388,8079,2025-11-08,2025-11-08 14:30:00,Asia/Taipei,7,4,新北國王,新竹御嵿攻城獅,89,108,COMPLETED,新莊體育館,4
2025-26,2,9,regular_season,1389,8080,2025-11-08,2025-11-08 17:00:00,Asia/Taipei,5,8,桃園台啤永豐雲豹,臺北台新戰神,122,102,COMPLETED,桃園巨蛋,4
2025-26,2,9,regular_season,1390,8081,2025-11-09,2025-11-09 14:30:00,Asia/Taipei,7,2,新北國王,高雄全家海神,111,94,COMPLETED,新莊體育館,4
2025-26,2,9,regular_season,1391,8082,2025-11-09,2025-11-09 17:00:00,Asia/Taipei,5,6,桃園台啤永豐雲豹,新北中信特攻,85,78,COMPLETED,桃園巨蛋,4
2025-26,2,9,regular_season,1392,8083,2025-11-12,2025-11-12 19:00:00,Asia/Taipei,7,3,新北國王,福爾摩沙夢想家,94,91,COMPLETED,新莊體育館,4
2025-26,2,9,regular_season,1393,8084,2025-11-15,2025-11-15 14:30:00,Asia/Taipei,4,6,新竹御嵿攻城獅,新北中信特攻,102,85,COMPLETED,新竹縣體育館,4
2025-26,2,9,regular_season,1394,8085,2025-11-15,2025-11-15 17:00:00,Asia/Taipei,8,7,臺北台新戰神,新北國王,97,87,COMPLETED,和平籃球館,4
2025-26,2,9,regular_season,1395,8086,2025-11-16,2025-11-16 14:30:00,Asia/Taipei,4,2,新竹御嵿攻城獅,高雄全家海神,97,89,COMPLETED,新竹縣體育館,4
2025-26,2,9,regular_season,1396,8087,2025-11-16,2025-11-16 17:00:00,Asia/Taipei,8,5,臺北台新戰神,桃園台啤永豐雲豹,102,112,COMPLETED,和平籃球館,4
2025-26,2,9,regular_season,1397,8088,2025-11-19,2025-11-19 19:00:00,Asia/Taipei,5,2,桃園台啤永豐雲豹,高雄全家海神,90,112,COMPLETED,桃園巨蛋,4
2025-26,2,9,regular_season,1398,8089,2025-11-22,2025-11-22 14:30:00,Asia/Taipei,3,4,福爾摩沙夢想家,新竹御嵿攻城獅,113,98,COMPLETED,臺中洲際迷你蛋,4
2025-26,2,9,regular_season,1399,8090,2025-11-22,2025-11-22 17:00:00,Asia/Taipei,5,7,桃園台啤永豐雲豹,新北國王,103,101,COMPLETED,桃園巨蛋,4
2025-26,2,9,regular_season,1400,8091,2025-11-23,2025-11-23 14:30:00,Asia/Taipei,3,8,福爾摩沙夢想家,臺北台新戰神,128,117,COMPLETED,臺中洲際迷你蛋,4
2025-26,2,9,regular_season,1401,8092,2025-11-23,2025-11-23 17:00:00,Asia/Taipei,5,6,桃園台啤永豐雲豹,新北中信特攻,100,77,COMPLETED,桃園巨蛋,4
2025-26,2,9,regular_season,1402,8093,2025-12-03,2025-12-03 19:00:00,Asia/Taipei,8,4,臺北台新戰神,新竹御嵿攻城獅,100,98,COMPLETED,和平籃球館,4
2025-26,2,9,regular_season,1403,8094,2025-12-06,2025-12-06 14:30:00,Asia/Taipei,5,4,桃園台啤永豐雲豹,新竹御嵿攻城獅,96,94,COMPLETED,桃園巨蛋,4
2025-26,2,9,regular_season,1404,8095,2025-12-06,2025-12-06 17:00:00,Asia/Taipei,8,6,臺北台新戰神,新北中信特攻,104,108,COMPLETED,和平籃球館,4
2025-26,2,9,regular_season,1405,8096,2025-12-07,2025-12-07 14:30:00,Asia/Taipei,5,3,桃園台啤永豐雲豹,福爾摩沙夢想家,105,92,COMPLETED,桃園巨蛋,4
2025-26,2,9,regular_season,1406,8097,2025-12-07,2025-12-07 17:00:00,Asia/Taipei,8,2,臺北台新戰神,高雄全家海神,96,91,COMPLETED,和平籃球館,5
2025-26,2,9,regular_season,1407,8098,2025-12-13,2025-12-13 14:30:00,Asia/Taipei,2,4,高雄全家海神,新竹御嵿攻城獅,99,89,COMPLETED,高雄巨蛋,4
2025-26,2,9,regular_season,1408,8099,2025-12-13,2025-12-13 17:00:00,Asia/Taipei,6,5,新北中信特攻,桃園台啤永豐雲豹,85,75,COMPLETED,新莊體育館,4
2025-26,2,9,regular_season,1409,8100,2025-12-14,2025-12-14 14:30:00,Asia/Taipei,2,3,高雄全家海神,福爾摩沙夢想家,73,99,COMPLETED,高雄巨蛋,4
2025-26,2,9,regular_season,1410,8101,2025-12-14,2025-12-14 17:00:00,Asia/Taipei,6,7,新北中信特攻,新北國王,114,111,COMPLETED,新莊體育館,4
2025-26,2,9,regular_season,1411,8102,2025-12-20,2025-12-20 14:30:00,Asia/Taipei,7,5,新北國王,桃園台啤永豐雲豹,125,103,COMPLETED,新莊體育館,4
2025-26,2,9,regular_season,1412,8103,2025-12-20,2025-12-20 17:00:00,Asia/Taipei,4,3,新竹御嵿攻城獅,福爾摩沙夢想家,90,85,COMPLETED,新竹縣體育館,4
2025-26,2,9,regular_season,1413,8104,2025-12-21,2025-12-21 14:30:00,Asia/Taipei,7,6,新北國王,新北中信特攻,85,78,COMPLETED,新莊體育館,4
2025-26,2,9,regular_season,1414,8105,2025-12-21,2025-12-21 17:00:00,Asia/Taipei,4,8,新竹御嵿攻城獅,臺北台新戰神,83,94,COMPLETED,新竹縣體育館,4
2025-26,2,9,regular_season,1415,8106,2025-12-24,2025-12-24 19:00:00,Asia/Taipei,4,5,新竹御嵿攻城獅,桃園台啤永豐雲豹,98,82,COMPLETED,新竹縣體育館,4
2025-26,2,9,regular_season,1416,8107,2025-12-27,2025-12-27 14:30:00,Asia/Taipei,3,8,福爾摩沙夢想家,臺北台新戰神,108,98,COMPLETED,臺中洲際迷你蛋,4
2025-26,2,9,regular_season,1417,8108,2025-12-27,2025-12-27 17:00:00,Asia/Taipei,7,4,新北國王,新竹御嵿攻城獅,90,97,COMPLETED,新莊體育館,4
2025-26,2,9,regular_season,1418,8109,2025-12-28,2025-12-28 14:30:00,Asia/Taipei,3,6,福爾摩沙夢想家,新北中信特攻,104,118,COMPLETED,臺中洲際迷你蛋,4
2025-26,2,9,regular_season,1419,8110,2025-12-28,2025-12-28 17:00:00,Asia/Taipei,7,2,新北國王,高雄全家海神,86,82,COMPLETED,新莊體育館,4
2025-26,2,9,regular_season,1420,8111,2025-12-31,2025-12-31 19:00:00,Asia/Taipei,6,7,新北中信特攻,新北國王,94,82,COMPLETED,新莊體育館,4
2025-26,2,9,regular_season,1421,8112,2026-01-03,2026-01-03 14:30:00,Asia/Taipei,2,5,高雄全家海神,桃園台啤永豐雲豹,102,108,COMPLETED,高雄巨蛋,4
2025-26,2,9,regular_season,1422,8113,2026-01-03,2026-01-03 17:00:00,Asia/Taipei,6,4,新北中信特攻,新竹御嵿攻城獅,79,84,COMPLETED,新莊體育館,4
2025-26,2,9,regular_season,1423,8114,2026-01-04,2026-01-04 14:30:00,Asia/Taipei,2,7,高雄全家海神,新北國王,94,111,COMPLETED,高雄巨蛋,4
2025-26,2,9,regular_season,1424,8115,2026-01-04,2026-01-04 17:00:00,Asia/Taipei,6,3,新北中信特攻,福爾摩沙夢想家,115,122,COMPLETED,新莊體育館,4
2025-26,2,9,regular_season,1425,8116,2026-01-07,2026-01-07 19:00:00,Asia/Taipei,2,8,高雄全家海神,臺北台新戰神,108,103,COMPLETED,高雄巨蛋,4
2025-26,2,9,regular_season,1426,8117,2026-01-09,2026-01-09 19:00:00,Asia/Taipei,5,7,桃園台啤永豐雲豹,新北國王,110,87,COMPLETED,中壢國民運動中心,4
2025-26,2,9,regular_season,1427,8118,2026-01-10,2026-01-10 14:30:00,Asia/Taipei,2,6,高雄全家海神,新北中信特攻,114,111,COMPLETED,高雄巨蛋,4
2025-26,2,9,regular_season,1428,8119,2026-01-10,2026-01-10 17:00:00,Asia/Taipei,8,3,臺北台新戰神,福爾摩沙夢想家,91,110,COMPLETED,和平籃球館,4
2025-26,2,9,regular_season,1429,8120,2026-01-11,2026-01-11 14:30:00,Asia/Taipei,2,4,高雄全家海神,新竹御嵿攻城獅,79,95,COMPLETED,高雄巨蛋,4
2025-26,2,9,regular_season,1430,8121,2026-01-11,2026-01-11 17:00:00,Asia/Taipei,8,5,臺北台新戰神,桃園台啤永豐雲豹,114,108,COMPLETED,和平籃球館,4
2025-26,2,9,regular_season,1431,8122,2026-01-17,2026-01-17 14:30:00,Asia/Taipei,3,7,福爾摩沙夢想家,新北國王,116,96,COMPLETED,臺中洲際迷你蛋,4
2025-26,2,9,regular_season,1432,8123,2026-01-17,2026-01-17 17:00:00,Asia/Taipei,8,6,臺北台新戰神,新北中信特攻,79,95,COMPLETED,和平籃球館,4
2025-26,2,9,regular_season,1433,8124,2026-01-18,2026-01-18 14:30:00,Asia/Taipei,3,5,福爾摩沙夢想家,桃園台啤永豐雲豹,91,98,COMPLETED,臺中洲際迷你蛋,4
2025-26,2,9,regular_season,1434,8125,2026-01-18,2026-01-18 17:00:00,Asia/Taipei,8,4,臺北台新戰神,新竹御嵿攻城獅,98,101,COMPLETED,和平籃球館,4
2025-26,2,9,regular_season,1435,8126,2026-01-24,2026-01-24 14:30:00,Asia/Taipei,6,2,新北中信特攻,高雄全家海神,133,91,COMPLETED,新莊體育館,4
2025-26,2,9,regular_season,1436,8127,2026-01-24,2026-01-24 17:00:00,Asia/Taipei,4,3,新竹御嵿攻城獅,福爾摩沙夢想家,95,91,COMPLETED,新竹縣體育館,4
2025-26,2,9,regular_season,1437,8128,2026-01-25,2026-01-25 14:30:00,Asia/Taipei,6,8,新北中信特攻,臺北台新戰神,104,112,COMPLETED,新莊體育館,4
2025-26,2,9,regular_season,1438,8129,2026-01-25,2026-01-25 17:00:00,Asia/Taipei,4,7,新竹御嵿攻城獅,新北國王,87,94,COMPLETED,新竹縣體育館,4
2025-26,2,9,regular_season,1439,8130,2026-01-31,2026-01-31 14:30:00,Asia/Taipei,3,7,福爾摩沙夢想家,新北國王,97,114,COMPLETED,臺中洲際迷你蛋,4
2025-26,2,9,regular_season,1440,8131,2026-01-31,2026-01-31 17:00:00,Asia/Taipei,5,4,桃園台啤永豐雲豹,新竹御嵿攻城獅,92,88,COMPLETED,中壢國民運動中心,4
2025-26,2,9,regular_season,1441,8132,2026-02-01,2026-02-01 14:30:00,Asia/Taipei,3,2,福爾摩沙夢想家,高雄全家海神,96,93,COMPLETED,臺中洲際迷你蛋,4
2025-26,2,9,regular_season,1442,8133,2026-02-01,2026-02-01 17:00:00,Asia/Taipei,5,8,桃園台啤永豐雲豹,臺北台新戰神,98,87,COMPLETED,中壢國民運動中心,4
2025-26,2,9,regular_season,1443,8134,2026-02-07,2026-02-07 14:30:00,Asia/Taipei,2,5,高雄全家海神,桃園台啤永豐雲豹,75,101,COMPLETED,高雄巨蛋,4
2025-26,2,9,regular_season,1444,8135,2026-02-07,2026-02-07 17:00:00,Asia/Taipei,8,7,臺北台新戰神,新北國王,96,98,COMPLETED,和平籃球館,4
2025-26,2,9,regular_season,1445,8136,2026-02-08,2026-02-08 14:30:00,Asia/Taipei,2,6,高雄全家海神,新北中信特攻,84,113,COMPLETED,高雄巨蛋,4
2025-26,2,9,regular_season,1446,8137,2026-02-08,2026-02-08 17:00:00,Asia/Taipei,8,3,臺北台新戰神,福爾摩沙夢想家,91,104,COMPLETED,和平籃球館,4
2025-26,2,9,regular_season,1447,8138,2026-02-11,2026-02-11 19:00:00,Asia/Taipei,8,2,臺北台新戰神,高雄全家海神,90,104,COMPLETED,和平籃球館,4
2025-26,2,9,regular_season,1448,8139,2026-02-14,2026-02-14 14:30:00,Asia/Taipei,7,8,新北國王,臺北台新戰神,116,95,COMPLETED,新莊體育館,4
2025-26,2,9,regular_season,1449,8140,2026-02-14,2026-02-14 17:00:00,Asia/Taipei,5,3,桃園台啤永豐雲豹,福爾摩沙夢想家,98,100,COMPLETED,中壢國民運動中心,4
2025-26,2,9,regular_season,1450,8141,2026-02-15,2026-02-15 14:30:00,Asia/Taipei,7,4,新北國王,新竹御嵿攻城獅,100,85,COMPLETED,新莊體育館,4
2025-26,2,9,regular_season,1451,8142,2026-02-15,2026-02-15 17:00:00,Asia/Taipei,5,6,桃園台啤永豐雲豹,新北中信特攻,96,93,COMPLETED,中壢國民運動中心,4
2025-26,2,9,regular_season,1452,8143,2026-03-04,2026-03-04 19:00:00,Asia/Taipei,7,5,新北國王,桃園台啤永豐雲豹,100,116,COMPLETED,新莊體育館,4
2025-26,2,9,regular_season,1453,8144,2026-03-06,2026-03-06 19:00:00,Asia/Taipei,7,8,新北國王,臺北台新戰神,93,90,COMPLETED,新莊體育館,4
2025-26,2,9,regular_season,1454,8145,2026-03-07,2026-03-07 14:30:00,Asia/Taipei,2,3,高雄全家海神,福爾摩沙夢想家,97,107,COMPLETED,高雄巨蛋,4
2025-26,2,9,regular_season,1455,8146,2026-03-07,2026-03-07 17:00:00,Asia/Taipei,5,4,桃園台啤永豐雲豹,新竹御嵿攻城獅,111,114,COMPLETED,中壢國民運動中心,4
2025-26,2,9,regular_season,1456,8147,2026-03-08,2026-03-08 14:30:00,Asia/Taipei,2,6,高雄全家海神,新北中信特攻,90,88,COMPLETED,高雄巨蛋,4
2025-26,2,9,regular_season,1457,8148,2026-03-08,2026-03-08 17:00:00,Asia/Taipei,5,7,桃園台啤永豐雲豹,新北國王,101,114,COMPLETED,中壢國民運動中心,4
2025-26,2,9,regular_season,1458,8149,2026-03-11,2026-03-11 19:00:00,Asia/Taipei,4,8,新竹御嵿攻城獅,臺北台新戰神,94,102,COMPLETED,新竹縣體育館,4
2025-26,2,9,regular_season,1459,8150,2026-03-14,2026-03-14 14:30:00,Asia/Taipei,3,6,福爾摩沙夢想家,新北中信特攻,100,91,COMPLETED,臺中洲際迷你蛋,4
2025-26,2,9,regular_season,1460,8151,2026-03-14,2026-03-14 17:00:00,Asia/Taipei,4,2,新竹御嵿攻城獅,高雄全家海神,113,97,COMPLETED,新竹縣體育館,4
2025-26,2,9,regular_season,1461,8152,2026-03-15,2026-03-15 14:30:00,Asia/Taipei,3,5,福爾摩沙夢想家,桃園台啤永豐雲豹,111,84,COMPLETED,臺中洲際迷你蛋,4
2025-26,2,9,regular_season,1462,8153,2026-03-15,2026-03-15 17:00:00,Asia/Taipei,4,7,新竹御嵿攻城獅,新北國王,113,90,COMPLETED,新竹縣體育館,4
2025-26,2,9,regular_season,1463,8154,2026-03-21,2026-03-21 14:30:00,Asia/Taipei,6,2,新北中信特攻,高雄全家海神,118,91,COMPLETED,新莊體育館,4
2025-26,2,9,regular_season,1464,8155,2026-03-21,2026-03-21 17:00:00,Asia/Taipei,8,5,臺北台新戰神,桃園台啤永豐雲豹,73,99,COMPLETED,和平籃球館,4
2025-26,2,9,regular_season,1465,8156,2026-03-22,2026-03-22 14:30:00,Asia/Taipei,6,4,新北中信特攻,新竹御嵿攻城獅,95,75,COMPLETED,新莊體育館,4
2025-26,2,9,regular_season,1466,8157,2026-03-22,2026-03-22 17:00:00,Asia/Taipei,8,3,臺北台新戰神,福爾摩沙夢想家,96,118,COMPLETED,和平籃球館,4
2025-26,2,9,regular_season,1467,8158,2026-03-25,2026-03-25 19:00:00,Asia/Taipei,3,2,福爾摩沙夢想家,高雄全家海神,96,90,COMPLETED,臺中洲際迷你蛋,4
2025-26,2,9,regular_season,1468,8159,2026-03-27,2026-03-27 19:00:00,Asia/Taipei,3,7,福爾摩沙夢想家,新北國王,107,90,COMPLETED,臺中洲際迷你蛋,4
2025-26,2,9,regular_season,1469,8160,2026-03-28,2026-03-28 14:30:00,Asia/Taipei,4,6,新竹御嵿攻城獅,新北中信特攻,103,99,COMPLETED,新竹縣體育館,4
2025-26,2,9,regular_season,1470,8161,2026-03-28,2026-03-28 17:00:00,Asia/Taipei,8,2,臺北台新戰神,高雄全家海神,104,112,COMPLETED,和平籃球館,4
2025-26,2,9,regular_season,1471,8162,2026-03-29,2026-03-29 14:30:00,Asia/Taipei,4,5,新竹御嵿攻城獅,桃園台啤永豐雲豹,102,91,COMPLETED,新竹縣體育館,4
2025-26,2,9,regular_season,1472,8163,2026-03-29,2026-03-29 17:00:00,Asia/Taipei,8,7,臺北台新戰神,新北國王,102,116,COMPLETED,和平籃球館,4
2025-26,2,9,regular_season,1473,8164,2026-04-01,2026-04-01 19:00:00,Asia/Taipei,6,8,新北中信特攻,臺北台新戰神,89,91,COMPLETED,新莊體育館,4
2025-26,2,9,regular_season,1474,8165,2026-04-04,2026-04-04 14:30:00,Asia/Taipei,6,3,新北中信特攻,福爾摩沙夢想家,108,104,COMPLETED,新莊體育館,4
2025-26,2,9,regular_season,1475,8166,2026-04-04,2026-04-04 17:00:00,Asia/Taipei,5,2,桃園台啤永豐雲豹,高雄全家海神,105,74,COMPLETED,中壢國民運動中心,4
2025-26,2,9,regular_season,1476,8167,2026-04-05,2026-04-05 14:30:00,Asia/Taipei,6,7,新北中信特攻,新北國王,98,78,COMPLETED,新莊體育館,4
2025-26,2,9,regular_season,1477,8168,2026-04-05,2026-04-05 17:00:00,Asia/Taipei,5,8,桃園台啤永豐雲豹,臺北台新戰神,107,96,COMPLETED,中壢國民運動中心,4
2025-26,2,9,regular_season,1478,8169,2026-04-08,2026-04-08 19:00:00,Asia/Taipei,4,6,新竹御嵿攻城獅,新北中信特攻,117,100,COMPLETED,新竹縣體育館,4
2025-26,2,9,regular_season,1479,8170,2026-04-11,2026-04-11 14:30:00,Asia/Taipei,2,7,高雄全家海神,新北國王,111,112,COMPLETED,高雄巨蛋,4
2025-26,2,9,regular_season,1480,8171,2026-04-11,2026-04-11 17:00:00,Asia/Taipei,4,5,新竹御嵿攻城獅,桃園台啤永豐雲豹,79,76,COMPLETED,新竹縣體育館,4
2025-26,2,9,regular_season,1481,8172,2026-04-12,2026-04-12 14:30:00,Asia/Taipei,2,8,高雄全家海神,臺北台新戰神,93,104,COMPLETED,高雄巨蛋,4
2025-26,2,9,regular_season,1482,8173,2026-04-12,2026-04-12 17:00:00,Asia/Taipei,4,3,新竹御嵿攻城獅,福爾摩沙夢想家,85,94,COMPLETED,新竹縣體育館,4
2025-26,2,9,regular_season,1483,8174,2026-04-18,2026-04-18 14:30:00,Asia/Taipei,3,8,福爾摩沙夢想家,臺北台新戰神,99,66,COMPLETED,臺中洲際迷你蛋,4
2025-26,2,9,regular_season,1484,8175,2026-04-18,2026-04-18 17:00:00,Asia/Taipei,6,5,新北中信特攻,桃園台啤永豐雲豹,107,93,COMPLETED,新莊體育館,4
2025-26,2,9,regular_season,1485,8176,2026-04-19,2026-04-19 14:30:00,Asia/Taipei,3,4,福爾摩沙夢想家,新竹御嵿攻城獅,92,86,COMPLETED,臺中洲際迷你蛋,4
2025-26,2,9,regular_season,1486,8177,2026-04-19,2026-04-19 17:00:00,Asia/Taipei,6,2,新北中信特攻,高雄全家海神,115,99,COMPLETED,新莊體育館,4
2025-26,2,9,regular_season,1487,8178,2026-04-24,2026-04-24 19:00:00,Asia/Taipei,7,3,新北國王,福爾摩沙夢想家,105,99,COMPLETED,新莊體育館,4
2025-26,2,9,regular_season,1488,8179,2026-04-25,2026-04-25 17:00:00,Asia/Taipei,8,4,臺北台新戰神,新竹御嵿攻城獅,86,104,COMPLETED,和平籃球館,4
2025-26,2,9,regular_season,1503,8203,2026-04-25,2026-04-25 14:30:00,Asia/Taipei,5,2,桃園台啤永豐雲豹,高雄全家海神,99,85,COMPLETED,桃園巨蛋,4
2025-26,2,9,regular_season,1489,8180,2026-04-26,2026-04-26 14:30:00,Asia/Taipei,5,3,桃園台啤永豐雲豹,福爾摩沙夢想家,104,100,COMPLETED,桃園巨蛋,4
2025-26,2,9,regular_season,1490,8181,2026-04-26,2026-04-26 17:00:00,Asia/Taipei,8,6,臺北台新戰神,新北中信特攻,103,111,COMPLETED,和平籃球館,4
2025-26,2,9,regular_season,1491,8182,2026-04-29,2026-04-29 19:00:00,Asia/Taipei,4,7,新竹御嵿攻城獅,新北國王,98,78,COMPLETED,新竹縣體育館,4
2025-26,2,9,regular_season,1492,8183,2026-05-02,2026-05-02 14:30:00,Asia/Taipei,4,8,新竹御嵿攻城獅,臺北台新戰神,96,73,COMPLETED,新竹縣體育館,4
2025-26,2,9,regular_season,1493,8184,2026-05-02,2026-05-02 17:00:00,Asia/Taipei,7,5,新北國王,桃園台啤永豐雲豹,97,94,COMPLETED,新莊體育館,4
2025-26,2,9,regular_season,1494,8185,2026-05-03,2026-05-03 14:30:00,Asia/Taipei,4,2,新竹御嵿攻城獅,高雄全家海神,102,99,COMPLETED,新竹縣體育館,4
2025-26,2,9,regular_season,1495,8186,2026-05-03,2026-05-03 17:00:00,Asia/Taipei,7,6,新北國王,新北中信特攻,87,111,COMPLETED,新莊體育館,4
2025-26,2,11,play_in,6026,9472,2026-05-05,2026-05-05 19:00:00,Asia/Taipei,7,6,新北國王,新北中信特攻,102,86,COMPLETED,新莊體育館,4
2025-26,2,11,play_in,6027,9473,2026-05-06,2026-05-06 19:00:00,Asia/Taipei,6,7,新北中信特攻,新北國王,90,96,COMPLETED,和平籃球館,4
2025-26,2,12,playoffs,6033,9479,2026-05-09,2026-05-09 17:00:00,Asia/Taipei,3,4,福爾摩沙夢想家,新竹御嵿攻城獅,94,97,COMPLETED,臺中洲際迷你蛋,4
2025-26,2,12,playoffs,6316,9590,2026-05-10,2026-05-10 17:00:00,Asia/Taipei,5,7,桃園台啤永豐雲豹,新北國王,105,113,COMPLETED,桃園巨蛋,4
2025-26,2,12,playoffs,6034,9480,2026-05-12,2026-05-12 19:00:00,Asia/Taipei,3,4,福爾摩沙夢想家,新竹御嵿攻城獅,83,61,COMPLETED,臺中洲際迷你蛋,4
2025-26,2,12,playoffs,6317,9591,2026-05-13,2026-05-13 19:00:00,Asia/Taipei,5,7,桃園台啤永豐雲豹,新北國王,114,92,COMPLETED,桃園巨蛋,4
2025-26,2,12,playoffs,6035,9481,2026-05-14,2026-05-14 19:00:00,Asia/Taipei,4,3,新竹御嵿攻城獅,福爾摩沙夢想家,106,114,COMPLETED,新竹縣體育館,4
2025-26,2,12,playoffs,6318,9592,2026-05-15,2026-05-15 19:00:00,Asia/Taipei,7,5,新北國王,桃園台啤永豐雲豹,104,102,COMPLETED,和平籃球館,4
2025-26,2,12,playoffs,6036,9482,2026-05-16,2026-05-16 17:00:00,Asia/Taipei,4,3,新竹御嵿攻城獅,福爾摩沙夢想家,93,104,COMPLETED,新竹縣體育館,4
2025-26,2,12,playoffs,6319,9593,2026-05-17,2026-05-17 17:00:00,Asia/Taipei,7,5,新北國王,桃園台啤永豐雲豹,116,114,COMPLETED,和平籃球館,4
2025-26,2,35,finals,8635,9695,2026-05-24,2026-05-24 17:00:00,Asia/Taipei,3,7,福爾摩沙夢想家,新北國王,90,91,COMPLETED,洲際迷你蛋,4
2025-26,2,35,finals,8636,9696,2026-05-26,2026-05-26 19:00:00,Asia/Taipei,3,7,福爾摩沙夢想家,新北國王,99,90,COMPLETED,洲際迷你蛋,4
2025-26,2,35,finals,8637,9697,2026-05-29,2026-05-29 19:00:00,Asia/Taipei,7,3,新北國王,福爾摩沙夢想家,109,84,COMPLETED,新莊體育館,4
2025-26,2,35,finals,8638,9698,2026-05-31,2026-05-31 17:00:00,Asia/Taipei,7,3,新北國王,福爾摩沙夢想家,96,93,COMPLETED,新莊體育館,4
2025-26,2,35,finals,8639,9699,2026-06-02,2026-06-02 19:00:00,Asia/Taipei,3,7,福爾摩沙夢想家,新北國王,105,69,COMPLETED,洲際迷你蛋,4
2025-26,2,35,finals,8640,9700,2026-06-04,2026-06-04 19:00:00,Asia/Taipei,7,3,新北國王,福爾摩沙夢想家,88,91,COMPLETED,新莊體育館,4
2025-26,2,35,finals,8641,9701,2026-06-06,2026-06-06 17:00:00,Asia/Taipei,3,7,福爾摩沙夢想家,新北國王,90,78,COMPLETED,洲際迷你蛋,4
