Player,CoOccur_Min,Team_Score,PTS,REB,AST,STL,BLK,TOV,PF,2P_M,2P_A,3P_M,3P_A,FT_M,FT_A,PTS_per36,REB_per36,AST_per36,STL_per36,BLK_per36,TOV_per36,PF_per36,2P_PCT,3P_PCT,FT_PCT
Lin Sin-Kuan,472.8,57,186,56,39,18,2,33,39,50,102,18,74,31,44,14.16,4.26,2.97,1.37,0.15,2.51,2.97,49.0,24.3,70.5
Gao Jin-Wei,402.8,56,157,47,56,17,1,18,10,33,66,24,77,22,23,14.03,4.2,5.0,1.52,0.09,1.61,0.89,50.0,31.2,95.7
Tsao Xun-Xiang,370.3,92,91,42,79,15,0,29,36,23,60,11,34,12,23,8.85,4.08,7.68,1.46,0.0,2.82,3.5,38.3,32.4,52.2
Chuang Po-Yuan,329.1,67,45,18,7,12,1,10,33,6,13,8,31,9,11,4.92,1.97,0.77,1.31,0.11,1.09,3.61,46.2,25.8,81.8
Lasan Kromah,275.9,38,183,56,48,24,5,34,25,50,113,13,27,43,55,23.88,7.31,6.26,3.13,0.65,4.44,3.26,44.2,48.1,78.2
Malcolm Miller,255.8,37,137,63,27,6,10,13,27,47,75,6,27,21,30,19.28,8.87,3.8,0.84,1.41,1.83,3.8,62.7,22.2,70.0
Wang Hao-Chi,171.9,21,34,23,2,4,1,1,13,2,9,9,31,5,6,7.12,4.82,0.42,0.84,0.21,0.21,2.72,22.2,29.0,83.3
Tung Yung-Chuan,134.2,20,23,13,4,5,3,3,21,2,8,5,12,4,4,6.17,3.49,1.07,1.34,0.8,0.8,5.63,25.0,41.7,100.0
Cheick Diallo,132.5,55,110,56,8,5,4,16,19,36,68,0,1,33,40,29.88,15.21,2.17,1.36,1.09,4.35,5.16,52.9,0.0,82.5
Hsu Hong-Wei,86.5,18,22,2,5,3,1,7,11,4,7,4,8,2,2,9.16,0.83,2.08,1.25,0.42,2.91,4.58,57.1,50.0,100.0
Wang Jhe-Yu,37.6,24,14,8,1,2,0,0,8,7,9,0,3,0,0,13.42,7.67,0.96,1.92,0.0,0.0,7.67,77.8,0.0,0
Ting Kuang-Hao,9.1,-5,0,0,0,0,0,0,3,0,0,0,0,0,0,0.0,0.0,0.0,0.0,0.0,0.0,11.82,0,0,0
Huang Jhen,6.2,6,0,0,0,0,0,0,0,0,0,0,2,0,0,0.0,0.0,0.0,0.0,0.0,0.0,0.0,0,0.0,0
Liu Yuan-Kai,4.8,-1,0,1,1,0,0,1,2,0,0,0,0,0,0,0.0,7.55,7.55,0.0,0.0,7.55,15.1,0,0,0
