Date,OnCourt_Seq,In_Time,Out_Time,Player,PTS,REB,AST,STL,BLK,TOV,PF,2P_M,2P_A,3P_M,3P_A,FT_M,FT_A
25/10/19,1,Q1 12:00,Q1 05:08,Gao Jin-Wei,0,0,1,1,0,0,1,0,0,0,2,0,0
25/10/19,1,Q1 12:00,Q1 05:08,Chris McCullough,2,3,0,0,0,2,0,0,1,0,0,2,2
25/10/19,1,Q1 12:00,Q1 05:08,Chuang Po-Yuan,2,0,0,0,0,0,1,1,1,0,0,0,0
25/10/19,1,Q1 12:00,Q1 05:08,Wang Hao-Chi,0,1,0,1,0,0,1,0,0,0,1,0,0
25/10/19,1,Q1 12:00,Q1 05:08,Lasan Kromah,8,0,0,0,1,1,0,1,2,1,1,2,2
25/10/19,1,Q1 12:00,Q1 05:08,Lin Sin-Kuan,0,0,1,0,0,0,0,0,0,0,0,0,0
25/10/19,1,Q1 12:00,Q1 05:08,Malcolm Miller,0,0,0,0,0,0,0,0,0,0,1,0,0
25/10/19,2,Q1 00:32,Q1 00:00(종료),Malcolm Miller,0,0,0,0,0,0,0,0,0,0,0,0,0
25/10/19,2,Q1 00:32,Q1 00:00(종료),Chris McCullough,0,0,0,0,0,0,0,0,0,0,0,0,0
25/10/19,2,Q1 00:32,Q1 00:00(종료),Lasan Kromah,5,0,0,0,0,0,0,0,0,0,0,4,4
25/10/19,2,Q1 00:32,Q1 00:00(종료),Ting Kuang-Hao,0,0,0,0,0,0,0,0,0,0,0,0,0
25/10/19,2,Q1 00:32,Q1 00:00(종료),Lin Sin-Kuan,0,0,0,0,0,0,0,0,0,0,0,0,0
25/10/19,2,Q1 00:32,Q1 00:00(종료),Wang Hao-Chi,0,0,0,0,0,0,0,0,0,0,0,0,0
25/10/19,2,Q1 00:32,Q1 00:00(종료),Tsao Xun-Xiang,0,0,0,0,0,0,0,0,0,0,0,0,0
25/10/19,3,Q2 12:00,Q2 00:00(종료),Ting Kuang-Hao,0,0,0,0,0,0,2,0,0,0,0,0,0
25/10/19,3,Q2 12:00,Q2 00:00(종료),Chris McCullough,9,4,0,0,1,0,1,3,4,1,2,0,0
25/10/19,3,Q2 12:00,Q2 00:00(종료),Lin Sin-Kuan,5,1,2,0,0,2,2,2,2,0,2,1,2
25/10/19,3,Q2 12:00,Q2 00:00(종료),Wang Hao-Chi,0,0,0,0,0,0,1,0,1,0,0,0,0
25/10/19,3,Q2 12:00,Q2 00:00(종료),Tsao Xun-Xiang,0,1,0,0,0,1,1,0,0,0,1,0,0
25/10/19,3,Q2 12:00,Q2 00:00(종료),Lasan Kromah,4,2,1,1,0,0,0,2,3,0,0,0,0
25/10/19,3,Q2 12:00,Q2 00:00(종료),Chuang Po-Yuan,0,1,1,0,0,0,0,0,1,0,0,0,0
25/10/19,3,Q2 12:00,Q2 00:00(종료),Gao Jin-Wei,2,1,1,0,0,0,0,1,1,0,1,0,0
25/10/19,3,Q2 12:00,Q2 00:00(종료),Malcolm Miller,2,2,0,1,1,0,0,1,2,0,0,0,0
25/10/19,4,Q3 12:00,Q3 06:40,Gao Jin-Wei,2,0,0,0,0,0,0,0,1,0,0,1,1
25/10/19,4,Q3 12:00,Q3 06:40,Chris McCullough,2,3,1,1,1,0,0,1,1,0,1,0,0
25/10/19,4,Q3 12:00,Q3 06:40,Chuang Po-Yuan,3,0,0,0,0,0,0,0,0,1,1,0,0
25/10/19,4,Q3 12:00,Q3 06:40,Wang Hao-Chi,2,0,0,0,0,0,0,1,2,0,0,0,0
25/10/19,4,Q3 12:00,Q3 06:40,Lasan Kromah,0,2,2,0,0,2,0,0,1,0,1,0,0
25/10/19,4,Q3 12:00,Q3 06:40,Lin Sin-Kuan,0,0,0,0,0,0,0,0,0,0,0,0,0
25/10/19,4,Q3 12:00,Q3 06:40,Malcolm Miller,0,0,0,0,0,0,0,0,0,0,0,0,0
25/10/19,5,Q3 03:23,Q3 00:00(종료),Lasan Kromah,2,1,0,0,1,0,0,0,0,0,0,2,2
25/10/19,5,Q3 03:23,Q3 00:00(종료),Gao Jin-Wei,0,0,0,0,0,0,0,0,0,0,0,0,0
25/10/19,5,Q3 03:23,Q3 00:00(종료),Tsao Xun-Xiang,0,1,1,0,0,0,0,0,0,0,0,0,0
25/10/19,5,Q3 03:23,Q3 00:00(종료),Wang Hao-Chi,0,0,0,0,0,0,0,0,0,0,0,0,0
25/10/19,5,Q3 03:23,Q3 00:00(종료),Chris McCullough,3,2,0,0,0,0,0,1,1,0,0,1,2
25/10/19,5,Q3 03:23,Q3 00:00(종료),Chuang Po-Yuan,0,0,0,0,0,0,0,0,0,0,0,0,0
25/10/19,5,Q3 03:23,Q3 00:00(종료),Malcolm Miller,2,0,0,1,1,0,0,1,2,0,0,0,0
25/10/19,5,Q3 03:23,Q3 00:00(종료),Lin Sin-Kuan,1,3,0,0,0,1,0,0,1,0,2,1,2
25/10/19,6,Q4 12:00,Q4 09:02,Lin Sin-Kuan,0,1,0,0,0,0,0,0,1,0,2,0,0
25/10/19,6,Q4 12:00,Q4 09:02,Chris McCullough,5,2,0,0,0,0,1,1,1,0,0,2,2
25/10/19,6,Q4 12:00,Q4 09:02,Chuang Po-Yuan,0,0,0,0,0,0,0,0,0,0,0,0,0
25/10/19,6,Q4 12:00,Q4 09:02,Malcolm Miller,0,0,0,0,0,0,0,0,0,0,0,0,0
25/10/19,6,Q4 12:00,Q4 09:02,Tsao Xun-Xiang,2,0,0,0,0,0,0,1,1,0,0,0,0
25/10/19,6,Q4 12:00,Q4 09:02,Wang Hao-Chi,0,0,0,0,0,0,0,0,0,0,0,0,0
25/10/19,6,Q4 12:00,Q4 09:02,Lasan Kromah,0,1,0,0,0,0,0,0,1,0,0,0,0
25/10/19,7,Q4 02:06,Q4 01:13,Malcolm Miller,0,0,1,0,0,0,0,0,0,0,0,0,0
25/10/19,7,Q4 02:06,Q4 01:13,Gao Jin-Wei,3,0,0,0,0,0,0,0,0,1,1,0,0
25/10/19,7,Q4 02:06,Q4 01:13,Chris McCullough,0,0,1,0,0,0,0,0,0,0,0,0,0
25/10/19,7,Q4 02:06,Q4 01:13,Lasan Kromah,2,0,0,0,0,0,0,1,1,0,0,0,0
25/10/19,7,Q4 02:06,Q4 01:13,Chuang Po-Yuan,0,0,0,0,0,0,0,0,0,0,0,0,0
25/10/19,7,Q4 02:06,Q4 01:13,Wang Hao-Chi,0,0,0,0,0,0,0,0,0,0,0,0,0
25/10/19,7,Q4 02:06,Q4 01:13,Wang Jhe-Yu,0,0,0,0,0,0,0,0,0,0,0,0,0
25/10/19,7,Q4 02:06,Q4 01:13,Hsu Hong-Wei,0,0,0,0,0,0,0,0,0,0,0,0,0
25/10/19,7,Q4 02:06,Q4 01:13,Ting Kuang-Hao,0,0,0,0,0,0,0,0,0,0,0,0,0
25/10/19,7,Q4 02:06,Q4 01:13,Tung Yung-Chuan,0,0,0,0,0,0,0,0,0,0,0,0,0
25/10/26,1,Q1 06:15,Q1 00:00(종료),Malcolm Miller,2,0,0,0,0,0,0,1,1,0,0,0,0
25/10/26,1,Q1 06:15,Q1 00:00(종료),Chris McCullough,2,1,1,0,0,0,0,1,3,0,0,0,0
25/10/26,1,Q1 06:15,Q1 00:00(종료),Gao Jin-Wei,2,0,0,1,0,0,0,0,0,0,1,2,2
25/10/26,1,Q1 06:15,Q1 00:00(종료),Lasan Kromah,6,3,0,1,0,1,1,3,4,0,0,0,0
25/10/26,1,Q1 06:15,Q1 00:00(종료),Lin Sin-Kuan,5,2,0,0,0,0,0,0,1,1,1,2,2
25/10/26,1,Q1 06:15,Q1 00:00(종료),Wang Hao-Chi,2,0,0,0,0,0,0,0,0,0,0,2,2
25/10/26,1,Q1 06:15,Q1 00:00(종료),Tsao Xun-Xiang,0,0,1,1,0,1,0,0,0,0,1,0,0
25/10/26,1,Q1 06:15,Q1 00:00(종료),Ting Kuang-Hao,0,0,0,0,0,0,1,0,0,0,0,0,0
25/10/26,1,Q1 06:15,Q1 00:00(종료),Hsu Hong-Wei,0,0,0,0,0,0,0,0,0,0,0,0,0
25/10/26,2,Q2 12:00,Q2 07:29,Tsao Xun-Xiang,0,1,0,0,0,0,0,0,0,0,1,0,0
25/10/26,2,Q2 12:00,Q2 07:29,Chris McCullough,2,1,0,1,1,0,0,1,2,0,0,0,2
25/10/26,2,Q2 12:00,Q2 07:29,Ting Kuang-Hao,0,0,0,0,0,0,0,0,0,0,0,0,0
25/10/26,2,Q2 12:00,Q2 07:29,Lin Sin-Kuan,0,0,1,0,0,1,1,0,0,0,1,0,0
25/10/26,2,Q2 12:00,Q2 07:29,Malcolm Miller,0,0,0,0,0,0,1,0,0,0,0,0,0
25/10/26,2,Q2 12:00,Q2 07:29,Hsu Hong-Wei,2,1,0,0,0,0,2,1,1,0,1,0,0
25/10/26,2,Q2 12:00,Q2 07:29,Gao Jin-Wei,0,0,0,0,0,0,0,0,0,0,0,0,0
25/10/26,2,Q2 12:00,Q2 07:29,Wang Hao-Chi,0,0,0,0,0,0,0,0,0,0,0,0,0
25/10/26,3,Q2 05:18,Q2 00:00(종료),Chris McCullough,4,1,1,1,0,0,0,1,1,0,0,2,2
25/10/26,3,Q2 05:18,Q2 00:00(종료),Lin Sin-Kuan,2,0,0,0,1,0,0,1,1,0,2,0,0
25/10/26,3,Q2 05:18,Q2 00:00(종료),Gao Jin-Wei,5,0,1,0,0,0,0,2,2,0,1,1,1
25/10/26,3,Q2 05:18,Q2 00:00(종료),Lasan Kromah,6,0,1,2,0,0,0,0,0,2,2,0,0
25/10/26,3,Q2 05:18,Q2 00:00(종료),Chuang Po-Yuan,2,0,1,1,0,0,0,1,1,0,0,0,0
25/10/26,3,Q2 05:18,Q2 00:00(종료),Wang Hao-Chi,0,0,0,0,0,0,1,0,0,0,1,0,0
25/10/26,3,Q2 05:18,Q2 00:00(종료),Malcolm Miller,0,0,0,0,0,0,0,0,0,0,0,0,0
25/10/26,4,Q3 04:54,Q3 00:00(종료),Malcolm Miller,4,1,1,0,0,0,1,1,1,0,0,2,2
25/10/26,4,Q3 04:54,Q3 00:00(종료),Wang Hao-Chi,0,0,0,0,0,0,0,0,0,0,0,0,0
25/10/26,4,Q3 04:54,Q3 00:00(종료),Lin Sin-Kuan,2,1,0,0,0,0,0,1,2,0,0,0,0
25/10/26,4,Q3 04:54,Q3 00:00(종료),Chris McCullough,0,2,0,1,1,1,0,0,0,0,0,0,0
25/10/26,4,Q3 04:54,Q3 00:00(종료),Gao Jin-Wei,4,1,0,0,0,1,0,2,2,0,0,0,0
25/10/26,4,Q3 04:54,Q3 00:00(종료),Lasan Kromah,0,1,0,0,0,0,0,0,1,0,0,0,0
25/10/26,4,Q3 04:54,Q3 00:00(종료),Chuang Po-Yuan,0,0,0,0,0,0,0,0,0,0,0,0,0
25/10/26,4,Q3 04:54,Q3 00:00(종료),Tsao Xun-Xiang,0,0,1,0,0,0,0,0,1,0,0,0,0
25/10/26,4,Q3 04:54,Q3 00:00(종료),Hsu Hong-Wei,0,0,0,0,0,0,0,0,0,0,0,0,0
25/10/26,5,Q4 12:00,Q4 08:11,Hsu Hong-Wei,0,0,0,1,0,1,1,0,0,0,0,0,0
25/10/26,5,Q4 12:00,Q4 08:11,Chris McCullough,2,0,0,0,0,0,0,1,2,0,0,0,0
25/10/26,5,Q4 12:00,Q4 08:11,Lin Sin-Kuan,0,0,1,0,0,0,1,0,0,0,2,0,0
25/10/26,5,Q4 12:00,Q4 08:11,Malcolm Miller,0,2,1,0,0,0,0,0,0,0,0,0,0
25/10/26,5,Q4 12:00,Q4 08:11,Tsao Xun-Xiang,5,0,0,1,0,0,0,1,1,1,1,0,0
25/10/26,5,Q4 12:00,Q4 08:11,Gao Jin-Wei,0,0,0,0,0,0,0,0,0,0,0,0,0
25/10/26,5,Q4 12:00,Q4 08:11,Wang Hao-Chi,0,0,0,0,0,0,0,0,0,0,0,0,0
25/10/26,6,Q4 02:23,Q4 01:06,Malcolm Miller,0,0,0,0,0,0,0,0,0,0,0,0,0
25/10/26,6,Q4 02:23,Q4 01:06,Chris McCullough,2,0,0,0,0,0,1,1,1,0,0,0,0
25/10/26,6,Q4 02:23,Q4 01:06,Liu Yuan-Kai,0,0,0,0,0,0,1,0,0,0,0,0,0
25/10/26,6,Q4 02:23,Q4 01:06,Gao Jin-Wei,0,0,2,0,0,0,0,0,0,0,1,0,0
25/10/26,6,Q4 02:23,Q4 01:06,Lasan Kromah,3,0,0,1,0,0,0,0,0,1,1,0,0
25/10/26,6,Q4 02:23,Q4 01:06,Huang Jhen,0,0,0,0,0,0,0,0,0,0,0,0,0
25/10/26,6,Q4 02:23,Q4 01:06,Hsu Hong-Wei,0,0,0,0,0,0,0,0,0,0,0,0,0
25/11/02,1,Q1 12:00,Q1 05:54,Gao Jin-Wei,0,2,2,0,0,0,0,0,1,0,1,0,0
25/11/02,1,Q1 12:00,Q1 05:54,Chris McCullough,0,1,1,1,1,1,0,0,1,0,0,0,0
25/11/02,1,Q1 12:00,Q1 05:54,Lin Sin-Kuan,0,0,0,0,0,0,1,0,0,0,2,0,0
25/11/02,1,Q1 12:00,Q1 05:54,Malcolm Miller,5,4,0,0,0,1,1,1,1,0,0,2,2
25/11/02,1,Q1 12:00,Q1 05:54,Chuang Po-Yuan,3,0,0,0,0,0,2,0,0,1,1,0,0
25/11/02,1,Q1 12:00,Q1 05:54,Wang Hao-Chi,0,0,0,0,0,0,0,0,0,0,2,0,0
25/11/02,2,Q1 01:48,Q1 00:00(종료),Malcolm Miller,2,0,0,0,0,0,0,1,1,0,0,0,0
25/11/02,2,Q1 01:48,Q1 00:00(종료),Tung Yung-Chuan,0,0,0,0,0,0,1,0,0,0,0,0,0
25/11/02,2,Q1 01:48,Q1 00:00(종료),Wang Hao-Chi,0,0,0,0,0,0,0,0,0,0,0,0,0
25/11/02,2,Q1 01:48,Q1 00:00(종료),Hsu Hong-Wei,3,0,0,0,0,0,0,0,0,1,1,0,0
25/11/02,2,Q1 01:48,Q1 00:00(종료),Chris McCullough,4,1,0,0,0,0,0,1,1,0,0,2,2
25/11/02,2,Q1 01:48,Q1 00:00(종료),Tsao Xun-Xiang,0,0,2,1,0,0,0,0,0,0,0,0,0
25/11/02,2,Q1 01:48,Q1 00:00(종료),Cheick Diallo,2,1,0,0,0,0,0,1,1,0,0,0,0
25/11/02,3,Q2 12:00,Q2 01:15,Chris McCullough,4,4,0,0,0,0,1,2,4,0,1,0,2
25/11/02,3,Q2 12:00,Q2 01:15,Hsu Hong-Wei,2,0,1,0,0,1,0,1,1,0,0,0,0
25/11/02,3,Q2 12:00,Q2 01:15,Tung Yung-Chuan,0,0,0,0,0,0,1,0,0,0,0,0,0
25/11/02,3,Q2 12:00,Q2 01:15,Cheick Diallo,8,1,0,0,0,1,0,4,4,0,0,0,0
25/11/02,3,Q2 12:00,Q2 01:15,Tsao Xun-Xiang,0,1,3,2,0,0,1,0,0,0,0,0,0
25/11/02,3,Q2 12:00,Q2 01:15,Lin Sin-Kuan,4,1,0,0,0,0,0,1,3,0,1,2,2
25/11/02,3,Q2 12:00,Q2 01:15,Gao Jin-Wei,0,0,1,0,0,0,0,0,0,0,1,0,0
25/11/02,3,Q2 12:00,Q2 01:15,Malcolm Miller,4,2,0,1,0,0,0,2,3,0,0,0,2
25/11/02,3,Q2 12:00,Q2 01:15,Wang Hao-Chi,0,0,0,0,0,0,2,0,0,0,0,0,0
25/11/02,3,Q2 12:00,Q2 01:15,Chuang Po-Yuan,0,1,0,0,0,0,0,0,0,0,0,0,0
25/11/02,4,Q3 06:37,Q3 00:00(종료),Chris McCullough,4,1,2,1,1,0,0,2,4,0,0,0,0
25/11/02,4,Q3 06:37,Q3 00:00(종료),Gao Jin-Wei,2,0,0,1,0,0,1,1,1,0,0,0,0
25/11/02,4,Q3 06:37,Q3 00:00(종료),Cheick Diallo,2,0,0,0,0,0,1,1,2,0,0,0,0
25/11/02,4,Q3 06:37,Q3 00:00(종료),Wang Hao-Chi,0,0,0,0,0,0,1,0,0,0,1,0,0
25/11/02,4,Q3 06:37,Q3 00:00(종료),Lin Sin-Kuan,6,1,0,0,0,0,2,2,2,0,1,2,2
25/11/02,4,Q3 06:37,Q3 00:00(종료),Malcolm Miller,3,1,0,0,0,0,0,1,2,0,0,1,2
25/11/02,4,Q3 06:37,Q3 00:00(종료),Tsao Xun-Xiang,0,1,1,0,0,0,0,0,0,0,0,0,0
25/11/02,4,Q3 06:37,Q3 00:00(종료),Huang Jhen,0,0,0,0,0,0,0,0,0,0,0,0,0
25/11/02,4,Q3 06:37,Q3 00:00(종료),Hsu Hong-Wei,0,0,0,0,0,0,0,0,0,0,0,0,0
25/11/02,5,Q4 11:47,Q4 04:58,Chris McCullough,4,3,0,0,0,0,0,2,3,0,0,0,0
25/11/02,5,Q4 11:47,Q4 04:58,Malcolm Miller,6,1,0,0,0,1,0,3,3,0,0,0,0
25/11/02,5,Q4 11:47,Q4 04:58,Tsao Xun-Xiang,0,2,1,0,0,0,0,0,0,0,0,0,0
25/11/02,5,Q4 11:47,Q4 04:58,Hsu Hong-Wei,0,0,1,0,0,2,0,0,0,0,0,0,0
25/11/02,5,Q4 11:47,Q4 04:58,Huang Jhen,0,0,0,0,0,0,0,0,0,0,2,0,0
25/11/02,5,Q4 11:47,Q4 04:58,Cheick Diallo,2,0,0,0,0,0,0,0,0,0,0,2,2
25/11/02,5,Q4 11:47,Q4 04:58,Lin Sin-Kuan,0,0,0,0,0,0,0,0,0,0,0,0,0
25/11/02,5,Q4 11:47,Q4 04:58,Wang Jhe-Yu,0,0,0,0,0,0,0,0,0,0,0,0,0
25/11/09,1,Q1 05:29,Q1 00:00(종료),Malcolm Miller,2,0,0,0,0,0,0,1,1,0,0,0,0
25/11/09,1,Q1 05:29,Q1 00:00(종료),Chuang Po-Yuan,0,0,0,0,0,0,0,0,0,0,0,0,0
25/11/09,1,Q1 05:29,Q1 00:00(종료),Chris McCullough,3,3,0,0,0,0,0,1,3,0,0,1,2
25/11/09,1,Q1 05:29,Q1 00:00(종료),Lin Sin-Kuan,0,1,0,1,0,1,0,0,1,0,0,0,0
25/11/09,1,Q1 05:29,Q1 00:00(종료),Lasan Kromah,0,0,0,0,0,1,0,0,1,0,0,0,0
25/11/09,1,Q1 05:29,Q1 00:00(종료),Wang Hao-Chi,0,0,0,0,0,0,0,0,0,0,1,0,0
25/11/09,1,Q1 05:29,Q1 00:00(종료),Gao Jin-Wei,0,0,0,0,0,0,0,0,0,0,0,0,0
25/11/09,1,Q1 05:29,Q1 00:00(종료),Tung Yung-Chuan,0,1,0,0,0,1,1,0,1,0,1,0,0
25/11/09,1,Q1 05:29,Q1 00:00(종료),Tsao Xun-Xiang,0,0,1,0,0,0,0,0,0,0,0,0,0
25/11/09,1,Q1 05:29,Q1 00:00(종료),Hsu Hong-Wei,0,0,0,0,0,0,1,0,0,0,0,0,0
25/11/09,2,Q2 12:00,Q2 10:06,Lin Sin-Kuan,0,0,0,1,0,1,0,0,1,0,0,0,0
25/11/09,2,Q2 12:00,Q2 10:06,Hsu Hong-Wei,0,0,0,0,0,0,0,0,0,0,0,0,0
25/11/09,2,Q2 12:00,Q2 10:06,Chris McCullough,0,0,0,0,0,0,0,0,0,0,0,0,0
25/11/09,2,Q2 12:00,Q2 10:06,Malcolm Miller,0,0,0,0,0,0,1,0,0,0,0,0,0
25/11/09,2,Q2 12:00,Q2 10:06,Tsao Xun-Xiang,0,0,0,0,0,1,1,0,1,0,0,0,0
25/11/09,2,Q2 12:00,Q2 10:06,Gao Jin-Wei,0,0,0,0,0,0,0,0,0,0,0,0,0
25/11/09,2,Q2 12:00,Q2 10:06,Lasan Kromah,0,0,0,0,0,0,0,0,0,0,0,0,0
25/11/09,3,Q2 05:02,Q2 00:00(종료),Malcolm Miller,0,0,0,0,0,0,0,0,0,0,0,0,0
25/11/09,3,Q2 05:02,Q2 00:00(종료),Chris McCullough,2,2,0,0,1,1,0,1,2,0,0,0,0
25/11/09,3,Q2 05:02,Q2 00:00(종료),Lasan Kromah,1,1,1,0,0,1,0,0,1,0,0,1,1
25/11/09,3,Q2 05:02,Q2 00:00(종료),Gao Jin-Wei,0,0,0,0,0,1,0,0,0,0,1,0,0
25/11/09,3,Q2 05:02,Q2 00:00(종료),Chuang Po-Yuan,2,0,1,1,0,0,1,0,1,0,0,2,2
25/11/09,3,Q2 05:02,Q2 00:00(종료),Wang Hao-Chi,3,1,0,0,0,0,0,0,1,1,1,0,0
25/11/09,4,Q3 06:51,Q3 00:00(종료),Wang Hao-Chi,0,0,0,0,0,0,0,0,0,0,0,0,0
25/11/09,4,Q3 06:51,Q3 00:00(종료),Malcolm Miller,0,0,0,0,0,0,0,0,1,0,0,0,0
25/11/09,4,Q3 06:51,Q3 00:00(종료),Chris McCullough,6,2,2,1,2,0,0,1,1,0,0,3,4
25/11/09,4,Q3 06:51,Q3 00:00(종료),Lin Sin-Kuan,7,2,0,0,0,0,1,3,3,0,0,1,1
25/11/09,4,Q3 06:51,Q3 00:00(종료),Chuang Po-Yuan,2,0,0,0,0,0,0,0,0,0,1,2,2
25/11/09,4,Q3 06:51,Q3 00:00(종료),Lasan Kromah,0,0,1,0,0,1,2,0,0,0,0,0,0
25/11/09,4,Q3 06:51,Q3 00:00(종료),Tsao Xun-Xiang,0,0,1,0,0,1,1,0,2,0,0,0,0
25/11/09,4,Q3 06:51,Q3 00:00(종료),Gao Jin-Wei,0,0,0,0,0,1,0,0,0,0,1,0,0
25/11/09,5,Q4 12:00,Q4 00:00(종료),Tsao Xun-Xiang,3,0,1,1,0,2,0,0,1,1,1,0,0
25/11/09,5,Q4 12:00,Q4 00:00(종료),Gao Jin-Wei,3,0,1,1,0,0,0,0,2,1,2,0,0
25/11/09,5,Q4 12:00,Q4 00:00(종료),Chris McCullough,18,5,0,1,0,1,2,5,6,1,2,5,6
25/11/09,5,Q4 12:00,Q4 00:00(종료),Lin Sin-Kuan,0,2,2,0,0,0,1,0,3,0,0,0,0
25/11/09,5,Q4 12:00,Q4 00:00(종료),Malcolm Miller,1,3,0,1,0,0,1,0,1,0,1,1,2
25/11/09,5,Q4 12:00,Q4 00:00(종료),Chuang Po-Yuan,0,1,0,0,0,1,0,0,0,0,1,0,0
25/11/09,5,Q4 12:00,Q4 00:00(종료),Lasan Kromah,0,2,1,1,0,0,0,0,1,0,0,0,0
25/11/09,5,Q4 12:00,Q4 00:00(종료),Wang Hao-Chi,0,1,0,0,0,0,1,0,1,0,0,0,0
25/11/16,1,Q1 06:00,Q1 00:00(종료),Chris McCullough,2,2,0,1,0,1,1,1,2,0,1,0,0
25/11/16,1,Q1 06:00,Q1 00:00(종료),Gao Jin-Wei,2,0,0,0,0,0,0,0,0,0,0,2,2
25/11/16,1,Q1 06:00,Q1 00:00(종료),Lin Sin-Kuan,6,2,2,0,0,0,0,3,6,0,0,0,0
25/11/16,1,Q1 06:00,Q1 00:00(종료),Lasan Kromah,0,2,0,0,0,0,0,0,0,0,0,0,0
25/11/16,1,Q1 06:00,Q1 00:00(종료),Tsao Xun-Xiang,2,0,2,0,0,0,1,1,2,0,0,0,0
25/11/16,1,Q1 06:00,Q1 00:00(종료),Cheick Diallo,0,2,0,0,0,0,1,0,1,0,0,0,0
25/11/16,1,Q1 06:00,Q1 00:00(종료),Chuang Po-Yuan,0,0,0,0,0,0,0,0,0,0,0,0,0
25/11/16,1,Q1 06:00,Q1 00:00(종료),Hsu Hong-Wei,3,0,0,0,0,0,0,0,0,1,1,0,0
25/11/16,2,Q2 12:00,Q2 10:46,Cheick Diallo,0,2,0,0,0,0,0,0,1,0,0,0,0
25/11/16,2,Q2 12:00,Q2 10:46,Hsu Hong-Wei,0,0,0,0,0,0,0,0,0,0,0,0,0
25/11/16,2,Q2 12:00,Q2 10:46,Chris McCullough,1,1,0,0,0,0,1,0,1,0,0,1,2
25/11/16,2,Q2 12:00,Q2 10:46,Lin Sin-Kuan,0,0,0,0,0,0,0,0,0,0,0,0,0
25/11/16,2,Q2 12:00,Q2 10:46,Tsao Xun-Xiang,0,0,0,0,0,0,1,0,0,0,0,0,0
25/11/16,2,Q2 12:00,Q2 10:46,Chuang Po-Yuan,0,0,0,0,0,0,0,0,0,0,0,0,0
25/11/16,2,Q2 12:00,Q2 10:46,Lasan Kromah,0,0,0,0,0,0,0,0,0,0,0,0,0
25/11/16,3,Q2 08:37,Q2 06:52,Lasan Kromah,2,0,1,0,0,0,0,0,0,0,0,2,2
25/11/16,3,Q2 08:37,Q2 06:52,Cheick Diallo,0,0,0,0,0,0,0,0,0,0,0,0,0
25/11/16,3,Q2 08:37,Q2 06:52,Chris McCullough,4,1,0,0,0,0,1,2,3,0,0,0,0
25/11/16,3,Q2 08:37,Q2 06:52,Wang Hao-Chi,0,1,0,0,0,0,0,0,0,0,0,0,0
25/11/16,4,Q3 07:05,Q3 00:00(종료),Chris McCullough,2,3,0,0,1,3,0,1,2,0,0,0,0
25/11/16,4,Q3 07:05,Q3 00:00(종료),Chuang Po-Yuan,0,1,0,0,0,0,0,0,0,0,0,0,0
25/11/16,4,Q3 07:05,Q3 00:00(종료),Lin Sin-Kuan,4,2,0,0,0,1,0,1,1,0,0,2,3
25/11/16,4,Q3 07:05,Q3 00:00(종료),Lasan Kromah,0,2,1,0,0,1,1,0,0,0,0,0,0
25/11/16,4,Q3 07:05,Q3 00:00(종료),Gao Jin-Wei,0,0,0,0,0,0,0,0,0,0,0,0,0
25/11/16,4,Q3 07:05,Q3 00:00(종료),Tsao Xun-Xiang,0,1,1,0,0,1,0,0,0,0,0,0,0
25/11/16,4,Q3 07:05,Q3 00:00(종료),Tung Yung-Chuan,3,0,0,0,0,0,1,0,0,1,1,0,0
25/11/16,4,Q3 07:05,Q3 00:00(종료),Cheick Diallo,4,3,0,0,0,1,0,2,3,0,0,0,0
25/11/16,5,Q4 11:28,Q4 07:13,Chris McCullough,0,0,0,0,0,1,0,0,0,0,0,0,2
25/11/16,5,Q4 11:28,Q4 07:13,Tung Yung-Chuan,0,0,0,0,0,0,1,0,0,0,1,0,0
25/11/16,5,Q4 11:28,Q4 07:13,Cheick Diallo,0,4,0,0,0,1,0,0,1,0,0,0,0
25/11/16,5,Q4 11:28,Q4 07:13,Tsao Xun-Xiang,2,0,1,0,0,0,0,1,1,0,0,0,1
25/11/16,5,Q4 11:28,Q4 07:13,Lin Sin-Kuan,2,0,0,2,0,0,1,1,2,0,0,0,0
25/11/16,5,Q4 11:28,Q4 07:13,Lasan Kromah,0,0,0,0,0,0,0,0,0,0,0,0,0
25/11/19,1,Q1 05:23,Q1 00:00(종료),Lasan Kromah,0,0,0,0,0,0,1,0,0,0,0,0,0
25/11/19,1,Q1 05:23,Q1 00:00(종료),Malcolm Miller,0,0,0,0,0,0,0,0,0,0,1,0,0
25/11/19,1,Q1 05:23,Q1 00:00(종료),Chris McCullough,0,3,0,0,0,0,2,0,0,0,0,0,0
25/11/19,1,Q1 05:23,Q1 00:00(종료),Lin Sin-Kuan,2,0,0,0,0,1,0,1,2,0,0,0,0
25/11/19,1,Q1 05:23,Q1 00:00(종료),Gao Jin-Wei,0,0,1,0,0,1,0,0,1,0,0,0,0
25/11/19,1,Q1 05:23,Q1 00:00(종료),Wang Hao-Chi,3,0,0,0,0,0,0,0,0,1,2,0,0
25/11/19,1,Q1 05:23,Q1 00:00(종료),Hsu Hong-Wei,0,0,1,0,0,0,0,0,1,0,1,0,0
25/11/19,1,Q1 05:23,Q1 00:00(종료),Tsao Xun-Xiang,0,1,0,0,0,0,0,0,0,0,0,0,0
25/11/19,2,Q2 12:00,Q2 07:13,Hsu Hong-Wei,0,0,0,0,0,0,0,0,0,0,0,0,0
25/11/19,2,Q2 12:00,Q2 07:13,Chris McCullough,3,0,0,1,0,0,0,1,2,0,0,1,2
25/11/19,2,Q2 12:00,Q2 07:13,Lin Sin-Kuan,5,1,1,0,0,0,0,2,3,0,0,1,2
25/11/19,2,Q2 12:00,Q2 07:13,Malcolm Miller,5,0,0,0,0,0,0,1,1,1,2,0,0
25/11/19,2,Q2 12:00,Q2 07:13,Tsao Xun-Xiang,1,0,2,1,0,0,0,0,0,0,0,1,2
25/11/19,2,Q2 12:00,Q2 07:13,Gao Jin-Wei,0,1,1,0,0,0,0,0,0,0,0,0,0
25/11/19,2,Q2 12:00,Q2 07:13,Lasan Kromah,0,0,0,0,0,0,0,0,0,0,0,0,0
25/11/19,3,Q2 04:18,Q2 02:22,Malcolm Miller,0,0,0,0,0,0,0,0,0,0,0,0,0
25/11/19,3,Q2 04:18,Q2 02:22,Chris McCullough,0,0,0,0,0,0,1,0,1,0,0,0,0
25/11/19,3,Q2 04:18,Q2 02:22,Chuang Po-Yuan,0,1,0,0,0,1,0,0,0,0,1,0,0
25/11/19,3,Q2 04:18,Q2 02:22,Lasan Kromah,0,0,1,1,0,1,0,0,0,0,0,0,0
25/11/19,3,Q2 04:18,Q2 02:22,Gao Jin-Wei,2,2,1,0,0,0,0,1,1,0,0,0,0
25/11/19,3,Q2 04:18,Q2 02:22,Wang Hao-Chi,1,0,0,0,0,0,0,0,0,0,0,1,2
25/11/19,4,Q3 05:32,Q3 00:00(종료),Lasan Kromah,2,0,0,2,0,1,0,0,0,0,0,2,2
25/11/19,4,Q3 05:32,Q3 00:00(종료),Chris McCullough,0,4,0,0,0,1,1,0,0,0,0,0,0
25/11/19,4,Q3 05:32,Q3 00:00(종료),Malcolm Miller,0,1,1,0,0,0,0,0,1,0,0,0,2
25/11/19,4,Q3 05:32,Q3 00:00(종료),Gao Jin-Wei,5,0,0,1,0,0,0,1,2,1,2,0,0
25/11/19,4,Q3 05:32,Q3 00:00(종료),Chuang Po-Yuan,0,0,0,0,0,0,0,0,0,0,0,0,0
25/11/19,4,Q3 05:32,Q3 00:00(종료),Lin Sin-Kuan,2,0,0,1,0,1,0,0,0,0,0,2,2
25/11/19,4,Q3 05:32,Q3 00:00(종료),Tsao Xun-Xiang,3,0,1,0,0,0,0,1,1,0,2,1,2
25/11/19,5,Q4 12:00,Q4 10:24,Chris McCullough,0,0,0,0,0,1,0,0,0,0,0,0,0
25/11/19,5,Q4 12:00,Q4 10:24,Chuang Po-Yuan,0,0,0,0,0,0,0,0,0,0,0,0,0
25/11/19,5,Q4 12:00,Q4 10:24,Lin Sin-Kuan,0,0,0,0,0,0,1,0,0,0,1,0,0
25/11/19,5,Q4 12:00,Q4 10:24,Lasan Kromah,3,0,0,1,0,0,0,0,0,1,1,0,0
25/11/19,5,Q4 12:00,Q4 10:24,Tsao Xun-Xiang,0,0,1,0,0,0,0,0,0,0,0,0,0
25/11/19,5,Q4 12:00,Q4 10:24,Malcolm Miller,0,0,0,0,0,0,0,0,0,0,0,0,0
25/11/19,6,Q4 05:53,Q4 02:28,Malcolm Miller,0,0,0,0,0,0,0,0,0,0,0,0,0
25/11/19,6,Q4 05:53,Q4 02:28,Chris McCullough,3,2,0,0,0,0,0,0,1,0,0,2,4
25/11/19,6,Q4 05:53,Q4 02:28,Gao Jin-Wei,0,0,1,0,0,0,0,0,0,0,0,0,0
25/11/19,6,Q4 05:53,Q4 02:28,Hsu Hong-Wei,3,1,0,0,0,1,1,0,0,1,2,0,0
25/11/19,6,Q4 05:53,Q4 02:28,Lasan Kromah,0,0,0,0,0,0,1,0,0,0,0,0,2
25/11/19,6,Q4 05:53,Q4 02:28,Lin Sin-Kuan,0,0,0,0,0,0,0,0,0,0,0,0,0
25/11/19,6,Q4 05:53,Q4 02:28,Ting Kuang-Hao,0,0,0,0,0,0,0,0,0,0,0,0,0
25/11/19,6,Q4 05:53,Q4 02:28,Tung Yung-Chuan,0,0,0,0,0,0,0,0,0,0,0,0,0
25/11/19,6,Q4 05:53,Q4 02:28,Tsao Xun-Xiang,0,0,0,0,0,0,0,0,0,0,0,0,0
25/11/19,6,Q4 05:53,Q4 02:28,Liu Yuan-Kai,0,0,0,0,0,0,0,0,0,0,0,0,0
25/11/23,1,Q1 12:00,Q1 02:47,Gao Jin-Wei,4,2,0,0,0,0,0,0,0,1,1,1,1
25/11/23,1,Q1 12:00,Q1 02:47,Chuang Po-Yuan,0,0,0,0,0,0,0,0,0,0,2,0,0
25/11/23,1,Q1 12:00,Q1 02:47,Chris McCullough,4,2,3,0,2,0,2,2,4,0,0,0,0
25/11/23,1,Q1 12:00,Q1 02:47,Malcolm Miller,2,1,0,0,0,1,1,1,2,0,0,0,0
25/11/23,1,Q1 12:00,Q1 02:47,Lin Sin-Kuan,4,1,0,0,0,0,1,2,3,0,0,0,0
25/11/23,1,Q1 12:00,Q1 02:47,Tsao Xun-Xiang,2,0,1,0,0,0,0,0,1,1,2,0,0
25/11/23,1,Q1 12:00,Q1 02:47,Cheick Diallo,2,2,0,0,0,2,1,1,1,0,0,0,0
25/11/23,1,Q1 12:00,Q1 02:47,Tung Yung-Chuan,2,0,0,0,0,0,0,1,1,0,0,0,0
25/11/23,1,Q1 12:00,Q1 02:47,Hsu Hong-Wei,0,0,0,0,0,0,0,0,0,0,0,0,0
25/11/23,2,Q2 11:28,Q2 05:48,Malcolm Miller,2,0,0,0,0,0,0,0,0,0,0,2,2
25/11/23,2,Q2 11:28,Q2 05:48,Chris McCullough,0,2,1,0,0,1,0,0,3,0,0,0,0
25/11/23,2,Q2 11:28,Q2 05:48,Lin Sin-Kuan,8,0,1,1,0,0,1,1,1,2,3,0,0
25/11/23,2,Q2 11:28,Q2 05:48,Cheick Diallo,5,2,1,0,0,0,1,0,0,0,0,4,4
25/11/23,2,Q2 11:28,Q2 05:48,Tsao Xun-Xiang,0,1,1,0,0,0,0,0,0,0,0,0,0
25/11/23,2,Q2 11:28,Q2 05:48,Chuang Po-Yuan,0,1,0,0,0,0,2,0,0,0,0,0,0
25/11/23,2,Q2 11:28,Q2 05:48,Gao Jin-Wei,5,0,0,1,0,0,0,0,0,1,1,2,2
25/11/23,3,Q3 12:00,Q3 02:38,Malcolm Miller,0,2,0,0,0,0,0,0,1,0,1,0,0
25/11/23,3,Q3 12:00,Q3 02:38,Gao Jin-Wei,9,1,1,1,0,1,0,0,1,3,4,0,0
25/11/23,3,Q3 12:00,Q3 02:38,Chuang Po-Yuan,2,0,0,0,0,0,0,1,1,0,2,0,0
25/11/23,3,Q3 12:00,Q3 02:38,Lin Sin-Kuan,0,2,3,0,0,0,1,0,1,0,3,0,0
25/11/23,3,Q3 12:00,Q3 02:38,Cheick Diallo,1,2,0,0,0,1,0,0,1,0,0,1,2
25/11/23,3,Q3 12:00,Q3 02:38,Chris McCullough,4,5,1,0,1,1,0,2,3,0,0,0,0
25/11/23,3,Q3 12:00,Q3 02:38,Tsao Xun-Xiang,0,0,0,0,0,0,0,0,0,0,0,0,0
25/11/23,3,Q3 12:00,Q3 02:38,Tung Yung-Chuan,0,0,0,0,0,0,0,0,0,0,0,0,0
25/11/23,4,Q4 10:27,Q4 03:30,Malcolm Miller,2,1,0,1,0,1,1,0,0,0,0,2,2
25/11/23,4,Q4 10:27,Q4 03:30,Chris McCullough,0,4,0,1,1,0,1,0,4,0,0,0,4
25/11/23,4,Q4 10:27,Q4 03:30,Cheick Diallo,3,2,0,0,0,0,0,0,0,0,0,2,2
25/11/23,4,Q4 10:27,Q4 03:30,Tsao Xun-Xiang,3,2,1,0,0,0,0,0,2,1,1,0,0
25/11/23,4,Q4 10:27,Q4 03:30,Wang Hao-Chi,0,0,1,0,0,0,0,0,0,0,0,0,0
25/11/23,4,Q4 10:27,Q4 03:30,Lin Sin-Kuan,2,0,1,0,0,0,0,0,0,1,2,0,0
25/11/23,4,Q4 10:27,Q4 03:30,Chuang Po-Yuan,3,0,0,0,0,0,0,0,0,1,1,0,0
25/11/23,4,Q4 10:27,Q4 03:30,Gao Jin-Wei,0,0,1,0,0,0,0,0,1,0,1,0,0
25/12/07,1,Q1 07:23,Q1 00:00(종료),Wang Hao-Chi,0,0,0,0,0,0,0,0,0,0,0,0,0
25/12/07,1,Q1 07:23,Q1 00:00(종료),Lasan Kromah,3,0,0,0,0,0,0,0,0,0,0,3,4
25/12/07,1,Q1 07:23,Q1 00:00(종료),Chris McCullough,4,1,0,1,0,0,1,2,2,0,1,0,0
25/12/07,1,Q1 07:23,Q1 00:00(종료),Lin Sin-Kuan,3,0,0,0,0,0,0,0,0,1,1,0,0
25/12/07,1,Q1 07:23,Q1 00:00(종료),Gao Jin-Wei,0,0,1,0,0,0,0,0,1,0,0,0,0
25/12/07,1,Q1 07:23,Q1 00:00(종료),Chuang Po-Yuan,0,0,0,0,0,0,0,0,0,0,0,0,0
25/12/07,1,Q1 07:23,Q1 00:00(종료),Tsao Xun-Xiang,2,1,1,0,0,1,2,1,2,0,0,0,0
25/12/07,1,Q1 07:23,Q1 00:00(종료),Malcolm Miller,2,1,0,0,1,0,0,0,1,0,0,1,2
25/12/07,1,Q1 07:23,Q1 00:00(종료),Hsu Hong-Wei,2,0,0,0,0,0,1,0,1,0,0,2,2
25/12/07,1,Q1 07:23,Q1 00:00(종료),Tung Yung-Chuan,0,0,0,0,0,0,0,0,0,0,0,0,0
25/12/07,2,Q2 12:00,Q2 04:44,Chris McCullough,11,5,0,1,0,1,1,3,4,1,1,2,2
25/12/07,2,Q2 12:00,Q2 04:44,Hsu Hong-Wei,0,0,0,1,0,0,0,0,0,0,0,0,0
25/12/07,2,Q2 12:00,Q2 04:44,Lin Sin-Kuan,2,0,0,0,0,1,2,1,1,0,2,0,0
25/12/07,2,Q2 12:00,Q2 04:44,Lasan Kromah,2,3,2,0,0,1,0,1,3,0,0,0,0
25/12/07,2,Q2 12:00,Q2 04:44,Tung Yung-Chuan,0,1,0,1,0,0,1,0,0,0,0,0,0
25/12/07,2,Q2 12:00,Q2 04:44,Tsao Xun-Xiang,4,3,2,0,0,0,0,2,4,0,0,0,0
25/12/07,2,Q2 12:00,Q2 04:44,Gao Jin-Wei,0,0,0,0,0,0,0,0,0,0,1,0,0
25/12/07,2,Q2 12:00,Q2 04:44,Malcolm Miller,0,0,0,0,0,0,0,0,0,0,0,0,0
25/12/07,2,Q2 12:00,Q2 04:44,Chuang Po-Yuan,0,0,0,0,0,0,0,0,0,0,0,0,0
25/12/07,3,Q2 01:52,Q2 00:00(종료),Chuang Po-Yuan,0,0,0,0,0,0,2,0,0,0,0,0,0
25/12/07,3,Q2 01:52,Q2 00:00(종료),Lasan Kromah,0,0,0,0,0,0,0,0,0,0,0,0,0
25/12/07,3,Q2 01:52,Q2 00:00(종료),Chris McCullough,0,2,0,0,0,0,0,0,2,0,0,0,0
25/12/07,3,Q2 01:52,Q2 00:00(종료),Tung Yung-Chuan,0,0,0,0,0,0,0,0,0,0,0,0,0
25/12/07,3,Q2 01:52,Q2 00:00(종료),Lin Sin-Kuan,0,0,0,0,0,0,0,0,1,0,0,0,0
25/12/07,3,Q2 01:52,Q2 00:00(종료),Malcolm Miller,0,2,0,0,0,0,0,0,0,0,0,0,0
25/12/07,3,Q2 01:52,Q2 00:00(종료),Gao Jin-Wei,2,0,0,0,0,0,0,1,2,0,0,0,0
25/12/07,4,Q3 06:21,Q3 00:00(종료),Gao Jin-Wei,0,0,0,0,0,0,0,0,0,0,0,0,0
25/12/07,4,Q3 06:21,Q3 00:00(종료),Lasan Kromah,3,3,2,0,0,0,1,0,0,1,1,0,1
25/12/07,4,Q3 06:21,Q3 00:00(종료),Tsao Xun-Xiang,0,1,1,0,0,0,0,0,1,0,0,0,0
25/12/07,4,Q3 06:21,Q3 00:00(종료),Chris McCullough,0,2,1,0,1,0,0,0,1,0,0,0,0
25/12/07,4,Q3 06:21,Q3 00:00(종료),Lin Sin-Kuan,3,0,0,0,0,1,0,0,2,1,2,0,0
25/12/07,4,Q3 06:21,Q3 00:00(종료),Malcolm Miller,0,1,0,0,1,2,1,0,0,0,1,0,0
25/12/07,4,Q3 06:21,Q3 00:00(종료),Tung Yung-Chuan,6,1,0,0,0,0,1,0,0,2,2,0,0
25/12/07,5,Q4 12:00,Q4 08:46,Lasan Kromah,0,0,2,0,0,0,1,0,0,0,1,0,0
25/12/07,5,Q4 12:00,Q4 08:46,Lin Sin-Kuan,3,0,0,0,0,0,0,0,0,1,4,0,0
25/12/07,5,Q4 12:00,Q4 08:46,Gao Jin-Wei,3,1,0,0,0,0,0,0,0,1,1,0,0
25/12/07,5,Q4 12:00,Q4 08:46,Chris McCullough,0,1,0,0,0,0,0,0,0,0,1,0,0
25/12/07,5,Q4 12:00,Q4 08:46,Tsao Xun-Xiang,0,1,0,0,0,0,0,0,0,0,0,0,0
25/12/07,5,Q4 12:00,Q4 08:46,Wang Hao-Chi,0,0,0,0,0,0,0,0,0,0,0,0,0
25/12/07,5,Q4 12:00,Q4 08:46,Chuang Po-Yuan,0,0,0,0,0,0,0,0,0,0,0,0,0
25/12/07,5,Q4 12:00,Q4 08:46,Malcolm Miller,0,0,0,0,0,0,0,0,0,0,0,0,0
25/12/13,1,Q1 05:42,Q1 00:00(종료),Chris McCullough,0,2,0,0,0,0,1,0,2,0,1,0,0
25/12/13,1,Q1 05:42,Q1 00:00(종료),Lasan Kromah,3,3,0,0,0,1,0,1,3,0,0,1,1
25/12/13,1,Q1 05:42,Q1 00:00(종료),Chuang Po-Yuan,0,0,0,0,0,0,0,0,0,0,0,0,0
25/12/13,1,Q1 05:42,Q1 00:00(종료),Tung Yung-Chuan,0,0,0,0,0,0,1,0,1,0,0,0,0
25/12/13,1,Q1 05:42,Q1 00:00(종료),Gao Jin-Wei,5,0,0,0,0,0,0,1,1,1,1,0,0
25/12/13,1,Q1 05:42,Q1 00:00(종료),Lin Sin-Kuan,2,0,1,0,0,0,0,1,1,0,0,0,0
25/12/13,1,Q1 05:42,Q1 00:00(종료),Tsao Xun-Xiang,0,0,0,0,0,0,0,0,0,0,0,0,0
25/12/13,1,Q1 05:42,Q1 00:00(종료),Malcolm Miller,0,1,0,0,0,0,0,0,1,0,0,0,0
25/12/13,2,Q2 12:00,Q2 08:34,Chris McCullough,2,0,0,0,0,1,0,1,3,0,1,0,0
25/12/13,2,Q2 12:00,Q2 08:34,Lin Sin-Kuan,0,0,0,0,0,0,0,0,0,0,1,0,0
25/12/13,2,Q2 12:00,Q2 08:34,Malcolm Miller,2,1,1,1,0,0,1,1,1,0,1,0,0
25/12/13,2,Q2 12:00,Q2 08:34,Tung Yung-Chuan,0,0,0,0,0,0,0,0,0,0,0,0,0
25/12/13,2,Q2 12:00,Q2 08:34,Tsao Xun-Xiang,0,1,1,0,0,0,0,0,0,0,0,0,0
25/12/13,2,Q2 12:00,Q2 08:34,Gao Jin-Wei,0,1,0,0,0,0,0,0,0,0,0,0,0
25/12/13,3,Q2 05:38,Q2 00:00(종료),Malcolm Miller,0,1,0,0,0,0,0,0,1,0,0,0,0
25/12/13,3,Q2 05:38,Q2 00:00(종료),Chris McCullough,3,1,1,1,0,0,0,0,2,1,1,0,0
25/12/13,3,Q2 05:38,Q2 00:00(종료),Lasan Kromah,8,1,0,0,0,1,0,2,3,0,1,4,4
25/12/13,3,Q2 05:38,Q2 00:00(종료),Chuang Po-Yuan,0,0,0,0,0,0,1,0,0,0,0,0,0
25/12/13,3,Q2 05:38,Q2 00:00(종료),Lin Sin-Kuan,4,0,0,0,0,0,1,2,2,0,0,0,0
25/12/13,3,Q2 05:38,Q2 00:00(종료),Gao Jin-Wei,2,0,1,0,0,0,0,1,1,0,1,0,0
25/12/13,3,Q2 05:38,Q2 00:00(종료),Wang Hao-Chi,0,0,0,0,0,0,0,0,0,0,1,0,0
25/12/13,3,Q2 05:38,Q2 00:00(종료),Tung Yung-Chuan,0,0,0,1,0,0,0,0,0,0,1,0,0
25/12/13,3,Q2 05:38,Q2 00:00(종료),Tsao Xun-Xiang,0,0,0,0,0,0,0,0,0,0,0,0,0
25/12/13,4,Q3 05:54,Q3 00:00(종료),Lasan Kromah,8,3,1,0,0,0,0,1,1,2,2,0,0
25/12/13,4,Q3 05:54,Q3 00:00(종료),Gao Jin-Wei,0,0,0,0,0,1,0,0,0,0,0,0,0
25/12/13,4,Q3 05:54,Q3 00:00(종료),Malcolm Miller,0,1,0,0,0,0,0,0,0,0,1,0,0
25/12/13,4,Q3 05:54,Q3 00:00(종료),Lin Sin-Kuan,0,0,0,0,0,1,0,0,0,0,0,0,0
25/12/13,4,Q3 05:54,Q3 00:00(종료),Tung Yung-Chuan,3,1,0,0,0,0,1,0,0,1,1,0,0
25/12/13,4,Q3 05:54,Q3 00:00(종료),Chris McCullough,4,2,0,0,1,0,1,2,2,0,0,0,0
25/12/13,4,Q3 05:54,Q3 00:00(종료),Tsao Xun-Xiang,0,0,4,0,0,2,1,0,1,0,2,0,0
25/12/13,5,Q4 12:00,Q4 05:55,Malcolm Miller,2,0,0,0,0,0,1,1,2,0,1,0,0
25/12/13,5,Q4 12:00,Q4 05:55,Chris McCullough,0,1,0,0,0,0,0,0,1,0,1,0,0
25/12/13,5,Q4 12:00,Q4 05:55,Lin Sin-Kuan,0,0,0,0,0,2,0,0,0,0,1,0,0
25/12/13,5,Q4 12:00,Q4 05:55,Tung Yung-Chuan,0,1,0,0,0,0,2,0,0,0,0,0,0
25/12/13,5,Q4 12:00,Q4 05:55,Tsao Xun-Xiang,0,1,0,0,0,1,0,0,1,0,0,0,0
25/12/13,5,Q4 12:00,Q4 05:55,Gao Jin-Wei,0,2,1,0,0,0,0,0,0,0,0,0,0
25/12/13,5,Q4 12:00,Q4 05:55,Chuang Po-Yuan,0,1,0,0,0,0,0,0,0,0,2,0,0
25/12/13,5,Q4 12:00,Q4 05:55,Wang Hao-Chi,0,0,0,0,0,0,1,0,0,0,1,0,0
25/12/13,5,Q4 12:00,Q4 05:55,Lasan Kromah,0,0,0,0,0,0,0,0,1,0,1,0,0
25/12/20,1,Q1 12:00,Q1 06:22,Gao Jin-Wei,3,0,0,0,0,0,0,0,1,1,1,0,0
25/12/20,1,Q1 12:00,Q1 06:22,Lasan Kromah,5,2,2,1,0,1,0,1,3,0,0,2,2
25/12/20,1,Q1 12:00,Q1 06:22,Chuang Po-Yuan,0,0,0,0,0,0,0,0,0,0,0,0,0
25/12/20,1,Q1 12:00,Q1 06:22,Wang Hao-Chi,0,1,0,0,0,0,1,0,0,0,1,0,0
25/12/20,1,Q1 12:00,Q1 06:22,Chris McCullough,2,1,0,0,0,0,1,1,3,0,0,0,0
25/12/20,1,Q1 12:00,Q1 06:22,Tung Yung-Chuan,0,0,0,0,0,0,0,0,0,0,0,0,0
25/12/20,2,Q1 02:17,Q1 00:00(종료),Lin Sin-Kuan,1,0,0,0,0,0,0,0,0,0,1,1,2
25/12/20,2,Q1 02:17,Q1 00:00(종료),Gao Jin-Wei,0,0,0,0,0,0,0,0,0,0,0,0,0
25/12/20,2,Q1 02:17,Q1 00:00(종료),Lasan Kromah,0,0,0,0,0,0,0,0,0,0,0,0,0
25/12/20,2,Q1 02:17,Q1 00:00(종료),Chris McCullough,2,1,0,0,0,1,0,1,1,0,0,0,0
25/12/20,2,Q1 02:17,Q1 00:00(종료),Tsao Xun-Xiang,0,0,0,0,0,0,0,0,0,0,0,0,0
25/12/20,2,Q1 02:17,Q1 00:00(종료),Tung Yung-Chuan,2,0,0,0,0,0,1,0,0,0,0,2,2
25/12/20,2,Q1 02:17,Q1 00:00(종료),Hsu Hong-Wei,3,0,0,0,0,0,0,0,0,1,1,0,0
25/12/20,2,Q1 02:17,Q1 00:00(종료),Malcolm Miller,0,0,1,0,0,0,0,0,0,0,0,0,0
25/12/20,3,Q2 12:00,Q2 03:27,Malcolm Miller,2,0,1,0,1,0,0,1,2,0,0,0,0
25/12/20,3,Q2 12:00,Q2 03:27,Hsu Hong-Wei,0,0,1,0,0,1,1,0,1,0,0,0,0
25/12/20,3,Q2 12:00,Q2 03:27,Chris McCullough,4,6,0,0,1,1,0,2,2,0,0,0,0
25/12/20,3,Q2 12:00,Q2 03:27,Lin Sin-Kuan,5,1,1,0,0,1,0,1,2,1,1,0,0
25/12/20,3,Q2 12:00,Q2 03:27,Tsao Xun-Xiang,3,0,0,0,0,1,2,0,0,1,1,0,0
25/12/20,3,Q2 12:00,Q2 03:27,Gao Jin-Wei,0,1,0,1,0,0,0,0,0,0,1,0,0
25/12/20,3,Q2 12:00,Q2 03:27,Chuang Po-Yuan,3,1,1,0,1,0,1,0,1,1,1,0,0
25/12/20,3,Q2 12:00,Q2 03:27,Lasan Kromah,3,1,1,0,0,0,0,1,2,0,1,1,1
25/12/20,3,Q2 12:00,Q2 03:27,Tung Yung-Chuan,0,0,0,0,0,0,0,0,1,0,0,0,0
25/12/20,4,Q3 06:38,Q3 00:00(종료),Gao Jin-Wei,0,1,1,0,0,0,1,0,0,0,1,0,0
25/12/20,4,Q3 06:38,Q3 00:00(종료),Chuang Po-Yuan,0,0,0,0,0,0,0,0,0,0,0,0,0
25/12/20,4,Q3 06:38,Q3 00:00(종료),Malcolm Miller,2,0,0,0,0,0,0,1,1,0,0,0,0
25/12/20,4,Q3 06:38,Q3 00:00(종료),Chris McCullough,4,2,0,0,0,0,0,1,4,0,0,2,2
25/12/20,4,Q3 06:38,Q3 00:00(종료),Lin Sin-Kuan,0,1,1,0,0,0,2,0,1,0,0,0,0
25/12/20,4,Q3 06:38,Q3 00:00(종료),Lasan Kromah,0,0,0,0,0,1,0,0,2,0,0,0,0
25/12/20,4,Q3 06:38,Q3 00:00(종료),Tsao Xun-Xiang,2,0,1,0,0,0,0,1,2,0,1,0,0
25/12/20,4,Q3 06:38,Q3 00:00(종료),Wang Hao-Chi,3,1,0,0,0,0,0,0,0,1,1,0,0
25/12/20,5,Q4 12:00,Q4 09:07,Malcolm Miller,2,0,1,0,0,1,0,1,1,0,0,0,0
25/12/20,5,Q4 12:00,Q4 09:07,Chris McCullough,0,2,0,0,0,0,0,0,0,0,0,0,0
25/12/20,5,Q4 12:00,Q4 09:07,Lin Sin-Kuan,0,0,0,0,0,0,0,0,1,0,0,0,0
25/12/20,5,Q4 12:00,Q4 09:07,Wang Hao-Chi,6,0,0,0,0,0,0,0,0,2,2,0,0
25/12/20,5,Q4 12:00,Q4 09:07,Tsao Xun-Xiang,0,1,1,0,0,1,1,0,1,0,0,0,0
25/12/20,5,Q4 12:00,Q4 09:07,Gao Jin-Wei,0,0,0,0,0,0,0,0,0,0,0,0,0
25/12/24,1,Q1 05:59,Q1 00:00(종료),Chris McCullough,4,1,0,1,1,0,0,0,2,0,0,3,4
25/12/24,1,Q1 05:59,Q1 00:00(종료),Gao Jin-Wei,0,0,0,1,0,0,0,0,0,0,1,0,0
25/12/24,1,Q1 05:59,Q1 00:00(종료),Chuang Po-Yuan,0,0,0,0,0,0,1,0,0,0,0,0,0
25/12/24,1,Q1 05:59,Q1 00:00(종료),Tsao Xun-Xiang,2,0,1,0,0,0,0,1,3,0,2,0,0
25/12/24,1,Q1 05:59,Q1 00:00(종료),Cheick Diallo,2,2,0,0,1,0,0,1,1,0,0,0,0
25/12/24,1,Q1 05:59,Q1 00:00(종료),Lin Sin-Kuan,0,0,0,0,0,0,0,0,0,0,0,0,0
25/12/24,1,Q1 05:59,Q1 00:00(종료),Wang Hao-Chi,0,1,0,0,0,0,0,0,0,0,1,0,0
25/12/24,1,Q1 05:59,Q1 00:00(종료),Tung Yung-Chuan,2,1,0,0,0,0,2,1,1,0,1,0,0
25/12/24,1,Q1 05:59,Q1 00:00(종료),Malcolm Miller,0,0,0,0,0,0,0,0,0,0,0,0,0
25/12/24,2,Q2 12:00,Q2 01:59,Tsao Xun-Xiang,2,0,2,1,0,1,1,1,1,0,0,0,0
25/12/24,2,Q2 12:00,Q2 01:59,Chris McCullough,10,4,0,0,0,0,1,3,3,0,1,3,4
25/12/24,2,Q2 12:00,Q2 01:59,Malcolm Miller,0,0,0,0,0,0,1,0,0,0,0,0,0
25/12/24,2,Q2 12:00,Q2 01:59,Wang Hao-Chi,0,1,0,0,0,0,1,0,0,0,2,0,0
25/12/24,2,Q2 12:00,Q2 01:59,Tung Yung-Chuan,0,1,0,0,0,0,1,0,0,0,0,0,0
25/12/24,2,Q2 12:00,Q2 01:59,Cheick Diallo,4,4,1,1,1,2,0,1,2,0,0,2,2
25/12/24,2,Q2 12:00,Q2 01:59,Lin Sin-Kuan,0,0,0,0,0,1,1,0,1,0,0,0,0
25/12/24,2,Q2 12:00,Q2 01:59,Chuang Po-Yuan,3,1,0,0,0,0,0,0,0,1,2,0,0
25/12/24,2,Q2 12:00,Q2 01:59,Gao Jin-Wei,0,0,2,0,0,0,0,0,2,0,2,0,0
25/12/24,3,Q2 01:04,Q2 00:00(종료),Cheick Diallo,0,1,0,0,0,1,0,0,1,0,0,0,0
25/12/24,3,Q2 01:04,Q2 00:00(종료),Wang Hao-Chi,0,0,0,0,0,0,0,0,0,0,0,0,0
25/12/24,3,Q2 01:04,Q2 00:00(종료),Chris McCullough,0,0,0,0,0,0,0,0,0,0,0,0,0
25/12/24,3,Q2 01:04,Q2 00:00(종료),Gao Jin-Wei,0,0,0,0,0,0,0,0,0,0,0,0,0
25/12/24,3,Q2 01:04,Q2 00:00(종료),Chuang Po-Yuan,0,1,0,0,0,0,0,0,0,0,0,0,0
25/12/24,3,Q2 01:04,Q2 00:00(종료),Lin Sin-Kuan,0,0,0,0,0,1,1,0,1,0,0,0,0
25/12/24,3,Q2 01:04,Q2 00:00(종료),Tsao Xun-Xiang,0,0,0,0,0,0,0,0,0,0,0,0,0
25/12/24,3,Q2 01:04,Q2 00:00(종료),Malcolm Miller,0,0,0,0,0,0,0,0,0,0,0,0,0
25/12/24,4,Q3 06:43,Q3 00:00(종료),Chris McCullough,0,1,0,2,0,1,1,0,3,0,0,0,0
25/12/24,4,Q3 06:43,Q3 00:00(종료),Gao Jin-Wei,0,0,0,0,0,1,0,0,0,0,1,0,0
25/12/24,4,Q3 06:43,Q3 00:00(종료),Tsao Xun-Xiang,5,0,0,0,0,1,0,2,2,0,2,1,2
25/12/24,4,Q3 06:43,Q3 00:00(종료),Chuang Po-Yuan,0,1,0,0,0,0,1,0,0,0,0,0,0
25/12/24,4,Q3 06:43,Q3 00:00(종료),Malcolm Miller,4,4,0,0,0,0,0,2,2,0,0,0,0
25/12/24,4,Q3 06:43,Q3 00:00(종료),Tung Yung-Chuan,0,0,0,0,1,0,1,0,0,0,0,0,0
25/12/24,5,Q4 12:00,Q4 06:34,Malcolm Miller,6,5,2,0,1,1,0,2,3,0,1,2,4
25/12/24,5,Q4 12:00,Q4 06:34,Gao Jin-Wei,3,0,0,0,0,0,0,0,1,1,2,0,0
25/12/24,5,Q4 12:00,Q4 06:34,Chris McCullough,2,2,0,0,0,0,0,1,3,0,0,0,0
25/12/24,5,Q4 12:00,Q4 06:34,Chuang Po-Yuan,0,2,1,1,0,1,0,0,0,0,1,0,0
25/12/24,5,Q4 12:00,Q4 06:34,Tung Yung-Chuan,0,0,0,0,0,0,1,0,0,0,1,0,0
25/12/24,5,Q4 12:00,Q4 06:34,Lin Sin-Kuan,0,0,0,0,0,0,0,0,0,0,0,0,0
25/12/24,6,Q4 05:11,Q4 00:00(종료),Chris McCullough,0,2,0,0,0,2,0,0,0,0,0,0,0
25/12/24,6,Q4 05:11,Q4 00:00(종료),Lin Sin-Kuan,3,0,0,0,0,1,1,0,0,1,2,0,0
25/12/24,6,Q4 05:11,Q4 00:00(종료),Gao Jin-Wei,0,0,2,0,0,1,0,0,1,0,1,0,0
25/12/24,6,Q4 05:11,Q4 00:00(종료),Chuang Po-Yuan,0,0,0,1,0,0,2,0,1,0,1,0,0
25/12/24,6,Q4 05:11,Q4 00:00(종료),Cheick Diallo,0,1,0,0,0,0,0,0,0,0,0,0,0
25/12/24,6,Q4 05:11,Q4 00:00(종료),Malcolm Miller,4,2,0,0,0,0,0,2,2,0,0,0,0
25/12/24,6,Q4 05:11,Q4 00:00(종료),Wang Jhe-Yu,0,0,0,0,0,0,0,0,0,0,0,0,0
26/01/09,1,Q1 04:55,Q1 00:00(종료),Chuang Po-Yuan,0,0,0,0,0,0,0,0,0,0,0,0,0
26/01/09,1,Q1 04:55,Q1 00:00(종료),Wang Hao-Chi,0,0,0,0,0,0,0,0,0,0,0,0,0
26/01/09,1,Q1 04:55,Q1 00:00(종료),Cheick Diallo,2,0,0,0,0,1,0,1,1,0,0,0,0
26/01/09,1,Q1 04:55,Q1 00:00(종료),Lin Sin-Kuan,0,0,0,0,0,0,1,0,1,0,0,0,0
26/01/09,1,Q1 04:55,Q1 00:00(종료),Chris McCullough,5,1,0,0,0,0,0,2,2,0,0,0,0
26/01/09,1,Q1 04:55,Q1 00:00(종료),Tsao Xun-Xiang,1,0,0,0,0,0,1,0,0,0,0,1,2
26/01/09,1,Q1 04:55,Q1 00:00(종료),Lasan Kromah,0,0,0,0,0,0,0,0,2,0,0,0,0
26/01/09,1,Q1 04:55,Q1 00:00(종료),Gao Jin-Wei,0,1,0,0,0,0,0,0,0,0,0,0,0
26/01/09,1,Q1 04:55,Q1 00:00(종료),Hsu Hong-Wei,0,0,1,1,0,0,0,0,0,0,0,0,0
26/01/09,2,Q2 12:00,Q2 05:46,Hsu Hong-Wei,2,0,0,0,0,0,0,1,1,0,0,0,0
26/01/09,2,Q2 12:00,Q2 05:46,Chris McCullough,2,0,1,0,0,1,0,0,1,1,2,0,0
26/01/09,2,Q2 12:00,Q2 05:46,Lin Sin-Kuan,0,0,2,0,0,0,0,0,2,0,0,0,0
26/01/09,2,Q2 12:00,Q2 05:46,Cheick Diallo,4,1,0,0,0,0,1,2,2,0,0,0,0
26/01/09,2,Q2 12:00,Q2 05:46,Tsao Xun-Xiang,0,0,0,0,0,0,0,0,0,0,0,0,0
26/01/09,2,Q2 12:00,Q2 05:46,Liu Yuan-Kai,0,0,0,0,0,0,0,0,0,0,0,0,0
26/01/09,2,Q2 12:00,Q2 05:46,Wang Hao-Chi,0,1,0,0,0,0,0,0,0,0,1,0,0
26/01/09,2,Q2 12:00,Q2 05:46,Lasan Kromah,0,1,0,0,0,1,1,0,0,0,0,0,0
26/01/09,2,Q2 12:00,Q2 05:46,Gao Jin-Wei,2,0,0,0,0,0,1,1,1,0,0,0,0
26/01/09,2,Q2 12:00,Q2 05:46,Chuang Po-Yuan,0,0,0,0,0,0,0,0,0,0,0,0,0
26/01/09,3,Q2 02:16,Q2 00:00(종료),Cheick Diallo,0,0,0,0,0,0,0,0,0,0,0,0,0
26/01/09,3,Q2 02:16,Q2 00:00(종료),Chris McCullough,4,0,0,0,1,0,0,2,2,0,0,0,0
26/01/09,3,Q2 02:16,Q2 00:00(종료),Gao Jin-Wei,0,1,0,1,0,0,0,0,0,0,0,0,0
26/01/09,3,Q2 02:16,Q2 00:00(종료),Lasan Kromah,2,0,1,0,0,1,1,1,1,0,0,0,0
26/01/09,3,Q2 02:16,Q2 00:00(종료),Tsao Xun-Xiang,0,1,1,0,0,0,1,0,0,0,0,0,0
26/01/09,3,Q2 02:16,Q2 00:00(종료),Chuang Po-Yuan,0,0,0,0,0,0,0,0,0,0,0,0,0
26/01/09,3,Q2 02:16,Q2 00:00(종료),Wang Hao-Chi,0,0,0,0,0,0,0,0,0,0,0,0,0
26/01/09,4,Q3 04:38,Q3 00:00(종료),Gao Jin-Wei,0,0,0,0,0,0,0,0,0,0,0,0,0
26/01/09,4,Q3 04:38,Q3 00:00(종료),Chuang Po-Yuan,0,0,0,0,0,0,0,0,0,0,0,0,0
26/01/09,4,Q3 04:38,Q3 00:00(종료),Cheick Diallo,0,1,0,0,0,1,2,0,2,0,0,0,2
26/01/09,4,Q3 04:38,Q3 00:00(종료),Chris McCullough,1,3,0,0,0,0,0,0,0,0,1,1,2
26/01/09,4,Q3 04:38,Q3 00:00(종료),Lin Sin-Kuan,2,1,0,0,0,0,0,0,0,0,1,2,4
26/01/09,4,Q3 04:38,Q3 00:00(종료),Tsao Xun-Xiang,2,0,0,0,0,0,0,0,0,0,0,2,2
26/01/09,4,Q3 04:38,Q3 00:00(종료),Lasan Kromah,1,0,1,0,0,0,0,0,1,0,0,1,1
26/01/09,4,Q3 04:38,Q3 00:00(종료),Wang Hao-Chi,0,0,0,0,0,0,0,0,0,0,0,0,0
26/01/09,4,Q3 04:38,Q3 00:00(종료),Hsu Hong-Wei,0,0,0,0,0,0,0,0,0,0,0,0,0
26/01/09,4,Q3 04:38,Q3 00:00(종료),Wang Jhe-Yu,0,0,0,0,0,0,0,0,1,0,0,0,0
26/01/09,5,Q4 12:00,Q4 04:55,Chris McCullough,6,3,0,0,0,0,1,3,3,0,2,0,0
26/01/09,5,Q4 12:00,Q4 04:55,Wang Jhe-Yu,2,0,0,0,0,0,1,1,1,0,1,0,0
26/01/09,5,Q4 12:00,Q4 04:55,Lin Sin-Kuan,4,0,0,0,0,0,1,2,3,0,0,0,0
26/01/09,5,Q4 12:00,Q4 04:55,Cheick Diallo,2,1,0,1,0,1,0,1,1,0,0,0,0
26/01/09,5,Q4 12:00,Q4 04:55,Tsao Xun-Xiang,2,1,5,1,0,0,1,1,2,0,0,0,0
26/01/09,5,Q4 12:00,Q4 04:55,Lasan Kromah,3,1,1,0,0,0,0,1,2,0,0,1,2
26/01/09,5,Q4 12:00,Q4 04:55,Chuang Po-Yuan,0,1,0,0,0,0,1,0,0,0,0,0,0
26/01/09,5,Q4 12:00,Q4 04:55,Gao Jin-Wei,0,0,0,0,0,0,0,0,2,0,0,0,0
26/01/09,6,Q4 03:51,Q4 03:07,Cheick Diallo,0,0,0,0,0,0,1,0,0,0,0,0,0
26/01/09,6,Q4 03:51,Q4 03:07,Chris McCullough,2,0,0,0,0,0,1,0,0,0,0,2,2
26/01/09,6,Q4 03:51,Q4 03:07,Lasan Kromah,0,1,0,0,0,0,1,0,1,0,0,0,0
26/01/09,6,Q4 03:51,Q4 03:07,Gao Jin-Wei,2,1,0,0,0,0,0,1,1,0,0,0,0
26/01/09,6,Q4 03:51,Q4 03:07,Wang Jhe-Yu,0,1,0,0,0,0,0,0,0,0,0,0,0
26/01/09,6,Q4 03:51,Q4 03:07,Liu Yuan-Kai,0,0,0,0,0,0,0,0,0,0,0,0,0
26/01/11,1,Q1 06:21,Q1 00:00(종료),Lasan Kromah,0,0,1,0,0,0,0,0,2,0,0,0,0
26/01/11,1,Q1 06:21,Q1 00:00(종료),Wang Hao-Chi,0,0,0,0,0,0,1,0,0,0,0,0,0
26/01/11,1,Q1 06:21,Q1 00:00(종료),Cheick Diallo,4,3,0,0,0,0,0,2,6,0,0,0,0
26/01/11,1,Q1 06:21,Q1 00:00(종료),Chris McCullough,4,1,0,2,0,0,0,1,3,0,0,2,2
26/01/11,1,Q1 06:21,Q1 00:00(종료),Lin Sin-Kuan,4,0,0,0,0,0,0,2,2,0,2,0,0
26/01/11,1,Q1 06:21,Q1 00:00(종료),Gao Jin-Wei,0,0,0,0,0,0,0,0,1,0,0,0,0
26/01/11,1,Q1 06:21,Q1 00:00(종료),Tsao Xun-Xiang,0,1,1,1,0,1,0,0,1,0,0,0,0
26/01/11,1,Q1 06:21,Q1 00:00(종료),Chuang Po-Yuan,0,0,0,0,0,0,0,0,0,0,0,0,0
26/01/11,1,Q1 06:21,Q1 00:00(종료),Hsu Hong-Wei,0,0,0,0,0,0,0,0,0,0,0,0,0
26/01/11,2,Q2 11:50,Q2 07:07,Chris McCullough,4,2,0,0,0,0,0,1,1,0,1,2,2
26/01/11,2,Q2 11:50,Q2 07:07,Tsao Xun-Xiang,2,1,1,0,0,0,1,1,1,0,0,0,0
26/01/11,2,Q2 11:50,Q2 07:07,Gao Jin-Wei,3,0,2,1,0,0,0,1,1,0,0,1,1
26/01/11,2,Q2 11:50,Q2 07:07,Cheick Diallo,0,0,0,0,0,0,0,0,0,0,0,0,0
26/01/11,2,Q2 11:50,Q2 07:07,Lasan Kromah,2,0,0,0,1,1,0,1,2,0,0,0,0
26/01/11,2,Q2 11:50,Q2 07:07,Lin Sin-Kuan,3,0,1,1,0,0,2,0,0,1,1,0,0
26/01/11,2,Q2 11:50,Q2 07:07,Chuang Po-Yuan,0,0,0,0,0,0,0,0,0,0,1,0,0
26/01/11,3,Q2 01:25,Q2 00:00(종료),Cheick Diallo,0,0,0,0,0,0,0,0,0,0,0,0,0
26/01/11,3,Q2 01:25,Q2 00:00(종료),Chris McCullough,2,1,0,0,0,0,1,1,1,0,0,0,0
26/01/11,3,Q2 01:25,Q2 00:00(종료),Chuang Po-Yuan,2,0,0,2,0,0,0,0,0,0,0,2,2
26/01/11,3,Q2 01:25,Q2 00:00(종료),Lin Sin-Kuan,0,0,1,0,0,0,0,0,0,0,0,0,0
26/01/11,3,Q2 01:25,Q2 00:00(종료),Lasan Kromah,4,0,0,0,0,0,0,2,3,0,0,0,0
26/01/11,3,Q2 01:25,Q2 00:00(종료),Gao Jin-Wei,0,0,0,0,0,0,0,0,0,0,0,0,0
26/01/11,4,Q3 05:51,Q3 00:00(종료),Lasan Kromah,2,0,2,0,0,0,1,0,3,0,0,2,4
26/01/11,4,Q3 05:51,Q3 00:00(종료),Cheick Diallo,0,1,0,1,0,0,0,0,1,0,0,0,0
26/01/11,4,Q3 05:51,Q3 00:00(종료),Chuang Po-Yuan,0,0,0,0,0,0,1,0,0,0,0,0,0
26/01/11,4,Q3 05:51,Q3 00:00(종료),Chris McCullough,0,3,0,0,0,0,0,0,2,0,0,0,0
26/01/11,4,Q3 05:51,Q3 00:00(종료),Tsao Xun-Xiang,0,1,1,1,0,1,0,0,0,0,1,0,0
26/01/11,4,Q3 05:51,Q3 00:00(종료),Lin Sin-Kuan,2,2,1,0,0,1,0,1,1,0,0,0,0
26/01/11,4,Q3 05:51,Q3 00:00(종료),Gao Jin-Wei,3,0,0,0,0,0,0,0,1,1,1,0,0
26/01/11,5,Q4 06:57,Q4 00:00(종료),Cheick Diallo,2,0,0,0,0,0,1,1,1,0,0,0,0
26/01/11,5,Q4 06:57,Q4 00:00(종료),Chris McCullough,2,3,1,0,0,0,1,1,2,0,0,0,0
26/01/11,5,Q4 06:57,Q4 00:00(종료),Gao Jin-Wei,0,2,4,0,0,0,1,0,0,0,3,0,0
26/01/11,5,Q4 06:57,Q4 00:00(종료),Wang Hao-Chi,3,0,0,0,0,0,0,0,0,1,1,0,0
26/01/11,5,Q4 06:57,Q4 00:00(종료),Lin Sin-Kuan,5,0,0,2,0,0,1,2,3,0,2,1,2
26/01/11,5,Q4 06:57,Q4 00:00(종료),Lasan Kromah,11,2,0,1,0,1,0,4,4,1,2,0,1
26/01/11,5,Q4 06:57,Q4 00:00(종료),Chuang Po-Yuan,0,0,0,0,0,0,2,0,0,0,1,0,0
26/01/18,1,Q1 05:07,Q1 00:00(종료),Chuang Po-Yuan,1,0,0,0,0,0,1,0,0,0,0,1,1
26/01/18,1,Q1 05:07,Q1 00:00(종료),Malcolm Miller,0,0,0,0,0,0,0,0,0,0,1,0,0
26/01/18,1,Q1 05:07,Q1 00:00(종료),Chris McCullough,2,2,1,0,0,0,1,1,4,0,0,0,0
26/01/18,1,Q1 05:07,Q1 00:00(종료),Gao Jin-Wei,2,0,1,0,0,0,1,0,2,0,0,2,2
26/01/18,1,Q1 05:07,Q1 00:00(종료),Tsao Xun-Xiang,0,1,0,1,0,1,0,0,0,0,0,0,0
26/01/18,1,Q1 05:07,Q1 00:00(종료),Lasan Kromah,2,2,0,0,0,0,0,1,2,0,0,0,0
26/01/18,1,Q1 05:07,Q1 00:00(종료),Hsu Hong-Wei,0,0,0,0,0,0,0,0,0,0,0,0,0
26/01/18,1,Q1 05:07,Q1 00:00(종료),Lin Sin-Kuan,0,1,0,0,0,0,0,0,0,0,1,0,0
26/01/18,2,Q2 11:47,Q2 08:44,Chris McCullough,1,1,0,0,0,0,2,0,3,0,0,1,2
26/01/18,2,Q2 11:47,Q2 08:44,Tsao Xun-Xiang,2,1,1,0,0,0,0,0,1,0,0,1,2
26/01/18,2,Q2 11:47,Q2 08:44,Lin Sin-Kuan,3,1,0,0,0,0,0,0,0,1,1,0,0
26/01/18,2,Q2 11:47,Q2 08:44,Hsu Hong-Wei,0,0,0,0,0,0,0,0,0,0,0,0,0
26/01/18,2,Q2 11:47,Q2 08:44,Wang Hao-Chi,0,0,0,0,0,0,0,0,0,0,0,0,0
26/01/18,2,Q2 11:47,Q2 08:44,Malcolm Miller,0,0,1,0,0,0,0,0,0,0,0,0,0
26/01/18,3,Q3 02:30,Q3 00:00(종료),Malcolm Miller,2,1,0,0,0,0,0,1,1,0,0,0,0
26/01/18,3,Q3 02:30,Q3 00:00(종료),Gao Jin-Wei,0,0,0,0,0,0,0,0,0,0,0,0,0
26/01/18,3,Q3 02:30,Q3 00:00(종료),Chris McCullough,3,2,0,0,0,0,0,1,2,0,0,1,2
26/01/18,3,Q3 02:30,Q3 00:00(종료),Tsao Xun-Xiang,0,0,1,0,0,1,0,0,0,0,0,0,0
26/01/18,3,Q3 02:30,Q3 00:00(종료),Lasan Kromah,0,2,0,1,0,0,1,0,0,0,1,0,0
26/01/18,3,Q3 02:30,Q3 00:00(종료),Lin Sin-Kuan,0,0,0,0,0,0,0,0,1,0,1,0,0
26/01/18,3,Q3 02:30,Q3 00:00(종료),Chuang Po-Yuan,0,0,0,0,0,0,2,0,0,0,0,0,0
26/01/18,4,Q4 12:00,Q4 06:17,Lasan Kromah,1,0,0,1,0,0,1,0,1,0,1,1,1
26/01/18,4,Q4 12:00,Q4 06:17,Gao Jin-Wei,3,1,1,0,0,0,0,0,1,1,2,0,0
26/01/18,4,Q4 12:00,Q4 06:17,Chris McCullough,8,3,0,0,0,0,0,1,1,2,2,0,0
26/01/18,4,Q4 12:00,Q4 06:17,Lin Sin-Kuan,0,1,0,0,0,0,0,0,0,0,0,0,0
26/01/18,4,Q4 12:00,Q4 06:17,Tsao Xun-Xiang,2,1,1,0,0,1,0,1,1,0,1,0,0
26/01/18,4,Q4 12:00,Q4 06:17,Malcolm Miller,2,1,2,0,0,0,1,1,1,0,0,0,0
26/01/18,4,Q4 12:00,Q4 06:17,Chuang Po-Yuan,0,0,1,0,0,0,0,0,0,0,0,0,0
26/02/01,1,Q1 12:00,Q1 05:14,Gao Jin-Wei,0,1,0,0,0,0,0,0,1,0,1,0,0
26/02/01,1,Q1 12:00,Q1 05:14,Lin Sin-Kuan,0,0,0,0,0,0,1,0,0,0,2,0,0
26/02/01,1,Q1 12:00,Q1 05:14,Chuang Po-Yuan,0,0,0,0,0,0,0,0,0,0,1,0,0
26/02/01,1,Q1 12:00,Q1 05:14,Chris McCullough,0,1,0,0,0,0,0,0,0,0,0,0,0
26/02/01,1,Q1 12:00,Q1 05:14,Lasan Kromah,5,2,0,0,0,0,1,1,4,1,2,0,0
26/02/01,1,Q1 12:00,Q1 05:14,Malcolm Miller,0,0,0,0,0,0,0,0,0,0,0,0,0
26/02/01,1,Q1 12:00,Q1 05:14,Wang Hao-Chi,0,0,0,0,0,0,0,0,0,0,0,0,0
26/02/01,2,Q1 02:44,Q1 00:00(종료),Chris McCullough,5,1,0,0,0,0,0,1,2,1,1,0,0
26/02/01,2,Q1 02:44,Q1 00:00(종료),Gao Jin-Wei,0,0,1,0,0,0,0,0,1,0,0,0,0
26/02/01,2,Q1 02:44,Q1 00:00(종료),Lin Sin-Kuan,0,1,0,0,0,0,0,0,0,0,0,0,0
26/02/01,2,Q1 02:44,Q1 00:00(종료),Wang Hao-Chi,1,1,0,0,0,0,1,0,0,1,1,0,0
26/02/01,2,Q1 02:44,Q1 00:00(종료),Chuang Po-Yuan,0,0,0,0,0,0,0,0,0,0,0,0,0
26/02/01,2,Q1 02:44,Q1 00:00(종료),Lasan Kromah,0,0,0,0,0,0,0,0,0,0,0,0,0
26/02/01,2,Q1 02:44,Q1 00:00(종료),Tsao Xun-Xiang,0,0,2,0,0,0,0,0,0,0,0,0,0
26/02/01,2,Q1 02:44,Q1 00:00(종료),Malcolm Miller,3,0,0,0,0,0,0,0,1,1,1,0,0
26/02/01,2,Q1 02:44,Q1 00:00(종료),Wang Jhe-Yu,0,0,1,1,0,0,1,0,0,0,1,0,0
26/02/01,3,Q2 12:00,Q2 02:07,Chris McCullough,17,5,0,1,1,0,1,7,9,1,3,0,0
26/02/01,3,Q2 12:00,Q2 02:07,Gao Jin-Wei,3,0,2,0,0,0,0,1,2,0,0,1,1
26/02/01,3,Q2 12:00,Q2 02:07,Lin Sin-Kuan,0,3,1,0,0,0,0,0,0,0,1,0,0
26/02/01,3,Q2 12:00,Q2 02:07,Wang Jhe-Yu,2,3,0,0,0,0,1,1,1,0,0,0,0
26/02/01,3,Q2 12:00,Q2 02:07,Malcolm Miller,4,1,0,0,0,0,1,1,2,0,1,2,2
26/02/01,3,Q2 12:00,Q2 02:07,Wang Hao-Chi,0,0,0,1,0,0,0,0,0,0,1,0,0
26/02/01,3,Q2 12:00,Q2 02:07,Tsao Xun-Xiang,1,0,2,0,0,0,1,0,1,0,0,1,2
26/02/01,3,Q2 12:00,Q2 02:07,Chuang Po-Yuan,2,1,0,0,0,0,0,0,0,0,1,2,2
26/02/01,3,Q2 12:00,Q2 02:07,Lasan Kromah,0,0,2,2,0,2,0,0,0,0,0,0,0
26/02/01,4,Q2 00:12,Q2 00:00(종료),Gao Jin-Wei,0,0,0,0,0,0,0,0,0,0,0,0,0
26/02/01,4,Q2 00:12,Q2 00:00(종료),Malcolm Miller,0,0,0,0,0,0,0,0,0,0,0,0,0
26/02/01,4,Q2 00:12,Q2 00:00(종료),Chris McCullough,0,0,0,0,0,0,0,0,0,0,0,0,0
26/02/01,4,Q2 00:12,Q2 00:00(종료),Tsao Xun-Xiang,0,0,0,0,0,0,0,0,0,0,0,0,0
26/02/01,4,Q2 00:12,Q2 00:00(종료),Lasan Kromah,1,0,0,0,0,0,0,0,0,0,0,1,2
26/02/01,4,Q2 00:12,Q2 00:00(종료),Chuang Po-Yuan,0,0,0,0,0,0,0,0,0,0,0,0,0
26/02/01,4,Q2 00:12,Q2 00:00(종료),Lin Sin-Kuan,0,0,0,0,0,0,0,0,0,0,0,0,0
26/02/01,5,Q3 12:00,Q3 00:00(종료),Chris McCullough,8,6,1,0,1,0,0,3,7,0,0,1,2
26/02/01,5,Q3 12:00,Q3 00:00(종료),Chuang Po-Yuan,0,2,0,0,0,0,0,0,1,0,1,0,0
26/02/01,5,Q3 12:00,Q3 00:00(종료),Lin Sin-Kuan,3,2,1,0,0,0,0,0,0,1,2,0,0
26/02/01,5,Q3 12:00,Q3 00:00(종료),Lasan Kromah,9,1,0,1,0,3,1,4,4,0,0,0,0
26/02/01,5,Q3 12:00,Q3 00:00(종료),Tsao Xun-Xiang,0,0,1,0,0,0,2,0,1,0,1,0,0
26/02/01,5,Q3 12:00,Q3 00:00(종료),Gao Jin-Wei,5,2,1,1,0,0,0,1,1,1,3,2,2
26/02/01,5,Q3 12:00,Q3 00:00(종료),Malcolm Miller,0,1,0,0,0,1,2,0,0,0,1,0,0
26/02/01,5,Q3 12:00,Q3 00:00(종료),Wang Hao-Chi,0,0,0,0,1,0,0,0,0,0,0,0,0
26/02/01,5,Q3 12:00,Q3 00:00(종료),Wang Jhe-Yu,4,0,0,1,0,0,0,2,2,0,0,0,0
26/02/01,6,Q4 12:00,Q4 10:04,Chris McCullough,0,1,0,0,0,0,0,0,0,0,0,0,0
26/02/01,6,Q4 12:00,Q4 10:04,Wang Jhe-Yu,0,0,0,0,0,0,0,0,0,0,0,0,0
26/02/01,6,Q4 12:00,Q4 10:04,Wang Hao-Chi,0,1,0,0,0,0,0,0,0,0,0,0,0
26/02/01,6,Q4 12:00,Q4 10:04,Lasan Kromah,0,0,0,0,0,2,0,0,2,0,0,0,0
26/02/01,6,Q4 12:00,Q4 10:04,Tsao Xun-Xiang,0,0,0,0,0,0,0,0,0,0,0,0,0
26/02/01,6,Q4 12:00,Q4 10:04,Malcolm Miller,0,0,0,0,0,0,0,0,0,0,0,0,0
26/02/01,7,Q4 06:29,Q4 00:00(종료),Gao Jin-Wei,7,1,0,0,0,1,1,1,2,1,2,2,2
26/02/01,7,Q4 06:29,Q4 00:00(종료),Tsao Xun-Xiang,0,0,0,0,0,0,0,0,0,0,0,0,0
26/02/01,7,Q4 06:29,Q4 00:00(종료),Malcolm Miller,0,0,0,0,0,0,0,0,0,0,0,0,0
26/02/01,7,Q4 06:29,Q4 00:00(종료),Chuang Po-Yuan,0,0,0,0,0,0,1,0,0,0,0,0,0
26/02/01,7,Q4 06:29,Q4 00:00(종료),Chris McCullough,0,2,0,1,0,1,1,0,0,0,1,0,0
26/02/01,7,Q4 06:29,Q4 00:00(종료),Lasan Kromah,5,1,1,0,1,0,1,2,5,0,0,1,2
26/02/01,7,Q4 06:29,Q4 00:00(종료),Lin Sin-Kuan,2,2,0,0,0,0,0,0,0,0,0,2,2
26/02/07,1,Q1 06:01,Q1 00:00(종료),Wang Hao-Chi,0,1,0,0,0,0,0,0,0,0,0,0,0
26/02/07,1,Q1 06:01,Q1 00:00(종료),Cheick Diallo,0,0,0,0,0,1,0,0,1,0,0,0,0
26/02/07,1,Q1 06:01,Q1 00:00(종료),Chris McCullough,6,2,0,1,0,1,2,3,6,0,1,0,0
26/02/07,1,Q1 06:01,Q1 00:00(종료),Lin Sin-Kuan,5,0,0,1,0,0,1,1,1,1,2,0,0
26/02/07,1,Q1 06:01,Q1 00:00(종료),Lasan Kromah,0,2,1,1,0,0,0,0,0,0,0,0,0
26/02/07,1,Q1 06:01,Q1 00:00(종료),Gao Jin-Wei,3,0,0,0,0,0,0,0,0,1,2,0,0
26/02/07,1,Q1 06:01,Q1 00:00(종료),Chuang Po-Yuan,0,0,0,0,0,0,0,0,0,0,0,0,0
26/02/07,1,Q1 06:01,Q1 00:00(종료),Tsao Xun-Xiang,0,0,1,0,0,1,0,0,0,0,0,0,0
26/02/07,1,Q1 06:01,Q1 00:00(종료),Wang Jhe-Yu,0,0,0,0,0,0,0,0,0,0,0,0,0
26/02/07,2,Q2 12:00,Q2 09:27,Cheick Diallo,0,0,2,0,1,0,0,0,1,0,0,0,0
26/02/07,2,Q2 12:00,Q2 09:27,Chris McCullough,0,1,0,0,0,2,1,0,0,0,0,0,0
26/02/07,2,Q2 12:00,Q2 09:27,Wang Jhe-Yu,0,0,0,0,0,0,0,0,0,0,0,0,0
26/02/07,2,Q2 12:00,Q2 09:27,Lin Sin-Kuan,4,0,0,0,0,0,0,1,1,0,1,2,2
26/02/07,2,Q2 12:00,Q2 09:27,Tsao Xun-Xiang,3,1,0,0,0,0,0,0,0,1,1,0,0
26/02/07,2,Q2 12:00,Q2 09:27,Hsu Hong-Wei,0,0,0,0,0,0,0,0,0,0,0,0,0
26/02/07,3,Q3 07:30,Q3 00:00(종료),Cheick Diallo,3,1,0,0,0,0,0,1,3,0,0,1,2
26/02/07,3,Q3 07:30,Q3 00:00(종료),Chris McCullough,6,0,0,0,0,0,0,3,3,0,0,0,0
26/02/07,3,Q3 07:30,Q3 00:00(종료),Lasan Kromah,5,1,1,0,0,0,0,2,2,0,1,1,2
26/02/07,3,Q3 07:30,Q3 00:00(종료),Gao Jin-Wei,0,1,0,0,0,0,0,0,0,0,1,0,0
26/02/07,3,Q3 07:30,Q3 00:00(종료),Wang Hao-Chi,0,0,0,0,0,0,0,0,0,0,0,0,0
26/02/07,3,Q3 07:30,Q3 00:00(종료),Lin Sin-Kuan,0,2,0,0,0,1,0,0,1,0,0,0,2
26/02/07,3,Q3 07:30,Q3 00:00(종료),Chuang Po-Yuan,0,0,0,1,0,0,0,0,0,0,0,0,0
26/02/07,3,Q3 07:30,Q3 00:00(종료),Wang Jhe-Yu,0,2,0,0,0,0,1,0,0,0,0,0,0
26/02/07,3,Q3 07:30,Q3 00:00(종료),Tsao Xun-Xiang,0,1,2,0,0,0,0,0,0,0,0,0,0
26/02/07,4,Q4 12:00,Q4 05:07,Cheick Diallo,9,1,1,1,0,0,0,3,4,0,0,2,2
26/02/07,4,Q4 12:00,Q4 05:07,Chris McCullough,3,1,0,0,0,0,0,1,1,0,0,1,2
26/02/07,4,Q4 12:00,Q4 05:07,Wang Jhe-Yu,0,1,0,0,0,0,0,0,0,0,0,0,0
26/02/07,4,Q4 12:00,Q4 05:07,Lin Sin-Kuan,4,1,1,0,0,1,1,2,2,0,1,0,0
26/02/07,4,Q4 12:00,Q4 05:07,Tsao Xun-Xiang,0,1,1,0,0,2,0,0,1,0,0,0,0
26/02/07,4,Q4 12:00,Q4 05:07,Hsu Hong-Wei,0,0,0,0,0,0,0,0,0,0,0,0,0
26/02/07,4,Q4 12:00,Q4 05:07,Liu Yuan-Kai,0,1,1,0,0,1,1,0,0,0,0,0,0
26/02/15,1,Q1 12:00,Q1 02:08,Gao Jin-Wei,4,1,1,0,0,1,0,2,2,0,1,0,0
26/02/15,1,Q1 12:00,Q1 02:08,Chuang Po-Yuan,0,0,0,0,0,1,1,0,1,0,0,0,0
26/02/15,1,Q1 12:00,Q1 02:08,Lin Sin-Kuan,2,1,0,1,0,0,1,0,0,0,1,2,2
26/02/15,1,Q1 12:00,Q1 02:08,Malcolm Miller,0,2,0,0,0,1,1,0,0,0,1,0,0
26/02/15,1,Q1 12:00,Q1 02:08,Chris McCullough,4,4,2,1,1,1,1,0,2,0,1,3,4
26/02/15,1,Q1 12:00,Q1 02:08,Tung Yung-Chuan,0,0,1,0,0,0,1,0,0,0,0,0,0
26/02/15,1,Q1 12:00,Q1 02:08,Cheick Diallo,6,2,1,0,0,0,0,1,2,0,0,4,4
26/02/15,1,Q1 12:00,Q1 02:08,Hsu Hong-Wei,0,0,0,0,0,0,1,0,0,0,0,0,0
26/02/15,1,Q1 12:00,Q1 02:08,Tsao Xun-Xiang,0,0,0,0,0,0,0,0,1,0,0,0,0
26/02/15,1,Q1 12:00,Q1 02:08,Wang Jhe-Yu,2,0,0,0,0,0,1,1,1,0,0,0,0
26/02/15,2,Q2 10:03,Q2 00:00(종료),Cheick Diallo,4,2,0,0,0,0,0,2,5,0,0,0,0
26/02/15,2,Q2 10:03,Q2 00:00(종료),Chris McCullough,6,3,2,0,2,1,0,3,3,0,1,0,0
26/02/15,2,Q2 10:03,Q2 00:00(종료),Tung Yung-Chuan,0,0,0,0,0,0,0,0,0,0,1,0,0
26/02/15,2,Q2 10:03,Q2 00:00(종료),Tsao Xun-Xiang,3,2,0,1,0,0,0,0,0,1,2,0,0
26/02/15,2,Q2 10:03,Q2 00:00(종료),Malcolm Miller,0,1,1,0,0,1,1,0,1,0,1,0,0
26/02/15,2,Q2 10:03,Q2 00:00(종료),Chuang Po-Yuan,0,0,0,0,0,0,0,0,0,0,0,0,0
26/02/15,2,Q2 10:03,Q2 00:00(종료),Gao Jin-Wei,7,1,3,1,0,1,0,2,2,1,2,0,1
26/02/15,2,Q2 10:03,Q2 00:00(종료),Lin Sin-Kuan,0,0,0,0,0,0,0,0,0,0,0,0,0
26/02/15,3,Q3 12:00,Q3 01:52,Tsao Xun-Xiang,0,0,0,0,0,0,0,0,0,0,1,0,0
26/02/15,3,Q3 12:00,Q3 01:52,Gao Jin-Wei,8,2,1,0,0,0,0,2,2,1,3,2,2
26/02/15,3,Q3 12:00,Q3 01:52,Chris McCullough,4,2,3,1,0,2,2,1,2,0,2,2,2
26/02/15,3,Q3 12:00,Q3 01:52,Chuang Po-Yuan,0,0,0,1,0,0,0,0,0,0,1,0,0
26/02/15,3,Q3 12:00,Q3 01:52,Malcolm Miller,6,1,1,0,0,0,1,0,1,2,2,0,0
26/02/15,3,Q3 12:00,Q3 01:52,Lin Sin-Kuan,6,0,1,0,0,0,0,3,4,0,1,0,0
26/02/15,3,Q3 12:00,Q3 01:52,Cheick Diallo,0,0,0,0,0,0,0,0,0,0,0,0,0
26/02/15,3,Q3 12:00,Q3 01:52,Tung Yung-Chuan,0,0,0,0,0,0,0,0,1,0,0,0,0
26/03/04,1,Q1 05:38,Q1 00:00(종료),Tung Yung-Chuan,0,0,0,0,0,0,0,0,0,0,0,0,0
26/03/04,1,Q1 05:38,Q1 00:00(종료),Cheick Diallo,2,1,0,0,0,0,0,1,2,0,0,0,0
26/03/04,1,Q1 05:38,Q1 00:00(종료),Chris McCullough,2,1,0,0,0,0,0,1,3,0,0,0,0
26/03/04,1,Q1 05:38,Q1 00:00(종료),Lin Sin-Kuan,3,1,1,0,0,0,0,0,2,1,1,0,0
26/03/04,1,Q1 05:38,Q1 00:00(종료),Lasan Kromah,0,0,0,0,0,0,0,0,2,0,1,0,0
26/03/04,1,Q1 05:38,Q1 00:00(종료),Gao Jin-Wei,0,1,1,0,0,0,1,0,0,0,0,0,0
26/03/04,1,Q1 05:38,Q1 00:00(종료),Wang Hao-Chi,0,0,0,0,0,0,0,0,0,0,1,0,0
26/03/04,1,Q1 05:38,Q1 00:00(종료),Tsao Xun-Xiang,2,0,0,0,0,0,1,1,1,0,0,0,0
26/03/04,2,Q2 12:00,Q2 05:05,Chris McCullough,9,7,0,0,1,1,0,4,5,0,0,1,4
26/03/04,2,Q2 12:00,Q2 05:05,Lin Sin-Kuan,3,1,0,0,0,0,0,0,0,0,0,2,2
26/03/04,2,Q2 12:00,Q2 05:05,Wang Hao-Chi,3,1,0,0,0,0,0,0,0,1,1,0,0
26/03/04,2,Q2 12:00,Q2 05:05,Cheick Diallo,2,1,0,0,0,0,1,1,2,0,0,0,0
26/03/04,2,Q2 12:00,Q2 05:05,Tsao Xun-Xiang,0,0,1,0,0,0,0,0,1,0,0,0,0
26/03/04,2,Q2 12:00,Q2 05:05,Lasan Kromah,2,0,1,2,1,0,1,1,2,0,0,0,0
26/03/04,2,Q2 12:00,Q2 05:05,Gao Jin-Wei,0,0,0,0,0,0,0,0,1,0,0,0,0
26/03/04,2,Q2 12:00,Q2 05:05,Chuang Po-Yuan,0,0,0,0,0,0,0,0,0,0,0,0,0
26/03/04,3,Q3 12:00,Q3 05:51,Cheick Diallo,0,1,0,0,0,0,0,0,0,0,0,0,0
26/03/04,3,Q3 12:00,Q3 05:51,Gao Jin-Wei,3,1,1,0,0,1,0,0,0,1,3,0,0
26/03/04,3,Q3 12:00,Q3 05:51,Chuang Po-Yuan,2,0,0,0,0,0,1,1,1,0,0,0,0
26/03/04,3,Q3 12:00,Q3 05:51,Wang Hao-Chi,0,0,0,0,0,0,0,0,0,0,0,0,0
26/03/04,3,Q3 12:00,Q3 05:51,Lasan Kromah,9,0,2,1,0,0,0,2,2,0,0,5,5
26/03/04,3,Q3 12:00,Q3 05:51,Chris McCullough,2,3,0,1,0,0,1,1,2,0,0,0,0
26/03/04,3,Q3 12:00,Q3 05:51,Tung Yung-Chuan,0,1,0,0,1,0,1,0,0,0,0,0,0
26/03/04,4,Q3 01:51,Q3 00:00(종료),Lasan Kromah,0,0,0,0,0,0,0,0,1,0,0,0,0
26/03/04,4,Q3 01:51,Q3 00:00(종료),Gao Jin-Wei,0,0,0,0,0,0,0,0,0,0,0,0,0
26/03/04,4,Q3 01:51,Q3 00:00(종료),Chris McCullough,0,1,0,0,0,0,0,0,0,0,0,0,0
26/03/04,4,Q3 01:51,Q3 00:00(종료),Lin Sin-Kuan,2,0,0,0,0,0,0,1,2,0,0,0,0
26/03/04,4,Q3 01:51,Q3 00:00(종료),Tsao Xun-Xiang,0,0,1,0,0,0,1,0,0,0,0,0,0
26/03/04,4,Q3 01:51,Q3 00:00(종료),Wang Hao-Chi,3,1,0,0,0,0,0,0,0,1,2,0,0
26/03/04,4,Q3 01:51,Q3 00:00(종료),Cheick Diallo,1,0,1,0,0,0,0,0,0,0,0,1,2
26/03/04,5,Q4 12:00,Q4 00:51,Wang Hao-Chi,0,2,0,0,0,0,0,0,2,0,0,0,0
26/03/04,5,Q4 12:00,Q4 00:51,Lin Sin-Kuan,0,1,0,0,0,1,0,0,2,0,0,0,0
26/03/04,5,Q4 12:00,Q4 00:51,Chris McCullough,9,6,1,1,0,1,1,2,4,0,1,4,4
26/03/04,5,Q4 12:00,Q4 00:51,Cheick Diallo,0,0,0,0,0,3,1,0,0,0,0,0,0
26/03/04,5,Q4 12:00,Q4 00:51,Tsao Xun-Xiang,4,0,0,0,0,1,1,0,0,1,1,1,2
26/03/04,5,Q4 12:00,Q4 00:51,Chuang Po-Yuan,0,0,0,1,0,0,0,0,1,0,0,0,2
26/03/04,5,Q4 12:00,Q4 00:51,Lasan Kromah,4,1,3,0,0,1,0,2,4,0,0,0,0
26/03/04,5,Q4 12:00,Q4 00:51,Gao Jin-Wei,5,1,0,0,0,0,0,1,1,1,1,0,0
26/03/04,5,Q4 12:00,Q4 00:51,Tung Yung-Chuan,0,0,0,0,0,0,0,0,0,0,0,0,0
26/03/04,5,Q4 12:00,Q4 00:51,Wang Jhe-Yu,0,0,0,0,0,0,0,0,0,0,0,0,0
26/03/04,5,Q4 12:00,Q4 00:51,Liu Yuan-Kai,0,0,0,0,0,0,0,0,0,0,0,0,0
26/03/08,1,Q1 12:00,Q1 01:41,Gao Jin-Wei,0,2,4,1,0,0,0,0,1,0,0,0,0
26/03/08,1,Q1 12:00,Q1 01:41,Tung Yung-Chuan,3,0,0,0,0,0,0,0,0,1,1,0,0
26/03/08,1,Q1 12:00,Q1 01:41,Chuang Po-Yuan,0,0,1,0,0,0,0,0,0,0,0,0,0
26/03/08,1,Q1 12:00,Q1 01:41,Lasan Kromah,2,0,0,0,0,0,0,1,1,0,0,0,0
26/03/08,1,Q1 12:00,Q1 01:41,Chris McCullough,7,3,1,1,0,2,1,1,4,1,2,2,4
26/03/08,1,Q1 12:00,Q1 01:41,Tsao Xun-Xiang,2,0,0,0,0,0,2,1,1,0,1,0,0
26/03/08,1,Q1 12:00,Q1 01:41,Malcolm Miller,5,0,0,0,0,0,0,1,2,1,2,0,0
26/03/08,1,Q1 12:00,Q1 01:41,Lin Sin-Kuan,0,0,0,0,0,0,0,0,0,0,0,0,2
26/03/08,1,Q1 12:00,Q1 01:41,Wang Hao-Chi,0,0,0,0,0,0,0,0,0,0,0,0,0
26/03/08,2,Q2 08:22,Q2 00:00(종료),Lin Sin-Kuan,0,1,0,0,0,0,1,0,0,0,0,0,0
26/03/08,2,Q2 08:22,Q2 00:00(종료),Tsao Xun-Xiang,0,0,0,0,0,1,0,0,0,0,0,0,0
26/03/08,2,Q2 08:22,Q2 00:00(종료),Malcolm Miller,0,0,1,0,0,0,2,0,1,0,0,0,0
26/03/08,2,Q2 08:22,Q2 00:00(종료),Chuang Po-Yuan,0,0,0,0,0,0,0,0,0,0,1,0,0
26/03/08,2,Q2 08:22,Q2 00:00(종료),Chris McCullough,11,4,0,2,0,2,1,4,5,0,0,2,2
26/03/08,2,Q2 08:22,Q2 00:00(종료),Gao Jin-Wei,2,1,1,0,0,1,0,1,1,0,2,0,0
26/03/08,2,Q2 08:22,Q2 00:00(종료),Lasan Kromah,0,0,2,0,0,0,2,0,3,0,0,0,0
26/03/08,2,Q2 08:22,Q2 00:00(종료),Wang Hao-Chi,0,0,0,0,0,0,0,0,0,0,0,0,0
26/03/08,2,Q2 08:22,Q2 00:00(종료),Tung Yung-Chuan,0,1,0,0,0,0,0,0,1,0,0,0,0
26/03/08,3,Q3 12:00,Q3 07:04,Chris McCullough,8,1,1,1,0,0,1,3,3,0,0,1,2
26/03/08,3,Q3 12:00,Q3 07:04,Gao Jin-Wei,0,0,1,0,0,0,0,0,0,0,1,0,0
26/03/08,3,Q3 12:00,Q3 07:04,Chuang Po-Yuan,3,0,0,0,0,0,2,0,0,1,1,0,0
26/03/08,3,Q3 12:00,Q3 07:04,Lin Sin-Kuan,0,0,0,0,0,0,0,0,0,0,0,0,0
26/03/08,3,Q3 12:00,Q3 07:04,Lasan Kromah,2,0,1,1,0,2,0,1,2,0,0,0,0
26/03/08,3,Q3 12:00,Q3 07:04,Tsao Xun-Xiang,3,0,1,0,0,0,0,0,0,1,1,0,0
26/03/08,3,Q3 12:00,Q3 07:04,Malcolm Miller,0,0,0,0,0,0,0,0,0,0,0,0,0
26/03/08,4,Q3 03:47,Q3 00:00(종료),Tsao Xun-Xiang,0,0,1,1,0,1,0,0,0,0,0,0,0
26/03/08,4,Q3 03:47,Q3 00:00(종료),Lasan Kromah,0,0,0,0,0,0,0,0,0,0,0,0,0
26/03/08,4,Q3 03:47,Q3 00:00(종료),Chris McCullough,2,2,0,0,0,0,0,1,4,0,0,0,0
26/03/08,4,Q3 03:47,Q3 00:00(종료),Malcolm Miller,0,1,1,0,0,1,0,0,0,0,1,0,0
26/03/08,4,Q3 03:47,Q3 00:00(종료),Gao Jin-Wei,3,0,0,0,0,0,0,0,0,1,1,0,0
26/03/08,4,Q3 03:47,Q3 00:00(종료),Chuang Po-Yuan,0,0,0,0,0,0,0,0,0,0,0,0,0
26/03/08,4,Q3 03:47,Q3 00:00(종료),Lin Sin-Kuan,0,0,0,0,0,0,0,0,0,0,0,0,0
26/03/08,5,Q4 12:00,Q4 01:14,Chris McCullough,3,3,0,0,0,1,2,1,4,0,1,1,2
26/03/08,5,Q4 12:00,Q4 01:14,Gao Jin-Wei,2,2,1,1,0,1,0,1,2,0,0,0,0
26/03/08,5,Q4 12:00,Q4 01:14,Chuang Po-Yuan,0,0,0,0,0,0,1,0,0,0,0,0,0
26/03/08,5,Q4 12:00,Q4 01:14,Lin Sin-Kuan,6,1,0,0,0,1,1,0,1,1,1,2,2
26/03/08,5,Q4 12:00,Q4 01:14,Malcolm Miller,2,0,0,0,0,0,1,1,1,0,1,0,0
26/03/08,5,Q4 12:00,Q4 01:14,Tsao Xun-Xiang,0,1,1,1,0,1,3,0,0,0,1,0,2
26/03/08,5,Q4 12:00,Q4 01:14,Lasan Kromah,10,0,1,0,0,0,0,2,3,2,4,2,2
26/03/08,5,Q4 12:00,Q4 01:14,Tung Yung-Chuan,0,0,0,0,0,0,1,0,0,0,0,0,0
26/03/08,5,Q4 12:00,Q4 01:14,Hsu Hong-Wei,0,0,0,0,0,0,0,0,0,0,0,0,0
26/03/08,5,Q4 12:00,Q4 01:14,Wang Jhe-Yu,0,0,0,0,0,0,0,0,0,0,0,0,0
26/03/08,5,Q4 12:00,Q4 01:14,Ting Kuang-Hao,0,0,0,0,0,0,0,0,0,0,0,0,0
26/03/08,5,Q4 12:00,Q4 01:14,Huang Jhen,0,0,0,0,0,0,0,0,0,0,0,0,0
26/03/08,5,Q4 12:00,Q4 01:14,Liu Yuan-Kai,0,0,0,0,0,0,0,0,0,0,0,0,0
26/03/15,1,Q1 06:43,Q1 00:00(종료),Lasan Kromah,6,1,0,1,0,0,0,3,5,0,0,0,0
26/03/15,1,Q1 06:43,Q1 00:00(종료),Chris McCullough,0,1,1,0,0,1,0,0,0,0,1,0,0
26/03/15,1,Q1 06:43,Q1 00:00(종료),Cheick Diallo,4,0,0,0,0,0,0,1,1,0,0,2,2
26/03/15,1,Q1 06:43,Q1 00:00(종료),Tung Yung-Chuan,2,0,0,0,0,0,0,0,0,0,0,2,2
26/03/15,1,Q1 06:43,Q1 00:00(종료),Lin Sin-Kuan,2,2,0,0,0,1,1,1,1,0,0,0,0
26/03/15,1,Q1 06:43,Q1 00:00(종료),Gao Jin-Wei,0,0,0,0,0,0,0,0,1,0,0,0,0
26/03/15,1,Q1 06:43,Q1 00:00(종료),Tsao Xun-Xiang,1,0,1,0,0,1,0,0,1,0,0,1,2
26/03/15,1,Q1 06:43,Q1 00:00(종료),Chuang Po-Yuan,0,0,0,0,0,0,0,0,0,0,0,0,0
26/03/15,1,Q1 06:43,Q1 00:00(종료),Wang Hao-Chi,0,0,0,0,0,0,0,0,0,0,1,0,0
26/03/15,2,Q2 11:44,Q2 06:54,Chris McCullough,2,1,1,1,1,0,0,1,2,0,0,0,0
26/03/15,2,Q2 11:44,Q2 06:54,Lin Sin-Kuan,0,1,1,1,0,0,0,0,0,0,1,0,0
26/03/15,2,Q2 11:44,Q2 06:54,Cheick Diallo,4,0,0,0,0,0,1,0,1,0,0,4,4
26/03/15,2,Q2 11:44,Q2 06:54,Wang Hao-Chi,0,1,0,0,0,0,1,0,0,0,1,0,0
26/03/15,2,Q2 11:44,Q2 06:54,Tsao Xun-Xiang,0,1,1,0,0,0,1,0,0,0,0,0,0
26/03/15,2,Q2 11:44,Q2 06:54,Lasan Kromah,0,0,0,0,0,0,1,0,1,0,0,0,0
26/03/15,2,Q2 11:44,Q2 06:54,Gao Jin-Wei,2,1,0,0,0,0,0,1,1,0,0,0,0
26/03/15,2,Q2 11:44,Q2 06:54,Chuang Po-Yuan,0,0,0,0,0,0,0,0,0,0,0,0,0
26/03/15,2,Q2 11:44,Q2 06:54,Tung Yung-Chuan,0,0,0,0,0,0,0,0,0,0,0,0,0
26/03/15,3,Q2 04:32,Q2 00:00(종료),Gao Jin-Wei,2,0,0,0,0,0,1,1,1,0,0,0,0
26/03/15,3,Q2 04:32,Q2 00:00(종료),Lasan Kromah,0,0,0,0,0,0,1,0,0,0,0,0,0
26/03/15,3,Q2 04:32,Q2 00:00(종료),Chris McCullough,2,1,0,1,0,1,0,1,1,0,0,0,0
26/03/15,3,Q2 04:32,Q2 00:00(종료),Cheick Diallo,5,1,0,0,0,0,0,1,2,0,0,3,4
26/03/15,3,Q2 04:32,Q2 00:00(종료),Chuang Po-Yuan,0,0,0,0,0,0,0,0,0,0,2,0,0
26/03/15,3,Q2 04:32,Q2 00:00(종료),Tung Yung-Chuan,0,0,0,0,0,0,0,0,0,0,0,0,0
26/03/15,3,Q2 04:32,Q2 00:00(종료),Lin Sin-Kuan,4,0,1,0,0,0,0,1,1,0,0,2,2
26/03/15,4,Q3 05:06,Q3 00:00(종료),Cheick Diallo,0,3,0,0,0,0,0,0,2,0,0,0,0
26/03/15,4,Q3 05:06,Q3 00:00(종료),Chris McCullough,2,3,0,0,0,0,0,0,4,0,0,2,4
26/03/15,4,Q3 05:06,Q3 00:00(종료),Lin Sin-Kuan,3,0,0,1,0,0,0,1,2,0,1,1,2
26/03/15,4,Q3 05:06,Q3 00:00(종료),Lasan Kromah,0,0,1,0,0,1,0,0,0,0,0,0,0
26/03/15,4,Q3 05:06,Q3 00:00(종료),Tung Yung-Chuan,0,0,0,0,0,0,0,0,0,0,0,0,0
26/03/15,4,Q3 05:06,Q3 00:00(종료),Tsao Xun-Xiang,0,2,1,0,0,0,0,0,0,0,0,0,0
26/03/15,4,Q3 05:06,Q3 00:00(종료),Gao Jin-Wei,0,0,0,1,0,0,0,0,1,0,1,0,0
26/03/15,5,Q4 12:00,Q4 09:57,Cheick Diallo,0,2,0,0,0,0,1,0,0,0,0,0,0
26/03/15,5,Q4 12:00,Q4 09:57,Lin Sin-Kuan,2,0,0,0,0,0,0,1,1,0,1,0,0
26/03/15,5,Q4 12:00,Q4 09:57,Gao Jin-Wei,0,0,1,0,0,0,0,0,0,0,1,0,0
26/03/15,5,Q4 12:00,Q4 09:57,Chris McCullough,0,0,0,0,1,0,0,0,1,0,0,0,0
26/03/15,5,Q4 12:00,Q4 09:57,Tsao Xun-Xiang,0,1,0,0,0,0,0,0,0,0,0,0,0
26/03/15,6,Q4 06:46,Q4 01:59,Cheick Diallo,2,0,0,0,0,0,0,1,1,0,0,0,0
26/03/15,6,Q4 06:46,Q4 01:59,Chuang Po-Yuan,3,0,0,1,0,0,2,0,0,1,1,0,0
26/03/15,6,Q4 06:46,Q4 01:59,Chris McCullough,4,0,0,0,0,0,0,2,3,0,0,0,0
26/03/15,6,Q4 06:46,Q4 01:59,Gao Jin-Wei,0,1,1,0,0,0,0,0,1,0,1,0,0
26/03/15,6,Q4 06:46,Q4 01:59,Lin Sin-Kuan,0,0,0,0,0,0,0,0,0,0,0,0,0
26/03/15,6,Q4 06:46,Q4 01:59,Tung Yung-Chuan,0,1,0,0,1,1,0,0,0,0,0,0,0
26/03/15,6,Q4 06:46,Q4 01:59,Lasan Kromah,0,1,2,0,0,1,0,0,0,0,0,0,0
26/03/15,6,Q4 06:46,Q4 01:59,Wang Jhe-Yu,0,0,0,0,0,0,0,0,1,0,0,0,0
26/03/15,6,Q4 06:46,Q4 01:59,Ting Kuang-Hao,0,0,0,0,0,0,0,0,0,0,0,0,0
26/03/15,6,Q4 06:46,Q4 01:59,Hsu Hong-Wei,0,0,0,0,0,0,0,0,0,0,0,0,0
26/03/15,6,Q4 06:46,Q4 01:59,Huang Jhen,0,0,0,0,0,0,0,0,0,0,0,0,0
26/03/15,6,Q4 06:46,Q4 01:59,Liu Yuan-Kai,0,0,0,0,0,0,0,0,0,0,0,0,0
26/04/05,1,Q1 04:54,Q1 00:00(종료),Hsu Hong-Wei,0,0,0,0,0,0,1,0,0,0,1,0,0
26/04/05,1,Q1 04:54,Q1 00:00(종료),Malcolm Miller,0,0,0,0,0,0,0,0,0,0,0,0,0
26/04/05,1,Q1 04:54,Q1 00:00(종료),Chris McCullough,3,3,0,0,1,0,0,1,1,0,0,1,2
26/04/05,1,Q1 04:54,Q1 00:00(종료),Lasan Kromah,3,1,2,0,0,1,1,2,3,0,0,0,0
26/04/05,1,Q1 04:54,Q1 00:00(종료),Gao Jin-Wei,1,0,0,0,0,0,0,0,0,0,0,1,1
26/04/05,1,Q1 04:54,Q1 00:00(종료),Lin Sin-Kuan,3,0,0,0,0,0,1,0,0,1,2,0,0
26/04/05,1,Q1 04:54,Q1 00:00(종료),Wang Jhe-Yu,2,0,0,0,0,0,1,1,1,0,0,0,0
26/04/05,1,Q1 04:54,Q1 00:00(종료),Tsao Xun-Xiang,0,0,1,0,0,0,0,0,1,0,0,0,0
26/04/05,2,Q2 12:00,Q2 03:40,Chris McCullough,6,2,0,1,0,1,0,3,4,0,0,0,0
26/04/05,2,Q2 12:00,Q2 03:40,Wang Jhe-Yu,0,0,0,0,0,0,2,0,0,0,1,0,0
26/04/05,2,Q2 12:00,Q2 03:40,Lin Sin-Kuan,0,0,3,2,0,1,1,0,1,0,0,0,0
26/04/05,2,Q2 12:00,Q2 03:40,Lasan Kromah,3,1,1,0,0,0,1,0,0,1,1,0,0
26/04/05,2,Q2 12:00,Q2 03:40,Tsao Xun-Xiang,10,0,0,0,0,0,0,2,2,1,1,2,2
26/04/05,2,Q2 12:00,Q2 03:40,Malcolm Miller,0,0,0,0,0,0,1,0,0,0,0,0,0
26/04/05,2,Q2 12:00,Q2 03:40,Chuang Po-Yuan,0,0,0,0,0,1,1,0,0,0,0,0,0
26/04/05,2,Q2 12:00,Q2 03:40,Gao Jin-Wei,0,0,0,0,0,0,0,0,1,0,0,0,0
26/04/05,2,Q2 12:00,Q2 03:40,Tung Yung-Chuan,0,1,0,0,0,0,0,0,0,0,0,0,0
26/04/05,3,Q3 04:48,Q3 00:00(종료),Lasan Kromah,0,0,0,0,0,0,0,0,0,0,0,0,0
26/04/05,3,Q3 04:48,Q3 00:00(종료),Chris McCullough,5,1,1,0,0,0,0,1,1,1,2,0,0
26/04/05,3,Q3 04:48,Q3 00:00(종료),Malcolm Miller,4,1,3,0,0,0,0,2,3,0,0,0,0
26/04/05,3,Q3 04:48,Q3 00:00(종료),Chuang Po-Yuan,3,0,0,0,0,0,0,0,0,1,1,0,0
26/04/05,3,Q3 04:48,Q3 00:00(종료),Gao Jin-Wei,0,0,0,0,0,0,0,0,0,0,0,0,0
26/04/05,3,Q3 04:48,Q3 00:00(종료),Tsao Xun-Xiang,0,0,0,0,0,0,0,0,1,0,0,0,0
26/04/05,3,Q3 04:48,Q3 00:00(종료),Wang Hao-Chi,0,1,0,0,0,0,0,0,0,0,0,0,0
26/04/05,3,Q3 04:48,Q3 00:00(종료),Lin Sin-Kuan,0,0,0,0,0,0,0,0,0,0,0,0,0
26/04/05,3,Q3 04:48,Q3 00:00(종료),Wang Jhe-Yu,0,0,0,0,0,0,0,0,0,0,0,0,0
26/04/05,4,Q4 12:00,Q4 00:00(종료),Chris McCullough,8,4,0,2,0,0,2,4,7,0,1,0,0
26/04/05,4,Q4 12:00,Q4 00:00(종료),Chuang Po-Yuan,4,0,0,2,0,2,0,2,2,0,0,0,0
26/04/05,4,Q4 12:00,Q4 00:00(종료),Lin Sin-Kuan,0,1,0,0,0,1,1,0,0,0,1,0,0
26/04/05,4,Q4 12:00,Q4 00:00(종료),Lasan Kromah,3,0,1,1,0,0,0,1,4,0,1,1,2
26/04/05,4,Q4 12:00,Q4 00:00(종료),Tsao Xun-Xiang,0,0,2,0,0,0,1,0,1,0,1,0,0
26/04/05,4,Q4 12:00,Q4 00:00(종료),Wang Jhe-Yu,2,1,0,0,0,0,0,1,1,0,0,0,0
26/04/05,4,Q4 12:00,Q4 00:00(종료),Gao Jin-Wei,7,1,0,0,0,0,0,1,1,2,2,0,0
26/04/05,4,Q4 12:00,Q4 00:00(종료),Tung Yung-Chuan,0,0,0,0,0,0,0,0,1,0,0,0,0
26/04/05,4,Q4 12:00,Q4 00:00(종료),Malcolm Miller,0,1,2,0,0,0,0,0,0,0,1,0,0
26/04/11,1,Q1 05:14,Q1 00:00(종료),Chris McCullough,2,6,0,0,1,0,0,1,4,0,2,0,2
26/04/11,1,Q1 05:14,Q1 00:00(종료),Chuang Po-Yuan,0,0,0,0,0,0,1,0,0,0,0,0,0
26/04/11,1,Q1 05:14,Q1 00:00(종료),Lin Sin-Kuan,0,1,0,0,1,0,0,0,0,0,0,0,0
26/04/11,1,Q1 05:14,Q1 00:00(종료),Lasan Kromah,4,1,0,0,0,2,0,2,3,0,0,0,0
26/04/11,1,Q1 05:14,Q1 00:00(종료),Gao Jin-Wei,0,0,0,0,0,0,0,0,0,0,0,0,0
26/04/11,1,Q1 05:14,Q1 00:00(종료),Tsao Xun-Xiang,0,0,0,0,0,0,1,0,1,0,1,0,0
26/04/11,1,Q1 05:14,Q1 00:00(종료),Hsu Hong-Wei,0,0,0,0,0,0,0,0,0,0,0,0,0
26/04/11,1,Q1 05:14,Q1 00:00(종료),Tung Yung-Chuan,0,0,0,0,0,0,0,0,0,0,0,0,0
26/04/11,1,Q1 05:14,Q1 00:00(종료),Malcolm Miller,0,0,0,0,0,0,0,0,0,0,0,0,0
26/04/11,2,Q2 12:00,Q2 09:00,Chris McCullough,0,1,0,0,0,0,1,0,2,0,0,0,0
26/04/11,2,Q2 12:00,Q2 09:00,Lin Sin-Kuan,0,0,0,0,0,0,0,0,1,0,0,0,0
26/04/11,2,Q2 12:00,Q2 09:00,Malcolm Miller,3,1,0,0,0,0,0,0,0,0,0,2,2
26/04/11,2,Q2 12:00,Q2 09:00,Tung Yung-Chuan,0,1,0,0,0,1,0,0,0,0,0,0,0
26/04/11,2,Q2 12:00,Q2 09:00,Tsao Xun-Xiang,0,0,1,0,0,0,0,0,1,0,0,0,0
26/04/11,2,Q2 12:00,Q2 09:00,Gao Jin-Wei,0,0,0,0,0,0,0,0,0,0,0,0,0
26/04/11,2,Q2 12:00,Q2 09:00,Lasan Kromah,0,0,0,0,0,0,0,0,0,0,0,0,0
26/04/11,3,Q2 03:23,Q2 00:00(종료),Malcolm Miller,0,0,0,0,0,0,1,0,0,0,0,0,0
26/04/11,3,Q2 03:23,Q2 00:00(종료),Chris McCullough,8,4,0,0,0,1,0,4,6,0,0,0,0
26/04/11,3,Q2 03:23,Q2 00:00(종료),Tung Yung-Chuan,0,0,1,0,0,0,0,0,0,0,0,0,0
26/04/11,3,Q2 03:23,Q2 00:00(종료),Lasan Kromah,3,1,0,0,0,0,1,0,1,0,0,3,3
26/04/11,3,Q2 03:23,Q2 00:00(종료),Wang Hao-Chi,0,0,0,0,0,0,0,0,0,0,0,0,0
26/04/11,3,Q2 03:23,Q2 00:00(종료),Gao Jin-Wei,0,0,0,0,0,0,0,0,0,0,0,0,0
26/04/11,3,Q2 03:23,Q2 00:00(종료),Chuang Po-Yuan,0,0,0,0,0,0,0,0,0,0,0,0,0
26/04/11,4,Q3 05:15,Q3 00:00(종료),Chris McCullough,3,3,0,1,0,2,0,0,1,1,1,0,0
26/04/11,4,Q3 05:15,Q3 00:00(종료),Gao Jin-Wei,2,0,1,0,0,0,0,1,1,0,1,0,0
26/04/11,4,Q3 05:15,Q3 00:00(종료),Wang Hao-Chi,0,1,0,0,0,0,0,0,1,0,1,0,0
26/04/11,4,Q3 05:15,Q3 00:00(종료),Lasan Kromah,0,0,0,0,0,0,0,0,1,0,0,0,0
26/04/11,4,Q3 05:15,Q3 00:00(종료),Tsao Xun-Xiang,0,0,0,0,0,0,0,0,0,0,0,0,0
26/04/11,4,Q3 05:15,Q3 00:00(종료),Malcolm Miller,0,1,0,0,0,0,0,0,2,0,0,0,0
26/04/11,4,Q3 05:15,Q3 00:00(종료),Lin Sin-Kuan,0,0,0,0,0,0,0,0,0,0,0,0,0
26/04/11,4,Q3 05:15,Q3 00:00(종료),Chuang Po-Yuan,0,0,0,0,0,0,0,0,0,0,0,0,0
26/04/11,5,Q4 12:00,Q4 07:18,Lin Sin-Kuan,0,0,2,0,0,1,0,0,0,0,1,0,0
26/04/11,5,Q4 12:00,Q4 07:18,Chris McCullough,2,4,0,0,0,2,0,1,1,0,0,0,0
26/04/11,5,Q4 12:00,Q4 07:18,Chuang Po-Yuan,0,0,0,0,0,0,0,0,0,0,0,0,0
26/04/11,5,Q4 12:00,Q4 07:18,Malcolm Miller,9,1,1,0,0,0,1,2,3,1,1,2,2
26/04/11,5,Q4 12:00,Q4 07:18,Tsao Xun-Xiang,0,0,1,0,0,0,2,0,0,0,0,0,0
26/04/11,5,Q4 12:00,Q4 07:18,Tung Yung-Chuan,0,1,0,1,0,0,0,0,0,0,0,0,0
26/04/11,5,Q4 12:00,Q4 07:18,Gao Jin-Wei,0,0,0,0,0,0,0,0,0,0,0,0,0
26/05/02,1,Q1 12:00,Q1 06:29,Gao Jin-Wei,0,0,0,1,1,1,0,0,0,0,0,0,0
26/05/02,1,Q1 12:00,Q1 06:29,Malcolm Miller,0,1,0,0,3,0,0,0,1,0,1,0,0
26/05/02,1,Q1 12:00,Q1 06:29,Chuang Po-Yuan,0,0,0,0,0,1,1,0,0,0,0,0,0
26/05/02,1,Q1 12:00,Q1 06:29,Chris McCullough,3,2,0,0,0,1,0,0,1,0,0,3,4
26/05/02,1,Q1 12:00,Q1 06:29,Lin Sin-Kuan,2,1,1,0,0,2,0,1,1,0,0,0,0
26/05/02,1,Q1 12:00,Q1 06:29,Cheick Diallo,0,0,0,0,0,0,0,0,0,0,0,0,0
26/05/02,2,Q1 04:49,Q1 01:40,Chris McCullough,2,3,0,1,0,0,0,1,2,0,1,0,0
26/05/02,2,Q1 04:49,Q1 01:40,Hsu Hong-Wei,0,0,0,0,0,1,1,0,0,0,0,0,0
26/05/02,2,Q1 04:49,Q1 01:40,Lin Sin-Kuan,0,0,0,0,0,0,0,0,0,0,0,0,0
26/05/02,2,Q1 04:49,Q1 01:40,Wang Hao-Chi,0,0,0,0,0,0,0,0,0,0,0,0,0
26/05/02,2,Q1 04:49,Q1 01:40,Tsao Xun-Xiang,2,1,0,0,0,0,0,1,2,0,0,0,0
26/05/02,2,Q1 04:49,Q1 01:40,Cheick Diallo,0,1,0,0,0,0,0,0,2,0,0,0,0
26/05/02,2,Q1 04:49,Q1 01:40,Malcolm Miller,0,0,0,0,0,0,0,0,0,0,0,0,0
26/05/02,2,Q1 04:49,Q1 01:40,Chuang Po-Yuan,0,0,0,0,0,0,0,0,0,0,0,0,0
26/05/02,3,Q2 08:07,Q2 01:10,Chris McCullough,7,3,2,1,0,0,1,2,2,1,2,0,0
26/05/02,3,Q2 08:07,Q2 01:10,Hsu Hong-Wei,2,0,0,0,1,0,1,1,1,0,0,0,0
26/05/02,3,Q2 08:07,Q2 01:10,Lin Sin-Kuan,5,0,1,1,0,0,0,1,3,1,2,0,0
26/05/02,3,Q2 08:07,Q2 01:10,Cheick Diallo,2,0,0,0,0,0,0,1,1,0,0,0,0
26/05/02,3,Q2 08:07,Q2 01:10,Wang Hao-Chi,2,2,0,0,0,1,0,1,1,0,2,0,0
26/05/02,3,Q2 08:07,Q2 01:10,Malcolm Miller,2,2,2,0,1,0,1,1,1,0,0,0,0
26/05/02,3,Q2 08:07,Q2 01:10,Gao Jin-Wei,0,1,0,0,0,1,0,0,0,0,0,0,0
26/05/02,3,Q2 08:07,Q2 01:10,Tsao Xun-Xiang,0,0,1,0,0,0,0,0,0,0,0,0,0
26/05/02,4,Q3 12:00,Q3 07:18,Tsao Xun-Xiang,2,0,0,0,0,0,0,1,1,0,0,0,0
26/05/02,4,Q3 12:00,Q3 07:18,Lin Sin-Kuan,0,0,0,0,0,0,1,0,1,0,1,0,0
26/05/02,4,Q3 12:00,Q3 07:18,Malcolm Miller,5,1,0,0,0,0,0,1,1,0,1,2,2
26/05/02,4,Q3 12:00,Q3 07:18,Wang Hao-Chi,0,0,0,0,0,0,0,0,0,0,0,0,0
26/05/02,4,Q3 12:00,Q3 07:18,Cheick Diallo,0,0,0,0,0,0,0,0,0,0,0,0,0
26/05/02,4,Q3 12:00,Q3 07:18,Gao Jin-Wei,2,2,2,0,0,0,0,1,1,0,1,0,0
26/05/02,4,Q3 12:00,Q3 07:18,Chris McCullough,0,3,0,0,0,0,1,0,0,0,1,0,0
26/05/02,4,Q3 12:00,Q3 07:18,Chuang Po-Yuan,0,0,0,0,0,0,0,0,0,0,1,0,0
26/05/02,5,Q3 03:28,Q3 00:00(종료),Malcolm Miller,0,0,0,0,0,0,0,0,0,0,0,0,0
26/05/02,5,Q3 03:28,Q3 00:00(종료),Chuang Po-Yuan,0,0,0,0,0,0,0,0,0,0,0,0,0
26/05/02,5,Q3 03:28,Q3 00:00(종료),Tsao Xun-Xiang,2,0,0,0,0,0,0,1,1,0,0,0,0
26/05/02,5,Q3 03:28,Q3 00:00(종료),Chris McCullough,2,3,1,0,0,0,0,1,1,0,1,0,0
26/05/02,5,Q3 03:28,Q3 00:00(종료),Gao Jin-Wei,0,0,0,0,0,0,0,0,0,0,1,0,0
26/05/02,5,Q3 03:28,Q3 00:00(종료),Lin Sin-Kuan,0,0,0,0,0,0,0,0,1,0,0,0,0
26/05/02,5,Q3 03:28,Q3 00:00(종료),Cheick Diallo,5,1,0,0,0,0,1,0,0,0,0,5,6
26/05/02,5,Q3 03:28,Q3 00:00(종료),Wang Hao-Chi,0,0,0,0,0,0,0,0,0,0,0,0,0
26/05/02,5,Q3 03:28,Q3 00:00(종료),Hsu Hong-Wei,0,0,0,0,0,0,0,0,0,0,0,0,0
26/05/02,6,Q4 09:54,Q4 00:00(종료),Chris McCullough,7,4,0,1,0,0,1,3,3,0,1,1,2
26/05/02,6,Q4 09:54,Q4 00:00(종료),Lin Sin-Kuan,0,0,0,1,0,0,0,0,2,0,0,0,0
26/05/02,6,Q4 09:54,Q4 00:00(종료),Malcolm Miller,6,1,1,0,0,0,1,3,4,0,0,0,0
26/05/02,6,Q4 09:54,Q4 00:00(종료),Tsao Xun-Xiang,0,1,0,0,0,0,0,0,2,0,0,0,0
26/05/02,6,Q4 09:54,Q4 00:00(종료),Gao Jin-Wei,6,1,0,0,0,1,1,2,2,0,2,2,2
26/05/02,6,Q4 09:54,Q4 00:00(종료),Chuang Po-Yuan,0,0,0,0,0,0,1,0,0,0,0,0,0
26/05/02,6,Q4 09:54,Q4 00:00(종료),Wang Hao-Chi,0,0,0,0,0,0,0,0,0,0,0,0,0
26/04/25,1,Q1 06:15,Q1 00:00(종료),Cheick Diallo,3,0,0,1,0,0,1,1,1,0,0,0,0
26/04/25,1,Q1 06:15,Q1 00:00(종료),Chris McCullough,2,3,0,0,0,1,1,1,2,0,1,0,0
26/04/25,1,Q1 06:15,Q1 00:00(종료),Malcolm Miller,2,1,0,0,0,0,0,1,2,0,0,0,0
26/04/25,1,Q1 06:15,Q1 00:00(종료),Chuang Po-Yuan,0,0,0,0,0,0,0,0,0,0,1,0,0
26/04/25,1,Q1 06:15,Q1 00:00(종료),Lin Sin-Kuan,3,0,0,1,0,0,0,0,2,1,1,0,0
26/04/25,1,Q1 06:15,Q1 00:00(종료),Gao Jin-Wei,0,0,0,0,0,0,0,0,0,0,0,0,0
26/04/25,1,Q1 06:15,Q1 00:00(종료),Tsao Xun-Xiang,0,0,1,0,0,0,1,0,0,0,0,0,0
26/04/25,1,Q1 06:15,Q1 00:00(종료),Wang Hao-Chi,2,1,1,0,0,0,0,0,0,0,0,2,2
26/04/25,1,Q1 06:15,Q1 00:00(종료),Tung Yung-Chuan,0,0,0,1,0,0,0,0,0,0,0,0,0
26/04/25,2,Q2 12:00,Q2 10:06,Chris McCullough,0,0,0,0,0,0,0,0,1,0,0,0,0
26/04/25,2,Q2 12:00,Q2 10:06,Lin Sin-Kuan,0,0,0,0,0,1,1,0,0,0,0,0,0
26/04/25,2,Q2 12:00,Q2 10:06,Tung Yung-Chuan,0,0,0,1,0,0,0,0,0,0,0,0,0
26/04/25,2,Q2 12:00,Q2 10:06,Cheick Diallo,3,0,0,0,1,0,1,1,1,0,0,0,0
26/04/25,2,Q2 12:00,Q2 10:06,Tsao Xun-Xiang,0,0,1,0,0,1,0,0,0,0,0,0,0
26/04/25,2,Q2 12:00,Q2 10:06,Chuang Po-Yuan,0,0,0,0,0,0,0,0,0,0,0,0,0
26/04/25,2,Q2 12:00,Q2 10:06,Malcolm Miller,0,0,0,0,0,0,0,0,0,0,0,0,0
26/04/25,3,Q2 06:45,Q2 00:00(종료),Cheick Diallo,0,0,0,0,0,0,1,0,0,0,0,0,0
26/04/25,3,Q2 06:45,Q2 00:00(종료),Chris McCullough,7,4,1,0,0,1,1,1,4,0,1,4,4
26/04/25,3,Q2 06:45,Q2 00:00(종료),Malcolm Miller,8,1,1,0,0,0,1,4,4,0,0,0,0
26/04/25,3,Q2 06:45,Q2 00:00(종료),Wang Hao-Chi,0,1,0,1,0,0,0,0,0,0,0,0,0
26/04/25,3,Q2 06:45,Q2 00:00(종료),Gao Jin-Wei,0,1,2,0,0,1,0,0,0,0,2,0,0
26/04/25,3,Q2 06:45,Q2 00:00(종료),Tung Yung-Chuan,0,0,0,0,0,0,0,0,0,0,0,0,0
26/04/25,3,Q2 06:45,Q2 00:00(종료),Chuang Po-Yuan,0,1,0,0,0,0,0,0,0,0,0,0,0
26/04/25,4,Q3 03:40,Q3 00:00(종료),Cheick Diallo,2,2,1,0,0,0,1,1,1,0,0,0,0
26/04/25,4,Q3 03:40,Q3 00:00(종료),Gao Jin-Wei,0,0,0,0,0,0,0,0,0,0,0,0,0
26/04/25,4,Q3 03:40,Q3 00:00(종료),Tsao Xun-Xiang,2,0,1,0,0,0,0,0,1,1,1,0,0
26/04/25,4,Q3 03:40,Q3 00:00(종료),Malcolm Miller,0,2,0,0,0,0,0,0,0,0,0,0,0
26/04/25,4,Q3 03:40,Q3 00:00(종료),Chris McCullough,0,1,0,0,1,0,1,0,0,0,0,0,0
26/04/25,4,Q3 03:40,Q3 00:00(종료),Lin Sin-Kuan,4,1,1,0,0,0,0,2,2,0,1,0,0
26/04/25,4,Q3 03:40,Q3 00:00(종료),Tung Yung-Chuan,0,0,1,0,0,0,0,0,0,0,0,0,0
26/04/25,4,Q3 03:40,Q3 00:00(종료),Chuang Po-Yuan,0,0,0,0,0,1,0,0,0,0,0,0,0
26/04/25,5,Q4 12:00,Q4 05:01,Lin Sin-Kuan,2,1,1,0,0,3,0,1,1,0,0,0,0
26/04/25,5,Q4 12:00,Q4 05:01,Chris McCullough,3,3,0,0,1,0,1,1,2,0,0,1,2
26/04/25,5,Q4 12:00,Q4 05:01,Tung Yung-Chuan,0,0,1,0,0,0,1,0,0,0,1,0,0
26/04/25,5,Q4 12:00,Q4 05:01,Cheick Diallo,4,1,0,0,0,0,1,2,2,0,1,0,0
26/04/25,5,Q4 12:00,Q4 05:01,Tsao Xun-Xiang,0,1,3,0,0,0,2,0,0,0,1,0,0
26/04/25,5,Q4 12:00,Q4 05:01,Malcolm Miller,4,0,0,0,0,1,0,2,2,0,0,0,0
26/04/25,5,Q4 12:00,Q4 05:01,Wang Hao-Chi,0,0,0,1,0,0,0,0,0,0,0,0,0
26/04/25,5,Q4 12:00,Q4 05:01,Chuang Po-Yuan,0,0,0,0,0,1,0,0,0,0,0,0,0
26/04/25,5,Q4 12:00,Q4 05:01,Gao Jin-Wei,0,0,0,0,0,0,0,0,0,0,0,0,0
