src,dst,team_id,assists,assists_fg,assists_ft,pts_created,shared_min,assists_per36_shared,src_idx,dst_idx,coverage
1,10,8,3,2,1,6,106.45,1.0145608266791921,0,1,vs_leopards_only
1,10865,8,2,2,0,4,30.733333333333334,2.3427331887201737,0,13,vs_leopards_only
1,10867,8,3,3,0,7,35.733333333333334,3.0223880597014925,0,14,vs_leopards_only
1,10869,8,4,3,1,10,86.0,1.6744186046511629,0,16,vs_leopards_only
1,13,8,1,1,0,2,3.55,10.140845070422536,0,56,vs_leopards_only
1,13400,8,3,3,0,7,36.3,2.9752066115702482,0,60,vs_leopards_only
1,13907,8,4,4,0,11,93.53333333333333,1.5395580898075554,0,64,vs_leopards_only
1,14,8,4,3,1,8,99.18333333333334,1.451856830784742,0,65,vs_leopards_only
1,14845,8,1,1,0,2,54.75,0.6575342465753424,0,73,vs_leopards_only
1,3,8,1,1,0,2,25.133333333333333,1.4323607427055702,0,86,vs_leopards_only
1,5,8,2,2,0,5,96.11666666666666,0.7490896479972257,0,101,vs_leopards_only
10,1,8,1,0,1,0,106.45,0.33818694222639734,1,0,vs_leopards_only
10,10865,8,1,1,0,2,45.083333333333336,0.7985212569316081,1,13,vs_leopards_only
10,10868,8,1,0,1,0,22.766666666666666,1.581259150805271,1,15,vs_leopards_only
10,10869,8,2,2,0,6,94.81666666666666,0.7593601687467042,1,16,vs_leopards_only
10,13400,8,3,3,0,7,27.683333333333334,3.901264298615292,1,60,vs_leopards_only
10,13907,8,3,2,1,7,69.81666666666666,1.5469085700644547,1,64,vs_leopards_only
10,14,8,2,2,0,6,115.01666666666667,0.6259962324300826,1,65,vs_leopards_only
10,4,8,1,1,0,3,28.4,1.267605633802817,1,93,vs_leopards_only
10,5,8,2,2,0,6,67.26666666666667,1.070366699702676,1,101,vs_leopards_only
103,107,3,2,1,1,2,98.33333333333333,0.7322033898305085,3,6,vs_leopards_only
103,10890,3,2,2,0,5,68.8,1.0465116279069768,3,37,vs_leopards_only
103,13777,3,2,2,0,5,32.35,2.2256568778979906,3,61,vs_leopards_only
103,13906,3,2,2,0,6,84.65,0.850561134081512,3,63,vs_leopards_only
103,79,3,1,1,0,2,106.66666666666667,0.33749999999999997,3,120,vs_leopards_only
104,10880,6,1,1,0,2,15.2,2.368421052631579,4,27,vs_leopards_only
107,103,3,2,2,0,6,98.33333333333333,0.7322033898305085,6,3,vs_leopards_only
107,106,3,2,2,0,4,14.4,5.0,6,5,vs_leopards_only
107,13906,3,2,2,0,4,52.35,1.3753581661891117,6,63,vs_leopards_only
107,73,3,2,2,0,4,24.083333333333332,2.98961937716263,6,115,vs_leopards_only
107,77,3,1,1,0,2,42.2,0.8530805687203791,6,118,vs_leopards_only
107,79,3,2,2,0,4,76.95,0.935672514619883,6,120,vs_leopards_only
107,86,3,1,1,0,2,76.25,0.4721311475409836,6,125,vs_leopards_only
108,10891,2,1,0,1,1,21.066666666666666,1.7088607594936709,7,38,vs_leopards_only
108,110,2,1,1,0,3,14.75,2.440677966101695,7,44,vs_leopards_only
108,121,2,1,1,0,3,25.083333333333332,1.435215946843854,7,51,vs_leopards_only
108,12668,2,1,1,0,2,7.966666666666667,4.518828451882845,7,54,vs_leopards_only
108,13399,2,1,0,1,1,11.783333333333333,3.0551626591230554,7,59,vs_leopards_only
108,51,2,1,1,0,2,22.833333333333332,1.5766423357664234,7,102,vs_leopards_only
10860,10861,5,8,5,3,13,146.01666666666668,1.9723775824677547,8,9,leopards_all_games
10860,10884,5,1,1,0,2,113.08333333333333,0.31834929992630806,8,31,leopards_all_games
10860,12,5,1,1,0,3,432.81666666666666,0.08317609457430013,8,50,leopards_all_games
10860,16,5,3,3,0,6,314.9,0.3429660209590346,8,75,leopards_all_games
10860,3129,5,3,3,0,8,161.7,0.6679035250463823,8,87,leopards_all_games
10860,54,5,4,4,0,12,468.4166666666667,0.30741860878847177,8,103,leopards_all_games
10860,55,5,1,1,0,2,37.78333333333333,0.952801058667843,8,104,leopards_all_games
10860,57,5,3,2,1,7,383.98333333333335,0.28126220756109205,8,106,leopards_all_games
10860,58,5,10,9,1,22,526.2166666666667,0.68412884426567,8,107,leopards_all_games
10860,62,5,1,1,0,2,196.0,0.1836734693877551,8,110,leopards_all_games
10860,68,5,5,5,0,11,317.81666666666666,0.5663642561225025,8,112,leopards_all_games
10861,10860,5,2,2,0,4,146.01666666666668,0.4930943956169387,9,8,leopards_all_games
10861,12,5,3,2,1,7,364.75,0.29609321453050036,9,50,leopards_all_games
10861,16,5,3,2,1,6,252.38333333333333,0.42792049131611964,9,75,leopards_all_games
10861,54,5,6,6,0,17,476.0,0.453781512605042,9,103,leopards_all_games
10861,57,5,2,2,0,6,384.3333333333333,0.18733738074588033,9,106,leopards_all_games
10861,58,5,8,7,1,18,419.26666666666665,0.6869136587692797,9,107,leopards_all_games
10861,62,5,2,2,0,6,260.6,0.2762854950115119,9,110,leopards_all_games
10861,68,5,9,8,1,18,346.03333333333336,0.9363259801560543,9,112,leopards_all_games
10862,10885,4,1,1,0,3,62.333333333333336,0.5775401069518716,10,32,vs_leopards_only
10862,10887,4,2,1,1,3,111.03333333333333,0.6484539177424197,10,34,vs_leopards_only
10862,10888,4,1,1,0,2,33.333333333333336,1.0799999999999998,10,35,vs_leopards_only
10862,14843,4,1,0,1,1,16.033333333333335,2.245322245322245,10,71,vs_leopards_only
10862,76,4,1,1,0,2,80.81666666666666,0.44545267065374305,10,117,vs_leopards_only
10862,87,4,4,3,1,8,77.61666666666666,1.8552716340992057,10,127,vs_leopards_only
10862,88,4,2,2,0,6,108.5,0.663594470046083,10,128,vs_leopards_only
10863,10867,8,1,1,0,2,11.883333333333333,3.02945301542777,11,14,vs_leopards_only
10863,3,8,1,0,1,1,11.4,3.1578947368421053,11,86,vs_leopards_only
10864,1,8,1,1,0,3,5.45,6.605504587155963,12,0,vs_leopards_only
10864,10867,8,1,1,0,3,4.983333333333333,7.224080267558528,12,14,vs_leopards_only
10865,1,8,1,1,0,3,30.733333333333334,1.1713665943600868,13,0,vs_leopards_only
10865,10870,8,1,1,0,3,16.533333333333335,2.1774193548387095,13,17,vs_leopards_only
10865,11,8,1,1,0,2,5.233333333333333,6.8789808917197455,13,43,vs_leopards_only
10865,13400,8,1,1,0,2,23.383333333333333,1.5395580898075554,13,60,vs_leopards_only
10865,5,8,1,1,0,3,41.25,0.8727272727272727,13,101,vs_leopards_only
10867,10870,8,1,1,0,3,17.066666666666666,2.109375,14,17,vs_leopards_only
10867,13907,8,2,2,0,5,22.283333333333335,3.2311144353029166,14,64,vs_leopards_only
10867,3,8,1,1,0,2,16.133333333333333,2.231404958677686,14,86,vs_leopards_only
10867,5,8,1,1,0,3,25.683333333333334,1.4016872160934457,14,101,vs_leopards_only
10868,1,8,1,1,0,2,17.066666666666666,2.109375,15,0,vs_leopards_only
10868,4,8,1,1,0,2,10.566666666666666,3.406940063091483,15,93,vs_leopards_only
10869,10,8,2,2,0,6,94.81666666666666,0.7593601687467042,16,1,vs_leopards_only
10869,10865,8,1,1,0,2,59.333333333333336,0.6067415730337078,16,13,vs_leopards_only
10869,10867,8,1,1,0,3,12.216666666666667,2.946793997271487,16,14,vs_leopards_only
10869,10868,8,1,1,0,2,12.816666666666666,2.808842652795839,16,15,vs_leopards_only
10869,13400,8,2,2,0,4,37.46666666666667,1.9217081850533806,16,60,vs_leopards_only
10869,13907,8,1,1,0,2,28.85,1.2478336221837087,16,64,vs_leopards_only
10869,5,8,2,2,0,6,56.38333333333333,1.2769731007981082,16,101,vs_leopards_only
10870,1,8,1,1,0,3,6.916666666666667,5.204819277108434,17,0,vs_leopards_only
10870,10,8,3,3,0,6,51.9,2.0809248554913293,17,1,vs_leopards_only
10870,10865,8,1,1,0,3,16.533333333333335,2.1774193548387095,17,13,vs_leopards_only
10870,10867,8,1,1,0,3,17.066666666666666,2.109375,17,14,vs_leopards_only
10870,10869,8,2,2,0,5,33.78333333333333,2.1312284163788853,17,16,vs_leopards_only
10870,14,8,1,1,0,2,63.1,0.5705229793977813,17,65,vs_leopards_only
10870,5,8,1,1,0,3,13.516666666666667,2.663378545006165,17,101,vs_leopards_only
10872,10874,7,2,2,0,6,119.83333333333333,0.6008344923504868,19,21,vs_leopards_only
10872,10875,7,2,2,0,4,81.33333333333333,0.8852459016393444,19,22,vs_leopards_only
10872,13029,7,8,8,0,21,166.58333333333334,1.728864432216108,19,57,vs_leopards_only
10872,14038,7,3,2,1,6,74.83333333333333,1.4432071269487752,19,67,vs_leopards_only
10872,21,7,1,1,0,2,87.75,0.41025641025641024,19,78,vs_leopards_only
10872,22,7,1,1,0,3,29.0,1.2413793103448276,19,79,vs_leopards_only
10872,24,7,2,2,0,5,83.53333333333333,0.8619313647246608,19,81,vs_leopards_only
10872,25,7,1,1,0,2,36.916666666666664,0.9751693002257337,19,82,vs_leopards_only
10872,28,7,1,1,0,3,45.86666666666667,0.7848837209302325,19,84,vs_leopards_only
10872,29,7,3,3,0,8,175.96666666666667,0.6137526046599735,19,85,vs_leopards_only
10872,32,7,1,1,0,3,73.41666666666667,0.49035187287173665,19,88,vs_leopards_only
10872,34,7,7,6,1,14,121.8,2.0689655172413794,19,89,vs_leopards_only
10872,867,7,1,1,0,3,44.56666666666667,0.8077786088257292,19,126,vs_leopards_only
10873,10876,7,1,1,0,2,1.85,19.45945945945946,20,23,vs_leopards_only
10874,10872,7,2,2,0,5,119.83333333333333,0.6008344923504868,21,19,vs_leopards_only
10874,10875,7,1,1,0,2,32.96666666666667,1.0920121334681496,21,22,vs_leopards_only
10874,13029,7,1,1,0,3,82.53333333333333,0.4361873990306947,21,57,vs_leopards_only
10874,14038,7,1,1,0,2,63.93333333333333,0.5630865484880083,21,67,vs_leopards_only
10875,10872,7,3,3,0,7,81.33333333333333,1.3278688524590165,22,19,vs_leopards_only
10875,13029,7,1,1,0,2,30.233333333333334,1.1907386990077178,22,57,vs_leopards_only
10875,19,7,1,1,0,2,12.933333333333334,2.783505154639175,22,76,vs_leopards_only
10875,21,7,1,1,0,2,53.36666666666667,0.674578388507183,22,78,vs_leopards_only
10875,28,7,3,3,0,8,43.516666666666666,2.4818077364994258,22,84,vs_leopards_only
10875,29,7,1,1,0,3,67.23333333333333,0.5354486861675756,22,85,vs_leopards_only
10875,867,7,1,1,0,3,26.566666666666666,1.355081555834379,22,126,vs_leopards_only
10876,24,7,1,1,0,3,6.116666666666666,5.885558583106268,23,81,vs_leopards_only
10876,867,7,1,1,0,3,15.283333333333333,2.3555070883315157,23,126,vs_leopards_only
10877,10879,6,1,1,0,3,38.833333333333336,0.927038626609442,24,26,vs_leopards_only
10877,10880,6,2,2,0,6,132.98333333333332,0.5414212307306681,24,27,vs_leopards_only
10877,10881,6,3,3,0,6,134.06666666666666,0.8055693684733963,24,28,vs_leopards_only
10877,113,6,1,1,0,3,48.65,0.7399794450154162,24,46,vs_leopards_only
10877,39,6,1,1,0,2,56.85,0.6332453825857519,24,92,vs_leopards_only
10877,40,6,2,2,0,6,102.41666666666667,0.7030105777054515,24,94,vs_leopards_only
10877,44,6,1,1,0,2,58.983333333333334,0.6103419044927946,24,97,vs_leopards_only
10877,8889,6,1,1,0,2,49.983333333333334,0.7202400800266755,24,129,vs_leopards_only
10879,10877,6,1,1,0,3,38.833333333333336,0.927038626609442,26,24,vs_leopards_only
10879,10880,6,3,3,0,7,68.78333333333333,1.5701478071238189,26,27,vs_leopards_only
10879,10881,6,1,1,0,2,49.81666666666667,0.7226497156239544,26,28,vs_leopards_only
10879,10882,6,1,1,0,3,20.05,1.795511221945137,26,29,vs_leopards_only
10880,10877,6,1,1,0,3,132.98333333333332,0.27071061536533403,27,24,vs_leopards_only
10880,10881,6,1,0,1,1,119.38333333333334,0.30154963004327795,27,28,vs_leopards_only
10880,10882,6,2,2,0,6,30.983333333333334,2.3238300161377086,27,29,vs_leopards_only
10880,14707,6,1,1,0,2,12.45,2.891566265060241,27,70,vs_leopards_only
10880,39,6,1,1,0,3,83.96666666666667,0.42874156411274317,27,92,vs_leopards_only
10880,40,6,3,3,0,7,137.4,0.7860262008733624,27,94,vs_leopards_only
10880,44,6,1,1,0,3,60.31666666666667,0.5968499585520862,27,97,vs_leopards_only
10880,47,6,1,0,1,0,36.45,0.9876543209876543,27,99,vs_leopards_only
10881,10877,6,6,5,1,13,134.06666666666666,1.6111387369467927,28,24,vs_leopards_only
10881,10879,6,1,1,0,3,49.81666666666667,0.7226497156239544,28,26,vs_leopards_only
10881,10880,6,4,3,1,8,119.38333333333334,1.2061985201731118,28,27,vs_leopards_only
10881,10882,6,2,2,0,6,27.35,2.6325411334552102,28,29,vs_leopards_only
10881,40,6,3,2,1,6,114.68333333333334,0.9417235866879814,28,94,vs_leopards_only
10881,44,6,1,1,0,3,67.68333333333334,0.531888697365181,28,97,vs_leopards_only
10881,47,6,2,2,0,4,46.016666666666666,1.5646504889532777,28,99,vs_leopards_only
10882,10881,6,1,1,0,2,27.35,1.3162705667276051,29,28,vs_leopards_only
10882,113,6,1,1,0,3,22.133333333333333,1.6265060240963856,29,46,vs_leopards_only
10882,40,6,1,1,0,2,41.96666666666667,0.8578236695790309,29,94,vs_leopards_only
10882,48,6,1,1,0,3,11.766666666666667,3.0594900849858355,29,100,vs_leopards_only
10884,10860,5,1,1,0,2,113.08333333333333,0.31834929992630806,31,8,leopards_all_games
10884,10861,5,1,1,0,2,86.23333333333333,0.41747197526092,31,9,leopards_all_games
10884,12,5,1,1,0,2,127.35,0.2826855123674912,31,50,leopards_all_games
10884,16,5,2,2,0,5,82.81666666666666,0.8693902193600322,31,75,leopards_all_games
10884,56,5,1,1,0,3,44.96666666666667,0.8005930318754633,31,105,leopards_all_games
10884,58,5,2,2,0,5,105.43333333333334,0.6828959848245336,31,107,leopards_all_games
10884,60,5,1,1,0,3,24.15,1.4906832298136647,31,109,leopards_all_games
10884,68,5,1,1,0,2,40.75,0.8834355828220859,31,112,leopards_all_games
10885,10887,4,4,4,0,9,127.71666666666667,1.127495758841185,32,34,vs_leopards_only
10885,10888,4,1,1,0,2,65.35,0.5508798775822494,32,35,vs_leopards_only
10885,75,4,1,0,1,1,94.35,0.3815580286168522,32,116,vs_leopards_only
10885,87,4,2,2,0,5,26.083333333333332,2.76038338658147,32,127,vs_leopards_only
10885,88,4,1,1,0,3,25.566666666666666,1.4080834419817472,32,128,vs_leopards_only
10887,10862,4,2,2,0,4,111.03333333333333,0.6484539177424197,34,10,vs_leopards_only
10887,10888,4,1,1,0,2,64.75,0.555984555984556,34,35,vs_leopards_only
10887,75,4,3,3,0,7,148.7,0.7262945527908541,34,116,vs_leopards_only
10887,76,4,4,4,0,10,138.13333333333333,1.0424710424710426,34,117,vs_leopards_only
10887,82,4,2,2,0,4,22.516666666666666,3.1976313841598816,34,122,vs_leopards_only
10887,87,4,3,3,0,7,81.4,1.3267813267813267,34,127,vs_leopards_only
10887,88,4,1,1,0,3,89.1,0.4040404040404041,34,128,vs_leopards_only
10888,10862,4,2,1,1,3,33.333333333333336,2.1599999999999997,35,10,vs_leopards_only
10888,10885,4,1,1,0,3,65.35,0.5508798775822494,35,32,vs_leopards_only
10888,10887,4,2,1,1,3,64.75,1.111969111969112,35,34,vs_leopards_only
10888,75,4,1,1,0,2,57.483333333333334,0.6262684836184401,35,116,vs_leopards_only
10888,76,4,1,1,0,3,69.53333333333333,0.5177372962607862,35,117,vs_leopards_only
10888,90,4,1,1,0,2,22.6,1.5929203539823007,35,132,vs_leopards_only
10889,107,3,1,0,1,1,27.116666666666667,1.3275968039336201,36,6,vs_leopards_only
10889,10890,3,1,1,0,3,15.733333333333333,2.288135593220339,36,37,vs_leopards_only
10889,73,3,1,1,0,3,9.733333333333333,3.6986301369863015,36,115,vs_leopards_only
10889,77,3,2,2,0,6,19.366666666666667,3.7177280550774525,36,118,vs_leopards_only
10889,79,3,2,1,1,4,12.1,5.9504132231404965,36,120,vs_leopards_only
10889,89,3,1,1,0,3,41.96666666666667,0.8578236695790309,36,130,vs_leopards_only
10890,103,3,2,2,0,6,68.8,1.0465116279069768,37,3,vs_leopards_only
10890,107,3,4,4,0,9,48.333333333333336,2.979310344827586,37,6,vs_leopards_only
10890,13906,3,1,1,0,2,35.333333333333336,1.0188679245283019,37,63,vs_leopards_only
10890,79,3,2,2,0,5,41.65,1.7286914765906363,37,120,vs_leopards_only
10890,89,3,1,1,0,2,72.41666666666667,0.4971231300345224,37,130,vs_leopards_only
10891,110,2,1,1,0,3,19.016666666666666,1.89307624890447,38,44,vs_leopards_only
10891,12668,2,1,1,0,2,4.633333333333334,7.76978417266187,38,54,vs_leopards_only
10891,45,2,2,1,1,4,22.916666666666668,3.1418181818181816,38,98,vs_leopards_only
10894,118,2,1,1,0,3,49.0,0.7346938775510204,41,48,vs_leopards_only
109,116,2,1,1,0,2,17.316666666666666,2.078922040423484,42,47,vs_leopards_only
109,119,2,1,1,0,3,9.4,3.829787234042553,42,49,vs_leopards_only
109,121,2,1,1,0,2,27.0,1.3333333333333333,42,51,vs_leopards_only
109,12908,2,1,1,0,2,21.9,1.6438356164383563,42,55,vs_leopards_only
110,108,2,1,1,0,3,14.75,2.440677966101695,44,7,vs_leopards_only
110,10894,2,3,3,0,6,54.266666666666666,1.9901719901719903,44,41,vs_leopards_only
110,118,2,3,3,0,8,87.08333333333333,1.2401913875598087,44,48,vs_leopards_only
110,121,2,1,1,0,3,67.88333333333334,0.5303216302479744,44,51,vs_leopards_only
110,12668,2,1,1,0,2,22.1,1.6289592760180995,44,54,vs_leopards_only
110,12908,2,1,1,0,2,48.95,0.7354443309499489,44,55,vs_leopards_only
110,13399,2,1,1,0,2,13.366666666666667,2.693266832917706,44,59,vs_leopards_only
110,14037,2,1,1,0,2,13.05,2.758620689655172,44,66,vs_leopards_only
110,4181,2,3,3,0,7,32.86666666666667,3.286004056795132,44,95,vs_leopards_only
110,45,2,3,3,0,8,86.06666666666666,1.2548412083656082,44,98,vs_leopards_only
113,10880,6,1,1,0,2,68.51666666666667,0.5254196059352956,46,27,vs_leopards_only
113,10881,6,1,1,0,2,51.86666666666667,0.6940874035989717,46,28,vs_leopards_only
113,39,6,1,1,0,2,21.65,1.6628175519630486,46,92,vs_leopards_only
113,40,6,2,2,0,4,40.38333333333333,1.7829137432934379,46,94,vs_leopards_only
113,48,6,1,1,0,2,7.5,4.8,46,100,vs_leopards_only
116,109,2,1,1,0,3,17.316666666666666,2.078922040423484,47,42,vs_leopards_only
116,118,2,2,2,0,5,33.88333333333333,2.1249385145105757,47,48,vs_leopards_only
116,4181,2,1,1,0,2,31.9,1.1285266457680252,47,95,vs_leopards_only
118,116,2,1,0,1,1,33.88333333333333,1.0624692572552878,48,47,vs_leopards_only
118,12668,2,2,2,0,5,34.18333333333333,2.106289614822038,48,54,vs_leopards_only
118,12908,2,2,2,0,4,40.21666666666667,1.790302527973477,48,55,vs_leopards_only
118,4181,2,3,3,0,8,54.13333333333333,1.9950738916256159,48,95,vs_leopards_only
118,45,2,3,3,0,7,68.61666666666666,1.5739616225406852,48,98,vs_leopards_only
119,12668,2,1,1,0,3,5.85,6.153846153846154,49,54,vs_leopards_only
119,51,2,2,2,0,4,15.016666666666667,4.794672586015538,49,102,vs_leopards_only
12,10860,5,26,23,3,50,432.81666666666666,2.162578458931803,50,8,leopards_all_games
12,10861,5,30,29,1,59,364.75,2.9609321453050033,50,9,leopards_all_games
12,10884,5,4,4,0,10,127.35,1.1307420494699647,50,31,leopards_all_games
12,16,5,28,25,3,59,459.4,2.1941663038746193,50,75,leopards_all_games
12,3129,5,4,4,0,10,166.95,0.862533692722372,50,87,leopards_all_games
12,54,5,3,3,0,8,251.41666666666666,0.42956579383493537,50,103,leopards_all_games
12,55,5,3,3,0,7,84.9,1.2720848056537102,50,104,leopards_all_games
12,57,5,3,3,0,9,223.53333333333333,0.4831494184312556,50,106,leopards_all_games
12,58,5,20,20,0,50,518.0666666666667,1.3897825247715865,50,107,leopards_all_games
12,62,5,5,5,0,14,196.36666666666667,0.9166525207944322,50,110,leopards_all_games
12,68,5,15,13,2,33,314.6166666666667,1.716374423902103,50,112,leopards_all_games
121,10894,2,1,1,0,2,17.966666666666665,2.003710575139147,51,41,vs_leopards_only
121,118,2,1,1,0,3,53.13333333333333,0.6775407779171895,51,48,vs_leopards_only
122,10894,2,3,1,2,4,16.266666666666666,6.639344262295082,52,41,vs_leopards_only
122,109,2,1,1,0,3,14.35,2.5087108013937285,52,42,vs_leopards_only
122,118,2,3,2,1,7,18.616666666666667,5.801253357206804,52,48,vs_leopards_only
12668,108,2,1,1,0,2,7.966666666666667,4.518828451882845,54,7,vs_leopards_only
12668,118,2,1,1,0,2,34.18333333333333,1.053144807411019,54,48,vs_leopards_only
12668,119,2,1,0,1,0,5.85,6.153846153846154,54,49,vs_leopards_only
12668,122,2,1,1,0,3,32.31666666666667,1.11397627643115,54,52,vs_leopards_only
12668,12908,2,1,1,0,3,15.483333333333333,2.32508073196986,54,55,vs_leopards_only
12908,108,2,1,1,0,3,5.5,6.545454545454546,55,7,vs_leopards_only
12908,10894,2,3,3,0,7,24.733333333333334,4.366576819407008,55,41,vs_leopards_only
12908,109,2,1,1,0,3,21.9,1.6438356164383563,55,42,vs_leopards_only
12908,110,2,2,2,0,6,48.95,1.4708886618998978,55,44,vs_leopards_only
12908,116,2,1,1,0,3,13.9,2.5899280575539567,55,47,vs_leopards_only
12908,118,2,7,7,0,18,40.21666666666667,6.2660588479071695,55,48,vs_leopards_only
12908,13275,2,1,1,0,2,9.8,3.6734693877551017,55,58,vs_leopards_only
12908,13399,2,1,1,0,2,22.683333333333334,1.5870683321087435,55,59,vs_leopards_only
13029,10872,7,7,7,0,19,166.58333333333334,1.5127563781890945,57,19,vs_leopards_only
13029,10874,7,4,3,1,10,82.53333333333333,1.7447495961227788,57,21,vs_leopards_only
13029,10875,7,3,3,0,6,30.233333333333334,3.572216097023153,57,22,vs_leopards_only
13029,14038,7,5,5,0,13,62.916666666666664,2.8609271523178808,57,67,vs_leopards_only
13029,21,7,6,6,0,14,122.01666666666667,1.7702499658516597,57,78,vs_leopards_only
13029,22,7,2,2,0,4,53.9,1.3358070500927643,57,79,vs_leopards_only
13029,23,7,1,1,0,2,8.8,4.090909090909091,57,80,vs_leopards_only
13029,24,7,6,6,0,15,163.98333333333332,1.317207033235085,57,81,vs_leopards_only
13029,29,7,2,2,0,6,234.75,0.30670926517571884,57,85,vs_leopards_only
13029,32,7,3,3,0,9,60.333333333333336,1.7900552486187844,57,88,vs_leopards_only
13029,34,7,6,5,1,11,152.0,1.4210526315789473,57,89,vs_leopards_only
13275,116,2,1,1,0,2,17.016666666666666,2.1155729676787463,58,47,vs_leopards_only
13399,109,2,2,2,0,6,34.53333333333333,2.084942084942085,59,42,vs_leopards_only
13399,12908,2,2,2,0,5,22.683333333333334,3.174136664217487,59,55,vs_leopards_only
13399,51,2,4,3,1,7,22.75,6.329670329670329,59,102,vs_leopards_only
13400,10,8,2,1,1,3,27.683333333333334,2.600842865743528,60,1,vs_leopards_only
13400,5,8,1,1,0,3,33.68333333333333,1.0687778327560615,60,101,vs_leopards_only
13777,103,3,1,1,0,3,32.35,1.1128284389489953,61,3,vs_leopards_only
13777,106,3,1,1,0,2,16.0,2.25,61,5,vs_leopards_only
13777,79,3,1,1,0,3,31.483333333333334,1.143462149285336,61,120,vs_leopards_only
13777,89,3,2,2,0,4,33.56666666666667,2.144985104270109,61,130,vs_leopards_only
13778,10887,4,1,1,0,3,17.083333333333332,2.107317073170732,62,34,vs_leopards_only
13906,107,3,4,2,2,6,52.35,2.7507163323782233,63,6,vs_leopards_only
13906,10890,3,2,1,1,3,35.333333333333336,2.0377358490566038,63,37,vs_leopards_only
13906,77,3,2,2,0,5,50.0,1.44,63,118,vs_leopards_only
13906,79,3,1,1,0,2,93.5,0.3850267379679144,63,120,vs_leopards_only
13906,89,3,2,2,0,6,107.66666666666667,0.6687306501547987,63,130,vs_leopards_only
13907,1,8,2,2,0,6,93.53333333333333,0.7697790449037777,64,0,vs_leopards_only
13907,10867,8,1,1,0,2,22.283333333333335,1.6155572176514583,64,14,vs_leopards_only
13907,10869,8,2,2,0,5,28.85,2.4956672443674175,64,16,vs_leopards_only
13907,14,8,1,1,0,3,60.81666666666667,0.5919429980816662,64,65,vs_leopards_only
13907,14845,8,1,1,0,2,45.266666666666666,0.7952871870397644,64,73,vs_leopards_only
14,10,8,1,1,0,2,115.01666666666667,0.3129981162150413,65,1,vs_leopards_only
14,10864,8,1,0,1,1,4.983333333333333,7.224080267558528,65,12,vs_leopards_only
14,10867,8,4,4,0,8,46.11666666666667,3.1225153595952295,65,14,vs_leopards_only
14,10869,8,1,1,0,3,87.06666666666666,0.41347626339969373,65,16,vs_leopards_only
14,10870,8,4,4,0,10,63.1,2.282091917591125,65,17,vs_leopards_only
14,14845,8,2,2,0,5,35.53333333333333,2.0262664165103192,65,73,vs_leopards_only
14,3,8,1,1,0,2,20.616666666666667,1.746160064672595,65,86,vs_leopards_only
14,4,8,1,1,0,2,33.95,1.0603829160530192,65,93,vs_leopards_only
14,5,8,1,1,0,2,44.85,0.802675585284281,65,101,vs_leopards_only
14037,108,2,1,1,0,3,11.916666666666666,3.0209790209790213,66,7,vs_leopards_only
14038,10872,7,3,3,0,8,74.83333333333333,1.4432071269487752,67,19,vs_leopards_only
14038,10874,7,1,1,0,2,63.93333333333333,0.5630865484880083,67,21,vs_leopards_only
14038,34,7,1,1,0,2,24.016666666666666,1.4989590562109647,67,89,vs_leopards_only
14303,10872,7,1,1,0,2,24.233333333333334,1.485557083906465,68,19,vs_leopards_only
14303,10875,7,1,0,1,1,19.116666666666667,1.883173496076722,68,22,vs_leopards_only
14303,29,7,1,1,0,2,37.56666666666667,0.95829636202307,68,85,vs_leopards_only
14707,40,6,2,2,0,4,26.266666666666666,2.7411167512690358,70,94,vs_leopards_only
14707,47,6,1,1,0,2,26.466666666666665,1.3602015113350128,70,99,vs_leopards_only
14707,8889,6,1,1,0,3,20.483333333333334,1.757526444263629,70,129,vs_leopards_only
14843,13778,4,2,1,1,2,9.316666666666666,7.728085867620751,71,62,vs_leopards_only
14843,75,4,1,1,0,3,38.016666666666666,0.9469530907496713,71,116,vs_leopards_only
14843,87,4,2,1,1,2,31.866666666666667,2.2594142259414225,71,127,vs_leopards_only
14844,116,2,1,0,1,1,26.616666666666667,1.3525360050093926,72,47,vs_leopards_only
14844,118,2,1,1,0,2,41.21666666666667,0.8734330772341286,72,48,vs_leopards_only
14844,121,2,1,0,1,1,33.15,1.0859728506787332,72,51,vs_leopards_only
14844,4181,2,11,9,2,22,46.266666666666666,8.559077809798271,72,95,vs_leopards_only
14844,45,2,1,1,0,3,15.516666666666667,2.3200859291084854,72,98,vs_leopards_only
14845,10,8,1,1,0,2,33.45,1.0762331838565022,73,1,vs_leopards_only
14845,13907,8,3,2,1,6,45.266666666666666,2.385861561119293,73,64,vs_leopards_only
14845,14,8,1,1,0,2,35.53333333333333,1.0131332082551596,73,65,vs_leopards_only
14845,3,8,1,1,0,3,19.75,1.8227848101265822,73,86,vs_leopards_only
14845,5,8,1,1,0,3,45.61666666666667,0.7891852393131166,73,101,vs_leopards_only
14982,10862,4,1,1,0,2,6.466666666666667,5.56701030927835,74,10,vs_leopards_only
14982,10888,4,1,1,0,2,2.716666666666667,13.251533742331288,74,35,vs_leopards_only
14982,75,4,1,1,0,3,11.783333333333333,3.0551626591230554,74,116,vs_leopards_only
16,10860,5,14,13,1,30,314.9,1.6005080978088284,75,8,leopards_all_games
16,10861,5,4,3,1,7,252.38333333333333,0.5705606550881596,75,9,leopards_all_games
16,10884,5,1,1,0,3,82.81666666666666,0.4346951096800161,75,31,leopards_all_games
16,12,5,2,2,0,5,459.4,0.1567261645624728,75,50,leopards_all_games
16,3129,5,4,4,0,10,298.46666666666664,0.4824659370113916,75,87,leopards_all_games
16,54,5,15,15,0,45,829.2333333333333,0.651203923302649,75,103,leopards_all_games
16,55,5,1,1,0,3,60.266666666666666,0.5973451327433629,75,104,leopards_all_games
16,57,5,6,6,0,18,655.9166666666666,0.32931012577817304,75,106,leopards_all_games
16,58,5,7,7,0,20,660.4166666666666,0.38157728706624605,75,107,leopards_all_games
16,62,5,9,7,2,22,359.1666666666667,0.9020881670533643,75,110,leopards_all_games
16,68,5,10,9,1,23,579.5,0.6212251941328731,75,112,leopards_all_games
19,10875,7,2,2,0,4,12.933333333333334,5.56701030927835,76,22,vs_leopards_only
19,10876,7,1,1,0,3,1.85,19.45945945945946,76,23,vs_leopards_only
19,867,7,2,2,0,6,11.433333333333334,6.297376093294461,76,126,vs_leopards_only
21,10872,7,4,4,0,12,87.75,1.641025641025641,78,19,vs_leopards_only
21,10874,7,2,2,0,6,32.95,2.1851289833080423,78,21,vs_leopards_only
21,10875,7,1,1,0,2,53.36666666666667,0.674578388507183,78,22,vs_leopards_only
21,13029,7,1,1,0,3,122.01666666666667,0.2950416609752766,78,57,vs_leopards_only
21,24,7,4,4,0,9,86.43333333333334,1.6660239105283454,78,81,vs_leopards_only
21,28,7,2,2,0,6,25.283333333333335,2.847725774555043,78,84,vs_leopards_only
21,29,7,1,1,0,3,95.2,0.37815126050420167,78,85,vs_leopards_only
21,32,7,3,3,0,7,52.31666666666667,2.064351704364447,78,88,vs_leopards_only
21,34,7,1,1,0,2,76.33333333333333,0.4716157205240175,78,89,vs_leopards_only
21,867,7,3,3,0,7,35.71666666666667,3.023798413439104,78,126,vs_leopards_only
22,25,7,1,1,0,3,22.75,1.5824175824175823,79,82,vs_leopards_only
24,10872,7,1,1,0,3,83.53333333333333,0.4309656823623304,81,19,vs_leopards_only
24,10875,7,1,1,0,2,35.666666666666664,1.0093457943925235,81,22,vs_leopards_only
24,13029,7,2,2,0,5,163.98333333333332,0.43906901107836166,81,57,vs_leopards_only
24,14038,7,2,2,0,4,34.266666666666666,2.1011673151750974,81,67,vs_leopards_only
24,21,7,1,1,0,3,86.43333333333334,0.41650597763208635,81,78,vs_leopards_only
24,34,7,3,3,0,6,83.18333333333334,1.2983370066119013,81,89,vs_leopards_only
25,10874,7,1,1,0,3,5.716666666666667,6.297376093294461,82,21,vs_leopards_only
25,10875,7,1,0,1,1,20.916666666666668,1.7211155378486054,82,22,vs_leopards_only
25,13029,7,1,1,0,2,36.733333333333334,0.9800362976406534,82,57,vs_leopards_only
25,28,7,1,1,0,3,11.55,3.1168831168831166,82,84,vs_leopards_only
25,32,7,1,1,0,3,19.683333333333334,1.8289585097375105,82,88,vs_leopards_only
28,10875,7,2,2,0,4,43.516666666666666,1.654538490999617,84,22,vs_leopards_only
28,13029,7,1,1,0,2,42.166666666666664,0.8537549407114625,84,57,vs_leopards_only
28,14303,7,1,1,0,3,14.7,2.4489795918367347,84,68,vs_leopards_only
28,34,7,2,2,0,4,41.083333333333336,1.7525354969574036,84,89,vs_leopards_only
29,10872,7,11,10,1,28,175.96666666666667,2.250426217086569,85,19,vs_leopards_only
29,10873,7,2,2,0,6,29.0,2.4827586206896552,85,20,vs_leopards_only
29,10874,7,3,3,0,9,106.1,1.0179076343072573,85,21,vs_leopards_only
29,10875,7,6,6,0,12,67.23333333333333,3.2126921170054534,85,22,vs_leopards_only
29,10876,7,1,1,0,2,12.566666666666666,2.8647214854111405,85,23,vs_leopards_only
29,13029,7,12,11,1,30,234.75,1.840255591054313,85,57,vs_leopards_only
29,14038,7,5,4,1,10,92.25,1.951219512195122,85,67,vs_leopards_only
29,14303,7,4,4,0,10,37.56666666666667,3.83318544809228,85,68,vs_leopards_only
29,21,7,3,2,1,6,95.2,1.134453781512605,85,78,vs_leopards_only
29,22,7,2,2,0,5,62.56666666666667,1.1507725093233883,85,79,vs_leopards_only
29,24,7,6,6,0,14,128.96666666666667,1.6748513827862497,85,81,vs_leopards_only
29,25,7,1,1,0,2,46.35,0.7766990291262136,85,82,vs_leopards_only
29,28,7,1,1,0,3,63.083333333333336,0.570673712021136,85,84,vs_leopards_only
29,32,7,4,3,1,9,62.483333333333334,2.3046145638837023,85,88,vs_leopards_only
29,34,7,11,8,3,20,193.3,2.048629073978272,85,89,vs_leopards_only
3129,10860,5,2,1,1,3,161.7,0.44526901669758817,87,8,leopards_all_games
3129,10861,5,3,2,1,5,210.85,0.512212473322267,87,9,leopards_all_games
3129,12,5,4,4,0,10,166.95,0.862533692722372,87,50,leopards_all_games
3129,16,5,2,1,1,3,298.46666666666664,0.2412329685056958,87,75,leopards_all_games
3129,57,5,1,1,0,2,251.51666666666668,0.14313166788151876,87,106,leopards_all_games
3129,68,5,4,4,0,10,353.3,0.4075856212850269,87,112,leopards_all_games
32,10872,7,2,2,0,5,73.41666666666667,0.9807037457434733,88,19,vs_leopards_only
32,10874,7,1,1,0,3,32.6,1.1042944785276072,88,21,vs_leopards_only
32,13029,7,3,3,0,7,60.333333333333336,1.7900552486187844,88,57,vs_leopards_only
32,14038,7,1,1,0,3,6.966666666666667,5.167464114832536,88,67,vs_leopards_only
32,21,7,1,1,0,2,52.31666666666667,0.688117234788149,88,78,vs_leopards_only
32,24,7,1,1,0,2,33.28333333333333,1.0816224336504758,88,81,vs_leopards_only
32,25,7,1,1,0,2,19.683333333333334,1.8289585097375105,88,82,vs_leopards_only
32,29,7,1,1,0,3,62.483333333333334,0.5761536409709256,88,85,vs_leopards_only
34,10874,7,2,2,0,5,70.5,1.0212765957446808,89,21,vs_leopards_only
34,13029,7,6,6,0,17,152.0,1.4210526315789473,89,57,vs_leopards_only
34,14038,7,1,0,1,0,24.016666666666666,1.4989590562109647,89,67,vs_leopards_only
34,21,7,1,1,0,3,76.33333333333333,0.4716157205240175,89,78,vs_leopards_only
34,22,7,1,1,0,2,49.3,0.7302231237322515,89,79,vs_leopards_only
34,24,7,1,1,0,3,83.18333333333334,0.43277900220396714,89,81,vs_leopards_only
34,29,7,3,3,0,8,193.3,0.5587170201758923,89,85,vs_leopards_only
39,104,6,1,1,0,3,17.683333333333334,2.0358152686145146,92,4,vs_leopards_only
39,10877,6,1,1,0,2,56.85,0.6332453825857519,92,24,vs_leopards_only
39,10880,6,2,1,1,3,83.96666666666667,0.8574831282254863,92,27,vs_leopards_only
39,10881,6,1,1,0,2,70.78333333333333,0.5085943018601365,92,28,vs_leopards_only
39,113,6,2,2,0,4,21.65,3.325635103926097,92,46,vs_leopards_only
39,40,6,1,1,0,3,49.96666666666667,0.7204803202134756,92,94,vs_leopards_only
39,44,6,1,1,0,3,36.28333333333333,0.9921910886541112,92,97,vs_leopards_only
39,47,6,1,1,0,2,25.333333333333332,1.4210526315789473,92,99,vs_leopards_only
39,8889,6,1,0,1,1,13.966666666666667,2.5775656324582337,92,129,vs_leopards_only
4,10,8,1,1,0,2,28.4,1.267605633802817,93,1,vs_leopards_only
4,10867,8,1,1,0,3,12.116666666666667,2.97111416781293,93,14,vs_leopards_only
4,10870,8,1,1,0,3,32.05,1.123244929797192,93,17,vs_leopards_only
40,104,6,1,1,0,3,10.716666666666667,3.359253499222395,94,4,vs_leopards_only
40,10877,6,4,3,1,10,102.41666666666667,1.406021155410903,94,24,vs_leopards_only
40,10879,6,1,1,0,3,27.866666666666667,1.291866028708134,94,26,vs_leopards_only
40,10880,6,8,8,0,16,137.4,2.096069868995633,94,27,vs_leopards_only
40,10881,6,2,2,0,4,114.68333333333334,0.6278157244586542,94,28,vs_leopards_only
40,10882,6,1,0,1,1,41.96666666666667,0.8578236695790309,94,29,vs_leopards_only
40,113,6,2,2,0,4,40.38333333333333,1.7829137432934379,94,46,vs_leopards_only
40,14707,6,2,2,0,5,26.266666666666666,2.7411167512690358,94,70,vs_leopards_only
40,43,6,1,1,0,3,84.21666666666667,0.4274688303977835,94,96,vs_leopards_only
40,47,6,3,3,0,7,68.96666666666667,1.5659739004349926,94,99,vs_leopards_only
40,8889,6,5,4,1,10,79.9,2.252816020025031,94,129,vs_leopards_only
4181,110,2,1,1,0,2,32.86666666666667,1.0953346855983772,95,44,vs_leopards_only
4181,118,2,1,1,0,2,54.13333333333333,0.6650246305418719,95,48,vs_leopards_only
4181,14844,2,1,1,0,3,46.266666666666666,0.7780979827089337,95,72,vs_leopards_only
43,10879,6,1,1,0,2,10.683333333333334,3.3697347893915754,96,26,vs_leopards_only
43,10880,6,2,2,0,4,73.23333333333333,0.9831588529813382,96,27,vs_leopards_only
43,10881,6,2,2,0,4,36.11666666666667,1.9935394554683894,96,28,vs_leopards_only
43,10882,6,1,1,0,3,27.433333333333334,1.3122721749696233,96,29,vs_leopards_only
43,40,6,3,3,0,8,84.21666666666667,1.2824064911933504,96,94,vs_leopards_only
43,8889,6,2,1,1,4,46.96666666666667,1.5330021291696239,96,129,vs_leopards_only
44,10877,6,1,1,0,2,58.983333333333334,0.6103419044927946,97,24,vs_leopards_only
44,10880,6,2,2,0,5,60.31666666666667,1.1936999171041724,97,27,vs_leopards_only
44,10881,6,3,3,0,6,67.68333333333334,1.5956660920955428,97,28,vs_leopards_only
44,47,6,1,1,0,2,2.7,13.333333333333332,97,99,vs_leopards_only
44,48,6,1,1,0,2,2.2666666666666666,15.882352941176471,97,100,vs_leopards_only
45,110,2,1,1,0,3,86.06666666666666,0.418280402788536,98,44,vs_leopards_only
45,121,2,1,1,0,3,38.2,0.9424083769633507,98,51,vs_leopards_only
45,12908,2,1,1,0,2,56.13333333333333,0.6413301662707839,98,55,vs_leopards_only
45,4181,2,1,1,0,2,25.066666666666666,1.4361702127659575,98,95,vs_leopards_only
45,51,2,1,1,0,2,36.86666666666667,0.976491862567812,98,102,vs_leopards_only
47,104,6,1,0,1,1,12.766666666666667,2.8198433420365534,99,4,vs_leopards_only
47,10879,6,1,1,0,3,20.55,1.751824817518248,99,26,vs_leopards_only
47,10881,6,1,1,0,2,46.016666666666666,0.7823252444766389,99,28,vs_leopards_only
47,14707,6,2,2,0,6,26.466666666666665,2.7204030226700255,99,70,vs_leopards_only
47,39,6,1,1,0,3,25.333333333333332,1.4210526315789473,99,92,vs_leopards_only
47,40,6,1,1,0,3,68.96666666666667,0.5219913001449976,99,94,vs_leopards_only
5,1,8,1,1,0,3,96.11666666666666,0.37454482399861283,101,0,vs_leopards_only
5,10868,8,1,1,0,2,16.433333333333334,2.1906693711967544,101,15,vs_leopards_only
5,10870,8,1,1,0,3,13.516666666666667,2.663378545006165,101,17,vs_leopards_only
51,116,2,1,1,0,3,28.083333333333332,1.281899109792285,102,47,vs_leopards_only
51,118,2,1,1,0,3,23.583333333333332,1.5265017667844523,102,48,vs_leopards_only
51,119,2,1,1,0,2,15.016666666666667,2.397336293007769,102,49,vs_leopards_only
54,10860,5,21,21,0,48,468.4166666666667,1.613947696139477,103,8,leopards_all_games
54,10861,5,38,31,7,66,476.0,2.8739495798319328,103,9,leopards_all_games
54,10884,5,1,1,0,3,38.65,0.9314359637774904,103,31,leopards_all_games
54,12,5,2,2,0,4,251.41666666666666,0.2863771958899569,103,50,leopards_all_games
54,16,5,38,36,2,85,829.2333333333333,1.649716605700044,103,75,leopards_all_games
54,3129,5,9,8,1,23,384.3,0.8430913348946135,103,87,leopards_all_games
54,57,5,20,20,0,56,967.2833333333333,0.7443527404931337,103,106,leopards_all_games
54,58,5,26,24,2,66,699.45,1.338194295517907,103,107,leopards_all_games
54,62,5,10,10,0,27,495.78333333333336,0.7261236427202743,103,110,leopards_all_games
54,68,5,31,29,2,70,1072.5166666666667,1.0405432705008468,103,112,leopards_all_games
55,10861,5,1,1,0,2,59.38333333333333,0.6062307044625316,104,9,leopards_all_games
55,12,5,1,1,0,2,84.9,0.4240282685512367,104,50,leopards_all_games
55,16,5,1,1,0,3,60.266666666666666,0.5973451327433629,104,75,leopards_all_games
56,10860,5,1,1,0,2,39.68333333333333,0.9071818563628729,105,8,leopards_all_games
56,10884,5,1,1,0,3,44.96666666666667,0.8005930318754633,105,31,leopards_all_games
56,16,5,1,1,0,2,25.083333333333332,1.435215946843854,105,75,leopards_all_games
56,55,5,1,1,0,3,19.65,1.8320610687022902,105,104,leopards_all_games
57,10860,5,3,2,1,6,383.98333333333335,0.28126220756109205,106,8,leopards_all_games
57,10861,5,4,4,0,8,384.3333333333333,0.37467476149176066,106,9,leopards_all_games
57,12,5,1,1,0,2,223.53333333333333,0.16104980614375186,106,50,leopards_all_games
57,16,5,4,3,1,8,655.9166666666666,0.21954008385211538,106,75,leopards_all_games
57,3129,5,1,1,0,3,251.51666666666668,0.14313166788151876,106,87,leopards_all_games
57,54,5,10,10,0,29,967.2833333333333,0.37217637024656686,106,103,leopards_all_games
57,58,5,1,1,0,3,447.21666666666664,0.08049789438378117,106,107,leopards_all_games
57,62,5,2,2,0,5,379.1166666666667,0.18991515364663472,106,110,leopards_all_games
57,68,5,5,5,0,12,838.5833333333334,0.21464771936798172,106,112,leopards_all_games
58,10860,5,13,11,2,25,526.2166666666667,0.889367497545371,107,8,leopards_all_games
58,10861,5,23,20,3,43,419.26666666666665,1.9748767689616793,107,9,leopards_all_games
58,10884,5,1,1,0,2,105.43333333333334,0.3414479924122668,107,31,leopards_all_games
58,12,5,4,4,0,9,518.0666666666667,0.2779565049543173,107,50,leopards_all_games
58,16,5,12,10,2,24,660.4166666666666,0.6541324921135647,107,75,leopards_all_games
58,3129,5,1,0,1,1,183.78333333333333,0.19588283304615942,107,87,leopards_all_games
58,54,5,9,9,0,27,699.45,0.46322110229466007,107,103,leopards_all_games
58,57,5,4,4,0,11,447.21666666666664,0.3219915775351247,107,106,leopards_all_games
58,64,5,1,1,0,2,11.116666666666667,3.2383808095952022,107,111,leopards_all_games
58,68,5,7,6,1,13,588.0166666666667,0.4285592811995125,107,112,leopards_all_games
60,64,5,1,0,1,1,19.05,1.889763779527559,109,111,leopards_all_games
62,10860,5,1,1,0,2,196.0,0.1836734693877551,110,8,leopards_all_games
62,10861,5,2,2,0,4,260.6,0.2762854950115119,110,9,leopards_all_games
62,12,5,1,1,0,3,196.36666666666667,0.18333050415888644,110,50,leopards_all_games
62,16,5,5,4,1,10,359.1666666666667,0.5011600928074246,110,75,leopards_all_games
62,54,5,3,3,0,9,495.78333333333336,0.2178370928160823,110,103,leopards_all_games
62,58,5,2,2,0,6,199.71666666666667,0.36051072352499375,110,107,leopards_all_games
62,68,5,6,5,1,15,488.23333333333335,0.44241141530688877,110,112,leopards_all_games
64,55,5,1,1,0,3,24.7,1.45748987854251,111,104,leopards_all_games
64,56,5,1,1,0,2,18.45,1.9512195121951221,111,105,leopards_all_games
64,58,5,1,1,0,2,11.116666666666667,3.2383808095952022,111,107,leopards_all_games
68,10860,5,34,31,3,69,317.81666666666666,3.851276941633017,112,8,leopards_all_games
68,10861,5,33,27,6,58,346.03333333333336,3.433195260572199,112,9,leopards_all_games
68,10884,5,1,1,0,3,40.75,0.8834355828220859,112,31,leopards_all_games
68,12,5,6,6,0,16,314.6166666666667,0.6865497695608412,112,50,leopards_all_games
68,16,5,44,42,2,96,579.5,2.733390854184642,112,75,leopards_all_games
68,3129,5,4,4,0,10,353.3,0.4075856212850269,112,87,leopards_all_games
68,54,5,43,42,1,124,1072.5166666666667,1.4433342139205296,112,103,leopards_all_games
68,55,5,3,3,0,8,25.1,4.302788844621514,112,104,leopards_all_games
68,57,5,27,26,1,71,838.5833333333334,1.1590976845871013,112,106,leopards_all_games
68,58,5,12,12,0,30,588.0166666666667,0.7346730534848785,112,107,leopards_all_games
68,62,5,19,19,0,53,488.23333333333335,1.4009694818051477,112,110,leopards_all_games
68,64,5,1,1,0,2,6.583333333333333,5.468354430379747,112,111,leopards_all_games
73,107,3,1,1,0,2,24.083333333333332,1.494809688581315,115,6,vs_leopards_only
75,10862,4,4,3,1,9,107.01666666666667,1.345584799875409,116,10,vs_leopards_only
75,10887,4,7,5,2,15,148.7,1.6946872898453262,116,34,vs_leopards_only
75,10888,4,2,2,0,4,57.483333333333334,1.2525369672368802,116,35,vs_leopards_only
75,13778,4,1,1,0,2,24.083333333333332,1.494809688581315,116,62,vs_leopards_only
75,14843,4,3,0,3,1,38.016666666666666,2.8408592722490136,116,71,vs_leopards_only
75,14982,4,1,1,0,3,11.783333333333333,3.0551626591230554,116,74,vs_leopards_only
75,87,4,2,2,0,6,58.916666666666664,1.222065063649222,116,127,vs_leopards_only
75,88,4,4,4,0,11,72.06666666666666,1.9981498612395932,116,128,vs_leopards_only
76,10862,4,5,4,1,9,80.81666666666666,2.2272633532687154,117,10,vs_leopards_only
76,10885,4,2,2,0,5,107.2,0.6716417910447761,117,32,vs_leopards_only
76,10887,4,8,8,0,21,138.13333333333333,2.084942084942085,117,34,vs_leopards_only
76,10888,4,7,7,0,14,69.53333333333333,3.6241610738255035,117,35,vs_leopards_only
76,13778,4,1,1,0,2,14.916666666666666,2.4134078212290504,117,62,vs_leopards_only
76,14843,4,2,2,0,4,24.133333333333333,2.983425414364641,117,71,vs_leopards_only
76,75,4,4,4,0,12,119.0,1.2100840336134453,117,116,vs_leopards_only
76,82,4,1,1,0,2,16.816666666666666,2.140733399405352,117,122,vs_leopards_only
76,87,4,1,1,0,3,35.333333333333336,1.0188679245283019,117,127,vs_leopards_only
76,88,4,2,2,0,5,33.81666666666667,2.1291276490882205,117,128,vs_leopards_only
76,90,4,1,1,0,3,19.85,1.81360201511335,117,132,vs_leopards_only
77,107,3,2,2,0,4,42.2,1.7061611374407581,118,6,vs_leopards_only
77,10890,3,1,1,0,3,26.783333333333335,1.3441194772868699,118,37,vs_leopards_only
77,13777,3,1,1,0,3,30.283333333333335,1.1887727022564667,118,61,vs_leopards_only
77,13906,3,1,1,0,3,50.0,0.72,118,63,vs_leopards_only
77,89,3,1,1,0,3,64.55,0.557707203718048,118,130,vs_leopards_only
79,103,3,2,2,0,6,106.66666666666667,0.6749999999999999,120,3,vs_leopards_only
79,107,3,3,3,0,7,76.95,1.4035087719298245,120,6,vs_leopards_only
79,10890,3,1,1,0,3,41.65,0.8643457382953181,120,37,vs_leopards_only
79,13777,3,2,2,0,4,31.483333333333334,2.286924298570672,120,61,vs_leopards_only
79,13906,3,1,1,0,2,93.5,0.3850267379679144,120,63,vs_leopards_only
79,89,3,1,1,0,2,103.9,0.34648700673724736,120,130,vs_leopards_only
80,10885,4,1,1,0,2,17.866666666666667,2.014925373134328,121,32,vs_leopards_only
80,10887,4,1,0,1,1,17.783333333333335,2.0243673851921273,121,34,vs_leopards_only
80,10888,4,1,1,0,2,7.083333333333333,5.082352941176471,121,35,vs_leopards_only
80,90,4,1,1,0,3,9.75,3.6923076923076925,121,132,vs_leopards_only
82,10888,4,1,1,0,2,15.4,2.3376623376623376,122,35,vs_leopards_only
83,106,3,1,0,1,1,5.816666666666666,6.189111747851003,123,5,vs_leopards_only
83,10889,3,1,1,0,3,4.05,8.88888888888889,123,36,vs_leopards_only
83,97,3,1,1,0,3,3.8833333333333333,9.270386266094421,123,135,vs_leopards_only
86,106,3,1,1,0,2,28.366666666666667,1.2690951821386605,125,5,vs_leopards_only
86,107,3,3,3,0,7,76.25,1.4163934426229507,125,6,vs_leopards_only
86,10890,3,2,2,0,5,46.13333333333333,1.560693641618497,125,37,vs_leopards_only
86,13777,3,3,2,1,5,28.483333333333334,3.791691047396138,125,61,vs_leopards_only
86,13906,3,1,0,1,1,58.63333333333333,0.6139852188743604,125,63,vs_leopards_only
86,77,3,1,1,0,3,43.233333333333334,0.8326908249807248,125,118,vs_leopards_only
86,79,3,2,2,0,4,51.516666666666666,1.3976059527660951,125,120,vs_leopards_only
86,89,3,1,1,0,3,42.71666666666667,0.8427623878267655,125,130,vs_leopards_only
867,10874,7,1,1,0,2,26.016666666666666,1.3837283792440744,126,21,vs_leopards_only
867,10875,7,1,1,0,2,26.566666666666666,1.355081555834379,126,22,vs_leopards_only
867,10876,7,2,2,0,6,15.283333333333333,4.711014176663031,126,23,vs_leopards_only
867,21,7,1,1,0,2,35.71666666666667,1.0079328044797013,126,78,vs_leopards_only
867,24,7,1,1,0,2,5.583333333333333,6.447761194029851,126,81,vs_leopards_only
867,32,7,1,1,0,2,22.516666666666666,1.5988156920799408,126,88,vs_leopards_only
87,10862,4,1,1,0,2,77.61666666666666,0.4638179085248014,127,10,vs_leopards_only
87,10885,4,1,1,0,2,26.083333333333332,1.380191693290735,127,32,vs_leopards_only
87,88,4,2,2,0,6,77.76666666666667,0.9258465495070725,127,128,vs_leopards_only
88,10862,4,4,4,0,9,108.5,1.327188940092166,128,10,vs_leopards_only
88,10885,4,1,1,0,2,25.566666666666666,1.4080834419817472,128,32,vs_leopards_only
88,10887,4,1,1,0,2,89.1,0.4040404040404041,128,34,vs_leopards_only
88,10888,4,1,1,0,2,30.766666666666666,1.1700975081256773,128,35,vs_leopards_only
88,75,4,2,1,1,4,72.06666666666666,0.9990749306197966,128,116,vs_leopards_only
88,82,4,1,1,0,2,4.65,7.741935483870967,128,122,vs_leopards_only
88,87,4,4,4,0,9,77.76666666666667,1.851693099014145,128,127,vs_leopards_only
8889,10880,6,2,2,0,4,45.45,1.584158415841584,129,27,vs_leopards_only
8889,39,6,1,1,0,2,13.966666666666667,2.5775656324582337,129,92,vs_leopards_only
8889,40,6,4,3,1,8,79.9,1.8022528160200249,129,94,vs_leopards_only
89,103,3,3,3,0,9,126.45,0.8540925266903915,130,3,vs_leopards_only
89,106,3,1,1,0,2,40.9,0.880195599022005,130,5,vs_leopards_only
89,107,3,4,4,0,11,93.68333333333334,1.537093043942359,130,6,vs_leopards_only
89,10889,3,1,0,1,1,41.96666666666667,0.8578236695790309,130,36,vs_leopards_only
89,13906,3,5,5,0,11,107.66666666666667,1.671826625386997,130,63,vs_leopards_only
89,77,3,1,1,0,3,64.55,0.557707203718048,130,118,vs_leopards_only
89,79,3,6,5,1,12,103.9,2.078922040423484,130,120,vs_leopards_only
89,86,3,1,1,0,2,42.71666666666667,0.8427623878267655,130,125,vs_leopards_only
90,10862,4,1,1,0,3,27.85,1.2926391382405744,132,10,vs_leopards_only
90,10885,4,1,1,0,2,12.766666666666667,2.8198433420365534,132,32,vs_leopards_only
90,76,4,1,0,1,1,19.85,1.81360201511335,132,117,vs_leopards_only
99,106,3,1,1,0,2,10.766666666666667,3.3436532507739933,136,5,vs_leopards_only
99,107,3,1,1,0,3,19.95,1.8045112781954888,136,6,vs_leopards_only
99,10890,3,1,1,0,2,19.216666666666665,1.8733738074588033,136,37,vs_leopards_only
