src,dst,team_id,shared_sec,src_idx,dst_idx
1,10863,8,20.0,0,11
1,9,8,0.0,0,131
10,9,8,0.0,1,131
10863,10870,8,0.0,11,17
10863,14437,8,0.0,11,69
10864,10868,8,0.0,12,15
10864,10870,8,0.0,12,17
10864,13400,8,0.0,12,60
10864,7,8,45.0,12,113
10867,7,8,0.0,14,113
10867,9,8,0.0,14,131
10868,13,8,0.0,15,56
10868,13400,8,0.0,15,60
10868,13907,8,0.0,15,64
10868,14437,8,0.0,15,69
10868,14845,8,0.0,15,73
10868,7,8,0.0,15,113
10868,9,8,0.0,15,131
10869,14437,8,0.0,16,69
10869,14845,8,0.0,16,73
10869,9,8,0.0,16,131
10870,13400,8,0.0,17,60
10870,13907,8,0.0,17,64
10870,14437,8,0.0,17,69
10870,14845,8,0.0,17,73
10870,9,8,0.0,17,131
11,7,8,0.0,43,113
13,13400,8,0.0,56,60
13,7,8,0.0,56,113
13,9,8,0.0,56,131
13400,14437,8,0.0,60,69
13400,14845,8,0.0,60,73
13400,7,8,0.0,60,113
13400,9,8,0.0,60,131
13907,14437,8,0.0,64,69
13907,4,8,0.0,64,93
13907,7,8,0.0,64,113
13907,9,8,0.0,64,131
14,9,8,0.0,65,131
14437,2,8,0.0,69,77
14437,7,8,0.0,69,113
14437,9,8,0.0,69,131
14845,7,8,0.0,73,113
14845,9,8,0.0,73,131
2,7,8,52.0,77,113
3,9,8,0.0,86,131
5,9,8,0.0,101,131
7,9,8,0.0,113,131
101,13777,3,0.0,2,61
10889,13777,3,0.0,36,61
10889,13906,3,0.0,36,63
10890,97,3,0.0,37,135
13777,95,3,0.0,61,134
13777,97,3,0.0,61,135
13906,73,3,0.0,63,115
13906,95,3,22.0,63,134
13906,97,3,0.0,63,135
73,97,3,0.0,115,135
79,97,3,0.0,120,135
104,10878,6,0.0,4,25
104,10882,6,0.0,4,29
104,10883,6,56.0,4,30
104,14707,6,0.0,4,70
10877,10878,6,0.0,24,25
10877,10883,6,0.0,24,30
10878,14707,6,0.0,25,70
10878,8889,6,0.0,25,129
10879,10883,6,0.0,26,30
10880,10883,6,13.0,27,30
10881,14707,6,0.0,28,70
10882,10883,6,0.0,29,30
10882,14707,6,0.0,29,70
10882,38,6,0.0,29,91
10882,8889,6,0.0,29,129
10883,14707,6,0.0,30,70
10883,40,6,56.0,30,94
113,14707,6,0.0,46,70
14707,35,6,0.0,70,90
14707,38,6,0.0,70,91
35,40,6,0.0,90,94
38,39,6,0.0,91,92
108,10892,2,0.0,7,39
108,10893,2,0.0,7,40
108,14844,2,53.0,7,72
10891,10892,2,0.0,38,39
10892,111,2,0.0,39,45
10892,119,2,0.0,39,49
10892,12908,2,0.0,39,55
10892,13275,2,0.0,39,58
10892,13399,2,0.0,39,59
10892,14037,2,0.0,39,66
10892,14844,2,0.0,39,72
10892,4181,2,0.0,39,95
10892,51,2,0.0,39,102
10893,111,2,0.0,40,45
10893,116,2,0.0,40,47
10893,13275,2,0.0,40,58
10893,13399,2,0.0,40,59
10893,14037,2,0.0,40,66
10893,14844,2,0.0,40,72
10893,4181,2,0.0,40,95
10893,51,2,0.0,40,102
10894,14037,2,0.0,41,66
10894,14844,2,0.0,41,72
10894,4181,2,0.0,41,95
111,118,2,0.0,45,48
111,14844,2,0.0,45,72
111,4181,2,0.0,45,95
118,14037,2,0.0,48,66
123,14037,2,0.0,53,66
12668,13399,2,0.0,54,59
12668,14844,2,0.0,54,72
12668,4181,2,0.0,54,95
12908,14037,2,0.0,55,66
12908,14844,2,0.0,55,72
12908,4181,2,0.0,55,95
14037,14844,2,0.0,66,72
14037,4181,2,0.0,66,95
10861,60,5,0.0,9,109
10861,64,5,0.0,9,111
3129,60,5,0.0,87,109
54,56,5,0.0,103,105
54,60,5,0.0,103,109
56,57,5,0.0,105,106
60,62,5,0.0,109,110
60,68,5,22.0,109,112
62,64,5,0.0,110,111
10862,13778,4,0.0,10,62
10886,10888,4,0.0,33,35
10886,13778,4,0.0,33,62
10886,14843,4,0.0,33,71
10886,14982,4,0.0,33,74
10886,5948,4,0.0,33,108
10886,71,4,0.0,33,114
10886,75,4,57.0,33,116
10886,76,4,59.0,33,117
10886,87,4,59.0,33,127
10886,88,4,0.0,33,128
10886,90,4,0.0,33,132
10888,13778,4,0.0,35,62
13778,5948,4,0.0,62,108
13778,71,4,0.0,62,114
13778,78,4,0.0,62,119
13778,82,4,0.0,62,122
13778,84,4,0.0,62,124
13778,90,4,44.0,62,132
14843,5948,4,0.0,71,108
14843,71,4,0.0,71,114
14843,84,4,58.0,71,124
14982,5948,4,0.0,74,108
14982,71,4,0.0,74,114
14982,76,4,0.0,74,117
14982,80,4,52.0,74,121
5948,78,4,0.0,108,119
5948,80,4,0.0,108,121
71,76,4,41.0,114,117
71,78,4,0.0,114,119
71,80,4,0.0,114,121
71,84,4,0.0,114,124
78,90,4,0.0,119,132
10871,13029,7,0.0,18,57
10871,14038,7,5.0,18,67
10871,25,7,5.0,18,82
10871,28,7,0.0,18,84
10871,32,7,0.0,18,88
10871,867,7,0.0,18,126
10873,10876,7,0.0,20,23
10873,867,7,0.0,20,126
10876,13029,7,0.0,23,57
10876,14038,7,0.0,23,67
10876,14303,7,0.0,23,68
10876,19,7,44.0,23,76
13029,14303,7,0.0,57,68
13029,26,7,0.0,57,83
13029,867,7,0.0,57,126
14038,26,7,0.0,67,83
14038,867,7,0.0,67,126
14303,21,7,0.0,68,78
14303,23,7,0.0,68,80
14303,26,7,0.0,68,83
14303,867,7,0.0,68,126
19,26,7,0.0,76,83
19,867,7,0.0,76,126
23,26,7,10.0,80,83
25,26,7,0.0,82,83
26,28,7,0.0,83,84
