player_id,player_name_english,position,height_cm,minutes,usg_pct,ast_pct,tov_pct,three_par,ft_rate,paint_pts_share,orb_pct,drb_pct,stl_pct,blk_pct,pf_per36,fb_pts_share,sc_pts_share,shot_self_jumper_share,shot_catch_jumper_share,shot_drive_share,shot_layup_share,shot_rim_finish_share,shot_putback_share,shot_floater_share,shot_post_hook_share
10887,Drew Pember,SmallForwardAndPowerForward,210,1307.6166666666666,0.21401441980693983,0.14975747279544802,0.12961250294890783,0.4784929449722705,0.5615534442511559,0.4066479286973952,0.05501096039817825,0.26115329945547755,0.020123237274274196,0.029823338540512355,2.498427429435086,0.15730377973793255,0.09744072602269446,0.04247884978515248,0.49478864653493315,0.1482789895475564,0.16458361211472414,0.08581411600279526,0.02344737350759029,0.03726600948600146,0.003342403021246859
34,Jason Washburn,Center,213,1229.85,0.22402382851935812,0.09607165365566472,0.11017232263527546,0.07572501931044168,0.38586335229267604,0.672026436430615,0.1201603546587276,0.19769991407455678,0.015458539902273959,0.031233681049420182,2.152047594412553,0.06687743975850889,0.22189466272739472,0.10943051751983708,0.22379046415279827,0.06282985745383049,0.24654729302717507,0.1067986798679868,0.0558106874517239,0.1441106663857875,0.050681834140860894
68,Lasannah Kromah,SmallForward,198,1222.2833333333333,0.31775725041717834,0.3365601536618487,0.1489170920285926,0.22703175717614496,0.39291390661090586,0.43571509277952164,0.03334059259088948,0.16008729323974136,0.039713967160945614,0.019556653527680323,2.800357992915993,0.1229972597377486,0.0743430674705862,0.32462325874823206,0.2582699919614966,0.2549915036071512,0.11263469580878538,0.017120994739359158,0.008872879717533096,0.018329822847665274,0.005156852569777263
107,Aric Holman,PowerForward,208,1108.1333333333334,0.2720253694521054,0.19681074817783148,0.15495774548125327,0.4054500622791632,0.30799461094588065,0.4625581343454089,0.09469317279475009,0.2526986316389504,0.020720784064290402,0.049630190972394045,3.251200377237079,0.07207306122908413,0.14740348232405864,0.10799715295254073,0.4462619792063855,0.09987289966699713,0.19983222756043623,0.06618876941457587,0.029004295991255497,0.02648008337781845,0.024362591829990593
16,Malcolm Miller,SmallForward,201,1100.5,0.22066423757283468,0.12435805447887614,0.1111931030541326,0.293505593952809,0.3563927662586017,0.5344450836105288,0.07424554657314478,0.18855272783151342,0.019681890363921123,0.03836164567078561,2.9977632711065505,0.1370055086173346,0.1684603803291703,0.13006881390131153,0.3439791600789026,0.15229103612353376,0.1900347833943172,0.07629157820240623,0.044977488669045794,0.05260273147520742,0.00975440815527548
10862,TJ Holyfield,SmallForwardAndPowerForward,203,1033.5166666666667,0.17521919059037144,0.12508218448614258,0.16563197234140023,0.34584405531496476,0.3093244628548714,0.5056071708572804,0.06193494238975922,0.19304023955003638,0.023226487870527033,0.024080976279791198,3.210423021545508,0.07352289352980758,0.16083283432825687,0.10106906002217618,0.41007134040461096,0.07589698529257934,0.28172974330006906,0.04995083579154376,0.02709261700035566,0.03473712839180736,0.019452289796857675
10881,Viktor Gaddefors,SmallForwardAndPowerForward,201,1025.6,0.19178171629117577,0.170775856133609,0.15244061423424765,0.13793034944474242,0.4926078232711524,0.7415635469357805,0.08346453943049252,0.2119233234828066,0.01799486417427074,0.00640352640843342,2.5821812061697567,0.13706208210631962,0.1774486713568667,0.042751852514055264,0.14849911595844012,0.18971730536186104,0.33475177304964543,0.047432306255835666,0.07894789121322288,0.13662713312275265,0.02127262252418698
13906,Benjamin Bentil,PowerForward,204,986.1166666666667,0.2683516414931653,0.20087618259134385,0.1524497299343816,0.3715162787884287,0.4517291959654614,0.36962365186680096,0.06826474181749884,0.25113664901279154,0.02354397708889831,0.009233298377716416,3.4544620271777156,0.051909512273591335,0.1255841823670443,0.10930151673244717,0.46271681108137125,0.09750336463578763,0.1716554008075126,0.01904761904761905,0.01531854405782637,0.09547097340047483,0.02898577023696109
8889,Marko Todorovic,Center,208,974.0666666666667,0.2671131691578099,0.15143829513302215,0.1307785316707204,0.2741918626353117,0.513391564016424,0.5366465595907579,0.13048735106111226,0.24400479222403076,0.025151169936046637,0.024056419984582515,4.108715016325295,0.0699434541886984,0.20198152405587128,0.0468682344158268,0.2989772303098171,0.09627174318775662,0.22422396416573348,0.03564912280701754,0.06775662560656961,0.15742291899962674,0.0728301605076521
10880,Nemanja Radovic,SmallForwardAndPowerForward,208,943.1833333333333,0.26139161318008436,0.11426520780012223,0.09236039376067454,0.27823972174669165,0.24111301323333606,0.5990623845836087,0.09677212218672641,0.21250663250261592,0.019433007042287346,0.028825060057186824,3.8808876299861046,0.09187391393309892,0.175201063128396,0.042648297600608676,0.30845629194858837,0.05312083910763294,0.25384364555310995,0.009450830140485313,0.023341757017472355,0.2045515067525339,0.10458683187956849
13029,Jalen Harris,PointGuardAndShootingGuard,193,937.8166666666667,0.29604072792555663,0.24326065527894747,0.1183283700458864,0.41883890197330775,0.27928891727542476,0.35874554121775626,0.02506309727473678,0.1626794189606672,0.01880846756945243,0.013406706502811396,2.9463651360342715,0.10838514070154802,0.06961435068384145,0.25002328583023964,0.4296701395819196,0.16459489308477374,0.05348289489441539,0.050531582238899315,0.0097268239458172,0.03710297659441406,0.004867403829521111
106,Brandon Gilbeck,Center,213,885.2166666666667,0.17882826036207536,0.057511172043007416,0.16957134844269867,0.11278387997029982,0.6023862559848426,0.6694792293326162,0.12588108188297117,0.21119920722973315,0.014628201230516936,0.06565481822567124,5.009092474789373,0.04925627770589501,0.26632754806094394,0.06953939114627339,0.15167575594643726,0.049563458534961725,0.23287502880405564,0.21997593261131168,0.14507002585964102,0.08222341705712165,0.04907699004019766
10890,Trey Thompkins III,PowerForward,208,864.35,0.22745236927735535,0.15439625771143062,0.12778230729983014,0.4544666702039228,0.22409225164040253,0.424425822513299,0.06274036429861743,0.22388140768190243,0.025229904444926548,0.019940410857748465,3.06121622443086,0.05207870101691551,0.18637495881747215,0.11536760934543074,0.5910578164517784,0.036730867865796504,0.1608637979519287,0.019783873649210307,0.025397499159901665,0.03684759731875984,0.013950938257193894
10860,Chris McCullough,PowerForward,206,733.6333333333333,0.27497022967612694,0.11228593711581618,0.11947204761274914,0.20402238909748296,0.3280906688916701,0.5905290738592318,0.09834818997658187,0.2539816882773439,0.027294919293944925,0.040756524413083674,3.154811186293518,0.13324269356328386,0.19053654968761918,0.11093728271450423,0.3137602558753998,0.09737519121123626,0.24879015435961618,0.11258169934640523,0.05192254206647198,0.06072521207064386,0.003907662355722431
32,Austin Daye,PowerForward,207,732.0833333333334,0.24586047757498009,0.18642853654702668,0.1425690527484685,0.5362995292073306,0.2930512618455881,0.2882545222833311,0.01686490339233067,0.24815510985357303,0.013777554182119404,0.012449563241760296,5.643336531400244,0.06362148128854633,0.10150795538851691,0.1346507445798226,0.5926330039805217,0.04481218807459942,0.08976177486815785,0.014055080721747389,0.009072356590087087,0.10477460548382535,0.010240245701238609
10861,Cheick Diallo,PowerForward,203,712.2,0.27712238671855915,0.10818001894880175,0.1405342927278074,0.05023794974353277,0.40694776216136136,0.7173391819048741,0.13324834235001218,0.24549147662326734,0.01297974519923392,0.028766618190875236,3.0583937661465317,0.14507186351721893,0.22869344643793996,0.0685702646149288,0.16974982871321964,0.07762161361405848,0.3564135325815232,0.07554395126196693,0.044867877710497564,0.1926263355739496,0.01460659592985575
51,Kristijan Krajina,Center,208,671.2333333333333,0.21910352405321387,0.1484010044802995,0.14746046705268137,0.18372597713493075,0.17306306910978364,0.6991261542080354,0.0952681487552626,0.2821095524779307,0.01692834116849743,0.011545551536275142,2.6501214112898115,0.06490607908368252,0.22338720379018573,0.054455556301317765,0.22401950913931584,0.059082265028972854,0.15932612927042084,0.021871713985278655,0.03212743584580621,0.39676935812246905,0.052348032306418775
10888,Anzejs Pasecniks,Center,216,663.1,0.1917335195182935,0.12495710111256177,0.12612129450687692,0.0967093285508546,0.3519578272329556,0.7814860077212767,0.0950595420077265,0.16206562832518576,0.016485634269347522,0.04200228079479727,3.987161272428048,0.06196586614199848,0.2231639993779707,0.0508138365805277,0.13032254558300047,0.06792750197005515,0.3046221570066031,0.09169859514687101,0.06584060215755007,0.1830493736583245,0.10572538789706802
10867,Darral Willis,PowerForward,206,581.1,0.30496093615278586,0.13378415258417115,0.1084252328649341,0.24266259242492833,0.36665157688245054,0.5345036335239374,0.09573581515724756,0.2882744999268284,0.021148338808921297,0.014669036946295247,3.338162973137623,0.1450919818660838,0.1494608157393902,0.07250641315829183,0.4069526180775615,0.126939037271767,0.19283612494341332,0.06897163120567376,0.061660630752980235,0.05791459182133696,0.012218952768975404
10869,Stanton Kidd,SmallForward,202,577.7666666666667,0.28933450260139265,0.15252218424784003,0.11112063465830073,0.4649481723949809,0.2825851453511028,0.32257759862974883,0.051171439011052526,0.18383934082686648,0.022918889035715453,0.015212437210036338,2.917234391437616,0.08556681227084047,0.144758153373299,0.17929233886680696,0.5604785285636349,0.07068428025874834,0.10029226093055882,0.010805860805860807,0.008748343854726833,0.06531836957368872,0.004380017145974593
14038,Olufemi Olujobi,SmallForwardAndPowerForward,206,576.65,0.2576650075850008,0.12088743415785579,0.13706529978854617,0.3569901875060721,0.4104828524239775,0.38787270191871737,0.05778179769398715,0.20013688376311564,0.011309136330637692,0.00799914329060467,2.922195296644,0.0986003164823949,0.08933116857729023,0.19610414845040317,0.41443213834644904,0.0881132808704945,0.16269309239288837,0.023744292237442923,0.017754784805207424,0.09169824152336539,0.00546002137374915
10875,Jayden Gardner,SmallForwardAndPowerForward,201,552.8666666666667,0.25159892744336,0.11857169213284001,0.1179048574990393,0.1757133160124523,0.3823795145471994,0.6369252567561171,0.11421213424063958,0.2106800953034564,0.015449896718130424,0.015342444895356194,3.6577365556851613,0.10890763287424866,0.2707893327890577,0.10977693514032254,0.27727453596423474,0.10471642908971748,0.22939400323011025,0.03278327832783278,0.040212531891487026,0.19728015354726963,0.008562132809025584
14843,Marin Marić,Center,211,544.6166666666667,0.2666230739347367,0.15286174488850476,0.1382909209490995,0.2665773942369687,0.44007340177552945,0.5040914471356192,0.0972097599603305,0.27110442046292854,0.021191836982055547,0.01962168084424141,3.878954358472582,0.1212967124966619,0.16575933624610922,0.049868571145166886,0.31123840698308786,0.07947230074889648,0.29198036006546646,0.03822843822843823,0.039106283787134856,0.1111044983385409,0.07900114070326836
104,Beau Beech,SmallForwardAndPowerForward,203,466.4166666666667,0.2172411224882845,0.10096353317164011,0.09816131864586361,0.6001699783131118,0.30521071449504716,0.24479532272382865,0.05242928001806974,0.19661912117572222,0.026347648271407082,0.01673464056541301,4.631739286029493,0.1427430873012819,0.16505639810279799,0.1291835179649493,0.574438778500674,0.08152511576109255,0.09713381396166697,0.024517906336088156,0.0379520543930602,0.04866068811910205,0.006588124963366743
13907,Makur Maker,Center,208,430.93333333333334,0.3084845075348228,0.17163398177166905,0.13797395304281343,0.41353581692108937,0.46044978776134354,0.33309592009333966,0.08236480020622963,0.257696508052701,0.014565333765661517,0.018697069959479187,2.6987073490500055,0.062012312564433396,0.1303888689972776,0.2240238340056421,0.4535843286139893,0.09564713016425426,0.11340662817369296,0.04064436183395291,0.008120435550634079,0.05121147406997285,0.013361807587861532
12908,Bogdan Bliznyuk,SmallForward,198,424.3,0.2613150032376223,0.2789358232311787,0.11400872719392731,0.2518962731728689,0.2658725594895808,0.5714524199828757,0.0616654752599111,0.2076472526477219,0.024112219753991727,0.014470488606884688,1.5920276453327042,0.1146076697688227,0.15449425391211563,0.1477313179440839,0.3166570826145294,0.20744817766094362,0.15639530107615215,0.03063063063063063,0.03159998904679756,0.09952079739313782,0.010016703633724911
14845,Youssoupha Ndoye,Center,213,416.3833333333333,0.2186845451253171,0.11264402970143425,0.12736769387883976,0.19600597237775289,0.5571631205673759,0.5428862910901814,0.07856289182994476,0.29371292639998836,0.012912674357031731,0.01864745643264283,2.7052873280890766,0.08452048527300551,0.24438186589258576,0.08559163867114596,0.36849570735349013,0.05120567375886525,0.2816125419932811,0.05228070175438597,0.058865248226950356,0.0777678238148563,0.02418066442702501
10894,Cady Lalanne,Center,208,360.1166666666667,0.25676848797732565,0.11535343524936444,0.11407109964913059,0.34086667345345956,0.4490956598459398,0.49285984607564676,0.09168981580523024,0.23130754164989814,0.01433112557650848,0.025217591988431636,3.378330461335137,0.09226963205840702,0.19324573899999314,0.12087278156707049,0.4259051885031728,0.06568936848892055,0.18902575587905937,0.04274322169059011,0.024805728053208458,0.09462146662594591,0.036336489192032306
12668,Chris Ortiz,PowerForward,203,314.95,0.2594128683853786,0.12634995396245244,0.146637294312337,0.40120567375886523,0.2393049645390071,0.4538907017449071,0.04317197647318684,0.18395697534038477,0.02281762836126226,0.013497772996981136,3.035471683861964,0.12752447355624552,0.12381904332300069,0.10131205673758865,0.4850709219858156,0.11864539007092198,0.14253191489361702,0.03966666666666667,0.025921985815602837,0.06887943262411347,0.017971631205673758
14844,Hunter Maldonado,PointGuardAndShootingGuard,198,311.1166666666667,0.3148831939220738,0.3055324061358607,0.12068006131265502,0.29838348987285157,0.44081528336847486,0.5037606222799617,0.05000263426853926,0.17174947568658758,0.01912341401314123,0.008553257373704572,2.2368250092673527,0.05860812203383794,0.10447074491636987,0.1903712222861159,0.3514152450322663,0.23751836943326304,0.10138010350776308,0.022222222222222223,0.009839626860903457,0.06655804740911124,0.02069516324835474
4181,Edgaras Zelionis,PowerForward,208,309.98333333333335,0.26328189605858926,0.14395802056931428,0.1070247174601551,0.38280741425977316,0.2988453763661904,0.4983693743967015,0.08782614137329402,0.19709740567086084,0.013723673321519778,0.01658441185908087,2.8895069230512824,0.05744391869655615,0.19373296043022542,0.04957686641312913,0.41069654298146435,0.09530955562407921,0.2633158598005962,0.028663446054750404,0.02021447904889163,0.10036660156919176,0.03185664850789735
10870,Zach Lofton,ShootingGuard,193,308.4,0.31033298293221634,0.2322180602493705,0.13905022557988334,0.41902104406464363,0.2535286594582025,0.39534196260442295,0.03484732428663816,0.123045212367626,0.013350819482129146,0.014424807312190202,2.530534350003303,0.06826403614331636,0.12781345505245298,0.22648529240785953,0.39759911638181605,0.20380769677944424,0.08404255319148936,0.016120218579234975,0.008952447389838391,0.05645855133124055,0.006534123939076852
10889,James Ennis III,SmallForward,198,268.93333333333334,0.24934650529190916,0.19745876156007583,0.15221045931349345,0.3612264314132503,0.4381767860231794,0.4894752112797783,0.07298309303497219,0.23908349203270957,0.025206272078324925,0.020532583921022016,4.364328070905472,0.14269796097265863,0.10427436430868763,0.08696592285071787,0.39642795364123856,0.11420169520844144,0.24089257913855736,0.036178861788617886,0.037709738799515655,0.05960906417574814,0.02801418439716312
13777,Julian Boyd,PowerForward,201,246.88333333333333,0.2329814864111363,0.14728520528883157,0.1199550587956207,0.2863099075865033,0.29006662368364494,0.5505904045404064,0.08562163166249111,0.17807898426125363,0.026577026826759283,0.01785040983388141,4.1080697747655615,0.09963712796215292,0.14147535977624728,0.09249946271222867,0.38190414786159466,0.1074489576617236,0.23337201805286914,0.0602020202020202,0.03748119492800344,0.0653084031807436,0.021783795400816677
10868,Jordy Tshimanga,Center,211,226.6,0.2048517908630279,0.0947849433413928,0.22167280852954652,0.1687818837874829,0.5952718676122931,0.6069780981914142,0.1647147762325892,0.2640190852834336,0.028925292072356296,0.04159712076527899,4.732092438164653,0.07586113031781945,0.30759233012424947,0.09002115217120817,0.2369665297996765,0.08534278959810875,0.21496827174318775,0.04327485380116959,0.10688067686947866,0.17347268881423417,0.04907303720293642
13400,Diamond Stone,Center,208,200.33333333333331,0.2676273007528236,0.10460809275908588,0.10472827731297564,0.32846881251136567,0.3452627750500091,0.43074277907636316,0.09287515577239225,0.1865729899407341,0.01686877569956377,0.023318104262139563,3.762875891348214,0.06378373643637555,0.19394579000496595,0.07860520094562648,0.4808601563920713,0.07518639752682306,0.20837424986361158,0.025213675213675214,0.052464084378978,0.06907619567194036,0.01022004000727405
