,usg_pct,ast_pct,tov_pct,three_par,ft_rate,paint_pts_share,orb_pct,drb_pct,stl_pct,blk_pct,pf_per36
usg_pct,1.0,0.5761980545266164,-0.2997634966345729,0.23863419684264753,-0.21845614826964568,-0.4202681913114787,-0.29911372339738124,-0.12494241321110314,0.09541837882508389,-0.38176040292510455,-0.3015638596652295
ast_pct,0.5761980545266164,1.0,0.011873738859501154,0.22358330212124874,-0.18155292095115527,-0.2985354469552718,-0.5899110928151818,-0.30522843610843076,0.35465229511088525,-0.43377046490201887,-0.3922259797698663
tov_pct,-0.2997634966345729,0.011873738859501154,1.0,-0.19444442319494534,0.42068085518800713,0.1493130418300231,0.24184479856928912,0.236490100523983,0.19547152495045764,0.26093290430672,0.26407781922503154
three_par,0.23863419684264753,0.22358330212124874,-0.19444442319494534,1.0,-0.32454963443580837,-0.9163013193741014,-0.684521677078899,-0.12399832829067127,0.0953280080772825,-0.3497545264828899,0.11559864376998613
ft_rate,-0.21845614826964568,-0.18155292095115527,0.42068085518800713,-0.32454963443580837,1.0,0.17680503973923578,0.4303243565719889,0.3665612724942445,-0.05736790184988045,0.3102532153252636,0.17737690057601044
paint_pts_share,-0.4202681913114787,-0.2985354469552718,0.1493130418300231,-0.9163013193741014,0.17680503973923578,1.0,0.6770656601622074,0.1153649106190132,-0.14763164382851762,0.3768949352266857,-0.08665077553687862
orb_pct,-0.29911372339738124,-0.5899110928151818,0.24184479856928912,-0.684521677078899,0.4303243565719889,0.6770656601622074,1.0,0.4219416744570128,-0.09027051462333657,0.5417651028003315,0.22561742040466337
drb_pct,-0.12494241321110314,-0.30522843610843076,0.236490100523983,-0.12399832829067127,0.3665612724942445,0.1153649106190132,0.4219416744570128,1.0,-0.06143304417966178,0.09912008482667728,0.15752200836343158
stl_pct,0.09541837882508389,0.35465229511088525,0.19547152495045764,0.0953280080772825,-0.05736790184988045,-0.14763164382851762,-0.09027051462333657,-0.06143304417966178,1.0,0.03278584539882344,0.09222222901470058
blk_pct,-0.38176040292510455,-0.43377046490201887,0.26093290430672,-0.3497545264828899,0.3102532153252636,0.3768949352266857,0.5417651028003315,0.09912008482667728,0.03278584539882344,1.0,0.32732209937689194
pf_per36,-0.3015638596652295,-0.3922259797698663,0.26407781922503154,0.11559864376998613,0.17737690057601044,-0.08665077553687862,0.22561742040466337,0.15752200836343158,0.09222222901470058,0.32732209937689194,1.0
