source,target,n_stints,minutes,poss,pts_for,pts_against,margin,ortg,drtg,net_per100,net_per100_shrunk,weight
54,68,626,931.35,1832.02,2027.0,1912.0,115.0,110.794,104.223,6.277,6.11,6.11
54,57,547,872.617,1708.82,1886.0,1713.0,173.0,110.603,100.033,10.124,9.836,9.836
57,68,496,755.733,1489.52,1640.0,1539.0,101.0,110.411,103.034,6.781,6.56,6.56
16,54,439,668.883,1287.56,1368.0,1290.0,78.0,106.892,99.589,6.058,5.832,5.832
16,57,355,561.467,1077.28,1142.0,1091.0,51.0,107.732,99.678,4.734,4.524,4.524
54,58,425,553.35,1109.42,1163.0,1110.0,53.0,104.148,100.711,4.777,4.571,4.571
16,58,411,533.8,1052.72,1064.0,1013.0,51.0,101.384,95.932,4.845,4.625,4.625
16,68,316,481.283,938.3,1019.0,1002.0,17.0,109.608,105.817,1.812,1.72,1.72
12,58,404,479.917,945.3,925.0,932.0,-7.0,97.904,98.541,-0.741,-0.703,-0.703
10860,58,373,479.667,948.18,946.0,911.0,35.0,99.049,96.783,3.691,3.506,3.506
58,68,394,465.883,954.7,1023.0,997.0,26.0,106.505,105.071,2.723,2.588,2.588
54,62,286,458.95,880.34,973.0,935.0,38.0,109.745,106.97,4.317,4.085,4.085
62,68,277,445.15,868.9,967.0,954.0,13.0,110.833,110.248,1.496,1.415,1.415
10861,54,299,420.8,830.16,951.0,809.0,142.0,113.772,98.127,17.105,16.133,16.133
10860,54,302,407.467,787.08,823.0,786.0,37.0,103.736,100.666,4.701,4.42,4.42
12,16,340,404.95,768.34,757.0,760.0,-3.0,99.333,98.115,-0.39,-0.367,-0.367
57,58,299,377.767,771.52,789.0,744.0,45.0,102.234,96.463,5.833,5.478,5.478
10860,12,303,373.25,726.4,732.0,692.0,40.0,100.655,95.375,5.507,5.152,5.152
10861,58,294,363.65,725.08,733.0,710.0,23.0,101.282,97.737,3.172,2.967,2.967
10861,57,237,349.9,706.52,814.0,690.0,124.0,115.154,97.712,17.551,16.391,16.391
57,62,197,348.333,667.44,730.0,704.0,26.0,109.465,105.389,3.895,3.624,3.624
16,62,228,334.633,632.6,704.0,692.0,12.0,110.957,109.716,1.897,1.758,1.758
10860,57,261,333.183,642.12,679.0,640.0,39.0,105.566,99.838,6.074,5.635,5.635
10861,12,286,321.933,629.26,628.0,627.0,1.0,100.454,98.996,0.159,0.147,0.147
10861,68,222,309.083,626.92,734.0,650.0,84.0,116.767,103.96,13.399,12.409,12.409
3129,54,184,292.317,555.6,629.0,566.0,63.0,114.472,100.762,11.339,10.403,10.403
12,68,257,281.383,569.22,597.0,605.0,-8.0,106.009,105.166,-1.405,-1.292,-1.292
10860,68,222,278.7,550.1,575.0,567.0,8.0,103.851,103.747,1.454,1.333,1.333
3129,68,176,262.267,504.78,580.0,516.0,64.0,116.139,101.145,12.679,11.536,11.536
10860,16,189,256.983,486.04,480.0,450.0,30.0,99.083,92.281,6.172,5.597,5.597
10861,62,179,238.833,476.4,536.0,482.0,54.0,111.139,102.44,11.335,10.258,10.258
3129,57,131,223.05,421.88,495.0,436.0,59.0,119.588,101.433,13.985,12.503,12.503
16,3129,159,222.333,425.08,411.0,401.0,10.0,98.147,92.953,2.352,2.105,2.105
12,54,194,220.417,422.9,433.0,420.0,13.0,102.626,99.085,3.074,2.749,2.749
10861,16,174,217.617,411.4,402.0,381.0,21.0,98.616,91.772,5.105,4.551,4.551
12,57,179,192.1,373.64,378.0,388.0,-10.0,103.143,101.891,-2.676,-2.36,-2.36
10861,3129,131,191.817,362.38,406.0,362.0,44.0,114.263,97.986,12.142,10.67,10.67
58,62,141,178.417,354.88,376.0,374.0,2.0,103.764,107.657,0.564,0.494,0.494
10860,62,131,172.033,329.24,326.0,329.0,-3.0,98.359,100.599,-0.911,-0.791,-0.791
12,62,153,167.867,332.9,353.0,365.0,-12.0,106.031,109.649,-3.605,-3.134,-3.134
12,3129,125,147.9,285.44,269.0,249.0,20.0,95.73,85.898,7.007,5.962,5.962
10860,10861,109,136.717,272.86,292.0,263.0,29.0,106.275,97.062,10.628,8.982,8.982
10860,3129,104,135.85,261.38,267.0,262.0,5.0,102.661,99.741,1.913,1.606,1.606
3129,58,93,110.233,217.58,200.0,217.0,-17.0,93.703,97.871,-7.813,-6.353,-6.353
10884,12,83,107.433,207.78,214.0,203.0,11.0,102.707,97.973,5.294,4.267,4.267
10884,58,82,99.6,194.7,209.0,200.0,9.0,109.493,100.746,4.622,3.678,3.678
10860,10884,67,88.65,170.18,182.0,171.0,11.0,108.956,98.661,6.464,4.996,4.996
12,55,72,84.9,164.46,154.0,148.0,6.0,94.711,88.985,3.648,2.798,2.798
10861,10884,68,71.433,140.44,148.0,145.0,3.0,105.926,102.72,2.136,1.575,1.575
10884,16,50,68.933,132.04,128.0,129.0,-1.0,97.383,97.256,-0.757,-0.549,-0.549
55,58,52,65.1,124.4,113.0,96.0,17.0,90.025,77.872,13.666,9.748,9.748
16,55,52,60.267,112.4,105.0,109.0,-4.0,95.178,95.213,-3.559,-2.463,-2.463
10861,55,47,59.383,113.08,110.0,107.0,3.0,98.144,93.794,2.653,1.84,1.84
10860,55,31,37.783,76.04,78.0,66.0,12.0,105.008,84.833,15.781,9.521,9.521
10884,68,31,35.183,69.78,83.0,80.0,3.0,120.85,112.867,4.299,2.505,2.505
10884,54,29,32.3,63.52,64.0,67.0,-3.0,103.761,102.509,-4.723,-2.643,-2.643
10884,64,22,28.733,54.76,42.0,40.0,2.0,76.142,73.584,3.652,1.909,1.909
10884,55,24,28.183,52.82,40.0,39.0,1.0,75.873,73.696,1.893,0.973,0.973
3129,62,22,25.2,47.38,54.0,51.0,3.0,109.135,112.633,6.332,3.081,3.081
55,68,26,25.1,50.0,65.0,50.0,15.0,124.808,104.341,30.0,15.0,15.0
55,64,21,24.7,46.48,36.0,35.0,1.0,79.156,73.715,2.151,1.036,1.036
10884,56,18,22.917,41.16,46.0,32.0,14.0,113.636,76.482,34.014,15.358,15.358
10884,3129,24,22.8,42.82,38.0,33.0,5.0,87.156,78.497,11.677,5.387,5.387
10884,60,13,21.467,38.68,41.0,34.0,7.0,106.771,87.269,18.097,7.894,7.894
55,56,15,19.65,35.0,37.0,29.0,8.0,111.178,78.976,22.857,9.412,9.412
56,64,14,18.45,33.94,35.0,26.0,9.0,105.549,74.885,26.517,10.722,10.722
60,64,14,17.55,31.12,31.0,29.0,2.0,101.974,91.08,6.427,2.465,2.465
55,62,19,15.883,32.68,43.0,41.0,2.0,142.384,116.61,6.12,2.419,2.419
55,60,12,15.667,27.68,28.0,25.0,3.0,106.061,86.326,10.838,3.862,3.862
12,64,15,14.767,30.02,17.0,19.0,-2.0,54.698,65.608,-6.662,-2.499,-2.499
55,57,11,14.683,26.86,21.0,25.0,-4.0,80.521,90.449,-14.892,-5.204,-5.204
56,60,9,13.317,25.18,28.0,22.0,6.0,114.754,84.746,23.828,7.981,7.981
12,56,9,12.583,23.2,28.0,29.0,-1.0,120.69,125.0,-4.31,-1.366,-1.366
54,55,12,11.133,21.42,30.0,24.0,6.0,137.868,113.852,28.011,8.401,8.401
58,64,11,11.117,20.2,14.0,21.0,-7.0,70.0,102.941,-34.653,-9.972,-9.972
57,64,9,10.133,21.42,12.0,21.0,-9.0,54.054,101.744,-42.017,-12.602,-12.602
10860,56,6,9.25,18.32,20.0,26.0,-6.0,109.17,141.921,-32.751,-8.782,-8.782
3129,64,8,9.2,16.36,13.0,11.0,2.0,78.692,67.901,12.225,3.014,3.014
10884,62,6,8.533,14.88,14.0,17.0,-3.0,93.333,115.176,-20.161,-4.624,-4.624
10884,57,7,8.167,17.8,11.0,18.0,-7.0,61.521,101.58,-39.326,-10.324,-10.324
12,60,4,7.733,13.54,15.0,11.0,4.0,116.46,77.465,29.542,6.295,6.295
3129,55,6,7.033,13.08,8.0,14.0,-6.0,69.444,95.628,-45.872,-9.512,-9.512
56,58,5,6.967,12.94,13.0,13.0,0.0,108.333,93.66,0.0,0.0,0.0
10860,60,2,6.717,12.1,15.0,9.0,6.0,126.263,73.052,49.587,9.662,9.662
16,60,2,6.717,12.1,15.0,9.0,6.0,126.263,73.052,49.587,9.662,9.662
64,68,9,6.583,13.76,12.0,13.0,-1.0,83.102,99.388,-7.267,-1.568,-1.568
3129,56,5,5.133,8.48,10.0,6.0,4.0,110.132,76.142,47.17,6.84,6.84
56,68,3,5.0,11.16,10.0,15.0,-5.0,90.909,132.509,-44.803,-8.175,-8.175
10860,64,4,4.95,9.88,9.0,8.0,1.0,90.0,81.967,10.121,1.67,1.67
54,64,5,4.817,9.32,9.0,12.0,-3.0,100.0,124.481,-32.189,-5.057,-5.057
58,60,4,4.4,6.54,8.0,6.0,2.0,116.279,96.774,30.581,3.537,3.537
16,64,4,3.6,6.1,2.0,5.0,-3.0,33.333,80.645,-49.18,-5.348,-5.348
57,60,3,3.133,4.94,3.0,7.0,-4.0,60.0,143.443,-80.972,-7.281,-7.281
16,56,1,2.8,5.0,7.0,8.0,-1.0,140.0,160.0,-20.0,-1.818,-1.818
10861,56,2,2.5,3.5,6.0,2.0,4.0,200.0,50.0,114.286,7.477,7.477
56,62,1,2.233,5.16,4.0,8.0,-4.0,80.0,150.376,-77.519,-7.252,-7.252
60,68,1,0.367,1.0,0.0,0.0,0.0,0.0,0.0,0.0,0.0,0.0
