source,target,team_id,n_stints,shared_min,overlap,jaccard,weight
54,68,5,603,907.13,0.8717,0.6864,907.13
54,57,5,528,854.23,0.8641,0.646,854.23
10887,76,4,514,822.45,0.7953,0.5932,822.45
10887,75,4,505,776.87,0.7761,0.5554,776.87
10877,40,6,548,767.63,0.7416,0.5111,767.63
10877,8889,6,549,764.02,0.8442,0.5555,764.02
57,68,5,476,736.6,0.7451,0.5698,736.6
10877,10881,6,499,731.68,0.7992,0.5159,731.68
75,76,4,436,706.32,0.7057,0.5315,706.32
103,89,3,504,705.5,0.7141,0.5023,705.5
10885,10887,4,482,700.7,0.7905,0.515,700.7
16,54,5,431,659.27,0.7033,0.4496,659.27
10877,10880,6,462,623.17,0.7276,0.4246,623.17
29,34,7,440,622.78,0.7466,0.4676,622.78
10877,43,6,480,621.83,0.7586,0.4342,621.83
79,89,3,421,619.8,0.7265,0.4572,619.8
1,14,8,390,610.55,0.6368,0.4433,610.55
10885,76,4,365,602.35,0.6795,0.4569,602.35
40,8889,6,427,587.0,0.6486,0.4338,587.0
10881,40,6,419,581.65,0.6353,0.4249,581.65
10880,40,6,425,557.97,0.6514,0.4184,557.97
16,57,5,350,557.48,0.5947,0.4074,557.48
1,10,8,417,556.02,0.6024,0.3983,556.02
54,58,5,423,547.13,0.6029,0.3534,547.13
110,118,2,347,534.38,0.5972,0.4162,534.38
10885,75,4,340,530.85,0.5989,0.3913,530.85
43,8889,6,398,526.38,0.6421,0.4392,526.38
16,58,5,406,525.05,0.5786,0.3978,525.05
107,89,3,416,520.27,0.6144,0.3591,520.27
103,79,3,333,509.5,0.5972,0.3826,509.5
10862,10887,4,394,499.0,0.5364,0.3107,499.0
10862,75,4,392,494.42,0.5315,0.3441,494.42
10872,29,7,419,493.03,0.5418,0.3207,493.03
10862,76,4,382,492.72,0.5296,0.3348,492.72
10862,88,4,366,490.2,0.7529,0.4492,490.2
16,68,5,311,477.82,0.5097,0.3185,477.82
10860,58,5,368,468.95,0.7129,0.4277,468.95
40,43,6,363,466.23,0.5688,0.3357,466.23
103,107,3,388,465.65,0.5499,0.3401,465.65
12,58,5,393,464.9,0.6951,0.4183,464.9
106,89,3,331,464.73,0.6907,0.3493,464.73
10,14,8,331,463.25,0.5019,0.3266,463.25
58,68,5,386,457.8,0.5045,0.3072,457.8
13906,89,3,332,455.57,0.7518,0.358,455.57
21,34,7,325,440.45,0.5778,0.381,440.45
54,62,5,274,439.47,0.7625,0.3317,439.47
1,5,8,345,430.2,0.6125,0.3306,430.2
107,79,3,336,428.95,0.5065,0.3375,428.95
62,68,5,265,428.72,0.7439,0.3608,428.72
10888,76,4,255,426.07,0.7545,0.3633,426.07
103,13906,3,314,425.62,0.7024,0.3643,425.62
10880,43,6,332,423.13,0.5162,0.3377,423.13
10890,89,3,277,415.0,0.6371,0.3055,415.0
10872,34,7,352,413.43,0.4957,0.3107,413.43
1,10867,8,288,412.78,0.714,0.3456,412.78
103,106,3,296,404.82,0.6016,0.3223,404.82
21,29,7,293,403.53,0.5293,0.2728,403.53
10861,54,5,282,401.92,0.6341,0.283,401.92
10860,54,5,298,399.35,0.6071,0.2761,399.35
12,16,5,332,394.23,0.5895,0.3253,394.23
10862,87,4,297,392.78,0.6657,0.3484,392.78
10867,14,8,258,391.33,0.6769,0.3416,391.33
10881,43,6,285,385.77,0.4706,0.2859,385.77
10862,10885,4,321,381.33,0.4302,0.2657,381.33
13906,79,3,262,379.62,0.6265,0.3517,379.62
57,58,5,294,373.6,0.4117,0.2454,373.6
10,10869,8,308,370.08,0.6667,0.334,370.08
103,10890,3,257,368.48,0.5657,0.2899,368.48
110,45,2,244,368.22,0.6095,0.3176,368.22
10880,10881,6,269,364.2,0.4252,0.2587,364.2
106,79,3,250,361.87,0.5378,0.3108,361.87
10888,75,4,208,360.27,0.638,0.2989,360.27
14038,29,7,269,360.08,0.7834,0.2951,360.08
10881,8889,6,234,359.67,0.3974,0.2462,359.67
10860,12,5,294,356.0,0.5412,0.3668,356.0
87,88,4,250,354.2,0.6003,0.3994,354.2
1,13907,8,249,353.62,0.8395,0.3225,353.62
1,10869,8,285,353.58,0.637,0.2873,353.58
10887,10888,4,204,352.58,0.6244,0.2542,352.58
10874,29,7,292,351.25,0.6026,0.2598,351.25
10887,88,4,281,349.47,0.5367,0.2367,349.47
77,89,3,285,345.72,0.6129,0.2579,345.72
107,86,3,292,344.5,0.5725,0.312,344.5
10861,58,5,280,344.45,0.5434,0.2878,344.45
24,29,7,221,344.12,0.6955,0.2707,344.12
110,51,2,241,343.73,0.517,0.2762,343.73
13029,29,7,227,343.68,0.7436,0.2774,343.68
10872,10874,7,308,342.02,0.5867,0.2972,342.02
10877,10879,6,273,340.23,0.6104,0.2344,340.23
57,62,5,193,338.88,0.588,0.2764,338.88
10887,87,4,279,338.48,0.5737,0.2373,338.48
10,10867,8,243,337.48,0.5838,0.29,337.48
118,45,2,217,336.98,0.5578,0.29,336.98
10861,57,5,225,336.55,0.5309,0.2617,336.55
16,62,5,227,328.1,0.5693,0.2767,328.1
10860,57,5,258,327.98,0.4986,0.2488,327.98
13029,24,7,201,326.55,0.7065,0.518,326.55
10875,21,7,264,320.4,0.5988,0.3279,320.4
10869,14,8,265,319.27,0.5752,0.2673,319.27
10880,8889,6,246,317.6,0.3708,0.22,317.6
10890,79,3,204,317.6,0.4876,0.2676,317.6
10885,10888,4,195,317.25,0.5618,0.2798,317.25
110,121,2,214,304.97,0.469,0.2404,304.97
104,10877,6,254,303.05,0.6613,0.2181,303.05
14,5,8,222,301.73,0.4296,0.222,301.73
10861,12,5,266,299.55,0.4726,0.2986,299.55
103,86,3,274,298.73,0.4964,0.2314,298.73
118,51,2,203,295.8,0.4449,0.234,295.8
10872,32,7,270,293.53,0.6867,0.2812,293.53
10861,68,5,204,291.72,0.4602,0.211,291.72
10890,86,3,231,290.47,0.4827,0.3017,290.47
10875,29,7,231,290.4,0.5427,0.2127,290.4
10872,10875,7,254,289.6,0.5412,0.2506,289.6
10,5,8,249,289.07,0.4116,0.2163,289.07
3129,54,5,182,288.55,0.7142,0.2214,288.55
1,14845,8,187,287.45,0.7004,0.2495,287.45
10872,21,7,255,287.43,0.377,0.2075,287.43
10877,39,6,183,283.95,0.6631,0.206,283.95
109,110,2,225,283.03,0.5449,0.244,283.03
28,29,7,203,280.75,0.7647,0.2326,280.75
14845,5,8,189,280.65,0.6838,0.3373,280.65
10879,10881,6,229,280.27,0.5028,0.235,280.27
10879,8889,6,228,279.95,0.5022,0.2367,279.95
13029,34,7,169,279.38,0.6045,0.2747,279.38
10872,14038,7,229,278.2,0.6053,0.2549,278.2
10879,10880,6,237,276.73,0.4965,0.2433,276.73
118,14844,2,187,275.28,0.8663,0.2937,275.28
107,10890,3,209,273.12,0.4193,0.2229,273.12
10860,68,5,215,269.43,0.4096,0.1885,269.43
107,99,3,224,268.92,0.5838,0.2589,268.92
12,68,5,237,266.93,0.3991,0.185,266.93
10874,34,7,222,265.55,0.4555,0.2306,265.55
29,32,7,230,265.23,0.6205,0.2068,265.23
14,14845,8,164,260.78,0.6354,0.2353,260.78
24,34,7,158,259.78,0.525,0.243,259.78
89,99,3,197,258.5,0.5611,0.1952,258.5
3129,68,5,171,257.53,0.6374,0.2169,257.53
10881,39,6,175,256.07,0.598,0.2354,256.07
14843,75,4,149,252.67,0.629,0.2197,252.67
10860,16,5,190,252.03,0.3831,0.1876,252.03
39,40,6,167,250.57,0.5851,0.2066,250.57
10,13907,8,175,249.63,0.5926,0.2281,249.63
10,10865,8,246,248.88,0.4539,0.2036,248.88
121,51,2,189,248.33,0.3819,0.2328,248.33
118,121,2,167,247.35,0.3804,0.1906,247.35
110,12908,2,174,246.37,0.5941,0.2257,246.37
107,77,3,204,244.85,0.4341,0.21,244.85
10894,110,2,154,244.78,0.7134,0.2396,244.78
118,4181,2,155,244.5,0.7937,0.2551,244.5
10894,118,2,176,244.48,0.7126,0.2461,244.48
10865,10869,8,237,242.33,0.4419,0.2814,242.33
106,77,3,204,239.18,0.4241,0.2397,239.18
76,87,4,191,238.35,0.404,0.172,238.35
10880,39,6,182,238.08,0.556,0.2275,238.08
13907,5,8,191,236.9,0.5624,0.2672,236.9
104,40,6,192,235.68,0.5143,0.1874,235.68
79,86,3,189,231.05,0.384,0.1888,231.05
75,87,4,191,227.27,0.3852,0.1667,227.27
10874,14038,7,190,227.15,0.4942,0.2786,227.15
104,43,6,190,225.23,0.4915,0.2139,225.23
75,88,4,175,223.33,0.343,0.1563,223.33
3129,57,5,130,223.0,0.5519,0.1907,223.0
16,3129,5,159,222.25,0.5501,0.1986,222.25
21,24,7,150,221.72,0.4481,0.2141,221.72
10861,62,5,163,221.3,0.384,0.2238,221.3
10885,14843,4,121,221.13,0.5505,0.2073,221.13
14843,76,4,116,221.03,0.5503,0.1819,221.03
10887,90,4,126,220.22,0.7831,0.1782,220.22
76,88,4,173,220.1,0.338,0.1502,220.1
10890,99,3,160,218.27,0.4738,0.2442,218.27
13907,14,8,139,218.12,0.5178,0.1877,218.12
1,10865,8,197,217.28,0.3963,0.1598,217.28
106,107,3,165,216.35,0.3215,0.166,216.35
10874,21,7,174,215.05,0.3689,0.1903,215.05
22,29,7,142,214.85,0.5461,0.1654,214.85
10887,14843,4,122,211.08,0.5255,0.1546,211.08
45,51,2,156,210.73,0.3488,0.1991,210.73
12,54,5,177,209.5,0.3132,0.1272,209.5
10865,14,8,199,208.05,0.3794,0.1602,208.05
10861,16,5,167,207.38,0.3272,0.1521,207.38
77,86,3,177,206.68,0.3664,0.2155,206.68
10872,24,7,146,204.05,0.4124,0.1699,204.05
10872,13029,7,149,202.3,0.4377,0.1729,202.3
39,8889,6,124,201.42,0.4703,0.178,201.42
12908,51,2,162,201.13,0.485,0.229,201.13
28,34,7,144,200.7,0.5467,0.2006,200.7
13906,86,3,185,196.9,0.3272,0.1948,196.9
10885,88,4,161,196.87,0.3024,0.1468,196.87
10879,40,6,178,194.8,0.3495,0.1394,194.8
10881,44,6,129,193.95,0.6144,0.187,193.95
110,14844,2,127,193.73,0.6097,0.185,193.73
10874,32,7,170,192.38,0.4501,0.2352,192.38
104,47,6,142,192.08,0.564,0.3166,192.08
106,86,3,170,192.07,0.3192,0.1774,192.07
109,51,2,150,191.23,0.3682,0.1926,191.23
76,90,4,98,190.9,0.6788,0.1698,190.9
104,8889,6,158,190.13,0.4149,0.1621,190.13
13029,21,7,122,189.93,0.4109,0.1836,189.93
86,99,3,163,189.87,0.4122,0.2176,189.87
106,99,3,157,188.83,0.4099,0.1999,188.83
10,10870,8,129,188.68,0.6357,0.183,188.68
104,10879,6,166,188.48,0.4113,0.2279,188.48
116,51,2,155,186.28,0.4266,0.2035,186.28
10870,14,8,129,186.23,0.6275,0.1742,186.23
21,32,7,170,185.45,0.4338,0.1846,185.45
10888,88,4,145,184.53,0.3268,0.1789,184.53
10861,3129,5,127,183.87,0.4551,0.2153,183.87
10889,89,3,132,183.42,0.7141,0.1534,183.42
109,118,2,159,182.02,0.3504,0.1477,182.02
10877,44,6,111,180.55,0.572,0.1318,180.55
116,121,2,138,179.48,0.411,0.1978,179.48
12,57,5,164,179.22,0.268,0.1212,179.22
10862,10888,4,140,178.37,0.3159,0.1355,178.37
118,12908,2,120,178.23,0.4298,0.1575,178.23
22,34,7,126,176.6,0.4489,0.168,176.6
44,8889,6,122,176.17,0.5581,0.1687,176.17
14843,87,4,124,175.83,0.4377,0.2155,175.83
10872,28,7,151,174.87,0.4763,0.1586,174.87
10894,45,2,117,174.65,0.509,0.2261,174.65
12908,45,2,143,174.43,0.4207,0.2066,174.43
58,62,5,140,174.35,0.3025,0.1331,174.35
75,90,4,98,173.72,0.6177,0.1567,173.72
116,118,2,124,172.77,0.3956,0.1491,172.77
1,3,8,153,171.88,0.5036,0.1434,171.88
10890,77,3,133,171.78,0.3046,0.1646,171.78
14038,34,7,128,171.5,0.3731,0.1528,171.5
107,13906,3,157,170.7,0.2817,0.1331,170.7
106,13906,3,120,170.68,0.2817,0.154,170.68
10881,47,6,131,170.25,0.4999,0.1568,170.25
13777,77,3,152,169.93,0.6883,0.2651,169.93
14844,4181,2,117,169.58,0.5505,0.3717,169.58
10860,62,5,131,167.1,0.2899,0.1566,167.1
13777,89,3,137,165.65,0.671,0.1377,165.65
21,22,7,133,164.07,0.417,0.1654,164.07
10879,43,6,144,163.73,0.2937,0.1349,163.73
103,99,3,134,163.47,0.3548,0.1272,163.47
10865,5,8,137,161.8,0.2951,0.1486,161.8
12,62,5,147,161.12,0.2796,0.1486,161.12
13906,77,3,139,160.7,0.2849,0.1592,160.7
110,13275,2,100,160.38,0.6328,0.1578,160.38
32,34,7,138,160.05,0.3744,0.1453,160.05
10890,13906,3,102,159.78,0.2637,0.1456,159.78
10867,10869,8,148,159.72,0.2877,0.1641,159.72
40,44,6,111,157.7,0.4996,0.1322,157.7
10885,87,4,145,157.57,0.2671,0.1195,157.57
21,867,7,124,156.55,0.8147,0.1962,156.55
109,121,2,128,156.38,0.3011,0.1543,156.38
121,14844,2,104,156.02,0.491,0.1921,156.02
10870,4,8,86,155.4,0.5236,0.3454,155.4
1,13400,8,116,154.78,0.7913,0.1447,154.78
13275,51,2,100,154.55,0.6098,0.2024,154.55
103,77,3,139,154.42,0.2738,0.1105,154.42
40,47,6,113,154.38,0.4533,0.1264,154.38
10862,90,4,100,154.18,0.5483,0.1458,154.18
14,4,8,89,154.08,0.4994,0.1384,154.08
10,10868,8,108,154.08,0.7258,0.157,154.08
10875,34,7,132,153.1,0.2861,0.1259,153.1
10869,5,8,131,152.63,0.275,0.1381,152.63
121,4181,2,97,152.25,0.4942,0.1889,152.25
43,47,6,110,151.38,0.4445,0.15,151.38
10867,5,8,108,150.93,0.2611,0.1336,150.93
104,10881,6,119,150.53,0.3285,0.1231,150.53
14843,88,4,96,149.12,0.3712,0.165,149.12
12908,13275,2,98,147.95,0.5837,0.2844,147.95
110,4181,2,92,146.92,0.4769,0.1355,146.92
10874,10875,7,127,146.68,0.2741,0.151,146.68
103,10889,3,114,145.72,0.5673,0.1326,145.72
110,122,2,117,144.23,0.4264,0.1291,144.23
10865,10867,8,143,144.05,0.2627,0.1466,144.05
10891,51,2,99,143.32,0.4819,0.175,143.32
121,45,2,99,142.25,0.2355,0.1279,142.25
10880,44,6,111,142.23,0.4506,0.1381,142.23
12,3129,5,122,141.97,0.3514,0.1525,141.97
10891,45,2,100,141.93,0.4773,0.1869,141.93
10879,47,6,114,141.78,0.4163,0.1875,141.78
14303,29,7,104,139.72,0.8153,0.1213,139.72
10872,22,7,124,139.52,0.3546,0.1199,139.52
10875,22,7,126,138.82,0.3529,0.1758,138.82
10877,47,6,106,137.7,0.4043,0.0958,137.7
86,89,3,122,137.35,0.2282,0.0866,137.35
10891,110,2,93,136.4,0.4587,0.1258,136.4
77,79,3,121,135.72,0.2406,0.1059,135.72
10862,14843,4,88,134.63,0.3352,0.1124,134.63
10891,118,2,81,133.47,0.4488,0.1261,133.47
10,4,8,92,132.98,0.431,0.1211,132.98
14038,28,7,92,132.95,0.3621,0.1916,132.95
121,122,2,120,132.63,0.3921,0.155,132.63
103,13777,3,111,131.73,0.5336,0.1194,131.73
10865,4,8,116,131.5,0.4262,0.1813,131.5
14038,22,7,77,130.85,0.3326,0.1812,130.85
10,13400,8,100,130.43,0.6668,0.132,130.43
10894,109,2,117,130.05,0.379,0.1776,130.05
10888,87,4,101,129.82,0.2299,0.1267,129.82
118,12668,2,93,129.78,0.4312,0.1217,129.78
10860,3129,5,101,129.12,0.3196,0.1384,129.12
10860,10861,5,104,128.38,0.2025,0.1104,128.38
77,99,3,108,127.92,0.2777,0.1426,127.92
10875,24,7,100,126.6,0.2559,0.1402,126.6
13400,14,8,98,126.23,0.6453,0.1228,126.23
116,45,2,107,125.28,0.2869,0.1369,125.28
10867,13907,8,77,124.57,0.2957,0.1424,124.57
110,12668,2,96,124.22,0.4127,0.1129,124.22
10874,13029,7,94,123.45,0.2671,0.1339,123.45
10862,14982,4,79,123.43,0.7656,0.1275,123.43
10879,39,6,93,122.25,0.2855,0.1416,122.25
10880,47,6,105,121.52,0.3568,0.113,121.52
106,10890,3,85,121.48,0.1865,0.101,121.48
10875,28,7,86,120.17,0.3273,0.1537,120.17
116,4181,2,75,119.77,0.3888,0.1916,119.77
10876,21,7,102,119.63,0.6419,0.1443,119.63
107,10889,3,104,119.45,0.465,0.1214,119.45
10891,116,2,98,119.0,0.4002,0.1935,119.0
109,45,2,104,118.48,0.2281,0.1179,118.48
122,51,2,102,118.4,0.3501,0.1338,118.4
10868,14,8,88,118.32,0.5574,0.1124,118.32
10,14845,8,97,117.08,0.2853,0.0963,117.08
121,12908,2,93,116.73,0.2815,0.1231,116.73
10865,10870,8,104,116.68,0.3931,0.1602,116.68
1,10864,8,95,116.6,0.5331,0.1031,116.6
4,5,8,89,116.08,0.3763,0.1297,116.08
118,13275,2,70,116.03,0.4578,0.1124,116.03
14,3,8,88,115.32,0.3379,0.0973,115.32
14982,87,4,65,115.15,0.7142,0.181,115.15
43,44,6,76,114.68,0.3633,0.1124,114.68
10869,13400,8,86,114.27,0.5841,0.1795,114.27
10864,5,8,99,114.1,0.5216,0.1414,114.1
1,11,8,95,113.25,0.6327,0.1035,113.25
10880,113,6,99,113.23,0.622,0.1224,113.23
14844,51,2,76,112.72,0.3547,0.1296,112.72
12668,45,2,81,111.9,0.3718,0.1411,111.9
118,122,2,99,111.6,0.3299,0.0995,111.6
107,91,3,90,111.48,0.6013,0.1211,111.48
10889,77,3,97,110.65,0.4308,0.1558,110.65
10885,82,4,91,110.02,0.55,0.1127,110.02
10887,82,4,105,109.25,0.5462,0.0863,109.25
109,12668,2,100,108.73,0.3613,0.1528,108.73
14982,88,4,65,108.38,0.6722,0.154,108.38
79,99,3,90,108.13,0.2347,0.0897,108.13
10875,867,7,87,108.12,0.5626,0.1746,108.12
13777,79,3,86,107.73,0.4364,0.1086,107.73
109,122,2,91,107.3,0.3172,0.143,107.3
10868,10870,8,66,107.28,0.5054,0.267,107.28
10862,78,4,93,106.87,0.7898,0.1115,106.87
10872,14303,7,96,106.48,0.6214,0.1092,106.48
109,12908,2,99,106.47,0.2568,0.1286,106.47
10894,122,2,87,106.15,0.3138,0.1845,106.15
22,32,7,90,105.98,0.2694,0.1483,105.98
10876,29,7,94,105.97,0.5686,0.0882,105.97
104,10880,6,93,105.35,0.2299,0.0871,105.35
3129,58,5,91,105.17,0.2603,0.0872,105.17
3,5,8,97,105.15,0.3081,0.112,105.15
10888,90,4,57,104.75,0.3725,0.1413,104.75
10894,121,2,73,104.42,0.3043,0.1175,104.42
13777,13906,3,90,103.7,0.42,0.1384,103.7
14038,14303,7,73,103.03,0.6012,0.1952,103.03
14038,21,7,80,102.93,0.2239,0.092,102.93
13907,3,8,97,102.68,0.3009,0.1556,102.68
13906,99,3,94,102.38,0.2223,0.1062,102.38
122,12668,2,81,102.27,0.3398,0.1905,102.27
109,116,2,108,101.72,0.2329,0.1191,101.72
10869,10870,8,85,101.65,0.3425,0.1355,101.65
14843,14982,4,65,101.35,0.6286,0.2196,101.35
14038,32,7,88,99.08,0.2318,0.1257,99.08
116,12908,2,95,98.47,0.2375,0.1308,98.47
10872,10876,7,95,98.12,0.5265,0.0983,98.12
10892,110,2,76,97.55,0.7221,0.1015,97.55
119,51,2,71,97.38,0.4501,0.1242,97.38
21,28,7,76,96.52,0.2629,0.0934,96.52
10865,3,8,92,96.47,0.2826,0.1216,96.47
10865,14845,8,71,96.25,0.2345,0.1116,96.25
10862,82,4,78,95.97,0.4798,0.0928,95.97
10884,12,5,78,95.67,0.6571,0.1331,95.67
10881,113,6,83,95.22,0.5231,0.095,95.22
13,5,8,67,94.87,0.5284,0.1205,94.87
10872,867,7,83,94.2,0.4902,0.0935,94.2
21,25,7,78,94.03,0.5918,0.1137,94.03
14845,3,8,70,93.28,0.2733,0.1417,93.28
10884,58,5,76,92.97,0.6385,0.0968,92.97
10892,118,2,73,92.93,0.6879,0.0992,92.93
4181,45,2,55,92.57,0.3005,0.1129,92.57
13029,28,7,67,92.1,0.2509,0.1249,92.1
13907,14845,8,64,91.93,0.224,0.1243,91.93
121,12668,2,87,91.77,0.3049,0.1068,91.77
104,39,6,69,91.58,0.2139,0.1152,91.58
119,121,2,70,91.53,0.4231,0.1181,91.53
76,82,4,60,90.55,0.4527,0.0792,90.55
10,11,8,70,90.53,0.5058,0.0895,90.53
10867,14845,8,56,90.43,0.2203,0.1007,90.43
10865,10868,8,79,90.03,0.4241,0.1343,90.03
10885,5948,4,75,89.83,0.6469,0.096,89.83
106,13777,3,79,89.82,0.3638,0.1082,89.82
10868,4,8,51,89.33,0.4208,0.207,89.33
10864,14845,8,56,88.73,0.4057,0.1642,88.73
10867,10870,8,58,87.87,0.296,0.1116,87.87
116,14844,2,67,87.03,0.2739,0.1304,87.03
10867,3,8,71,87.03,0.255,0.1046,87.03
29,867,7,72,86.6,0.4507,0.0706,86.6
10864,14,8,56,85.87,0.3926,0.0787,85.87
10869,3,8,79,85.27,0.2498,0.1051,85.27
10875,10876,7,74,85.02,0.4562,0.1336,85.02
10894,12668,2,58,84.67,0.2813,0.1514,84.67
10869,13907,8,56,84.58,0.2008,0.0949,84.58
10,3,8,88,84.1,0.2464,0.0713,84.1
10892,10894,2,66,83.4,0.6173,0.2112,83.4
110,119,2,61,83.28,0.3849,0.0788,83.28
13,14,8,56,81.97,0.4565,0.0776,81.97
10889,99,3,60,81.48,0.3172,0.1281,81.48
10875,25,7,69,81.13,0.5106,0.1324,81.13
28,32,7,80,81.12,0.2209,0.1137,81.12
111,51,2,58,81.0,0.5364,0.1102,81.0
123,12668,2,64,80.97,0.5033,0.2126,80.97
10860,10884,5,64,80.78,0.5548,0.1118,80.78
10887,5948,4,75,80.43,0.5792,0.0652,80.43
118,123,2,73,79.7,0.4954,0.0817,79.7
10874,24,7,67,79.48,0.1606,0.0796,79.48
10874,14303,7,70,79.42,0.4634,0.1177,79.42
12,55,5,68,79.02,0.7332,0.1133,79.02
89,91,3,66,78.5,0.4234,0.0639,78.5
10,10863,8,72,78.12,0.4276,0.076,78.12
10885,90,4,47,77.83,0.2768,0.0714,77.83
10891,4181,2,49,77.37,0.2602,0.1465,77.37
82,88,4,57,77.2,0.386,0.0998,77.2
10889,10890,3,47,76.9,0.2994,0.0925,76.9
109,14844,2,59,76.4,0.2404,0.1004,76.4
10889,79,3,56,75.85,0.2953,0.0733,75.85
111,116,2,62,75.5,0.4999,0.1474,75.5
10879,113,6,61,75.47,0.4146,0.1137,75.47
1,4,8,64,74.98,0.243,0.0594,74.98
10872,25,7,72,74.85,0.4711,0.0753,74.85
10875,13029,7,56,74.47,0.1611,0.0807,74.47
10865,13907,8,61,74.27,0.1763,0.083,74.27
108,116,2,53,74.0,0.5329,0.1476,74.0
10889,86,3,70,73.75,0.2871,0.094,73.75
10877,113,6,60,73.3,0.4027,0.0546,73.3
109,13399,2,59,72.85,0.4424,0.1192,72.85
13777,86,3,69,72.78,0.2948,0.0938,72.78
110,13399,2,58,72.73,0.4417,0.0716,72.73
10892,109,2,62,72.43,0.5361,0.1244,72.43
1,13,8,48,72.35,0.403,0.0637,72.35
10872,10873,7,74,72.15,0.5183,0.0738,72.15
10863,5,8,63,72.0,0.3942,0.0886,72.0
10,13,8,56,71.88,0.4004,0.0697,71.88
1,10868,8,56,71.63,0.3374,0.0612,71.63
106,83,3,59,71.27,0.5144,0.0963,71.27
13399,51,2,63,71.25,0.4327,0.094,71.25
10879,44,6,61,71.08,0.2252,0.0886,71.08
10864,10865,8,69,70.87,0.324,0.1018,70.87
10865,13400,8,65,70.03,0.358,0.1039,70.03
14845,4,8,50,69.95,0.2267,0.1078,69.95
25,29,7,59,69.87,0.4397,0.0578,69.87
10887,78,4,56,69.72,0.5153,0.0562,69.72
4181,51,2,46,69.37,0.2252,0.0768,69.37
10891,13275,2,44,69.2,0.273,0.1437,69.2
12668,12908,2,60,68.62,0.228,0.1061,68.62
109,111,2,48,67.23,0.4452,0.1115,67.23
22,28,7,41,67.22,0.1831,0.0969,67.22
39,47,6,58,67.13,0.1971,0.0957,67.13
11,5,8,64,66.67,0.3725,0.0818,66.67
10,10864,8,76,66.58,0.3044,0.0619,66.58
10890,91,3,47,66.05,0.3562,0.0857,66.05
107,73,3,57,65.88,0.7624,0.076,65.88
10873,10874,7,63,65.65,0.4716,0.1,65.65
10888,82,4,49,65.18,0.3259,0.0932,65.18
10894,12908,2,35,65.03,0.1895,0.0939,65.03
10861,10884,5,63,64.97,0.4462,0.0909,64.97
113,40,6,59,64.57,0.3547,0.056,64.57
10891,14844,2,51,64.53,0.217,0.1172,64.53
106,91,3,56,64.25,0.3465,0.0809,64.25
121,13399,2,49,64.17,0.3897,0.0855,64.17
10870,3,8,44,63.78,0.2149,0.1111,63.78
119,122,2,55,63.75,0.2947,0.1299,63.75
10863,3,8,55,63.65,0.3484,0.1383,63.65
86,91,3,56,63.57,0.3428,0.0878,63.57
14437,14845,8,56,63.32,0.6996,0.1447,63.32
14303,28,7,45,63.25,0.3691,0.1331,63.25
11,14,8,51,63.2,0.3531,0.0588,63.2
10884,16,5,48,62.5,0.4293,0.0612,62.5
116,119,2,53,62.37,0.2883,0.1056,62.37
116,13275,2,52,62.23,0.2455,0.0991,62.23
10880,48,6,61,62.18,0.512,0.0679,62.18
122,123,2,53,62.03,0.3856,0.1419,62.03
76,78,4,49,61.88,0.4574,0.0559,61.88
79,91,3,49,61.82,0.3334,0.0633,61.82
10893,118,2,52,61.78,0.5436,0.0653,61.78
3,4,8,48,61.73,0.2001,0.105,61.73
111,121,2,49,61.72,0.4087,0.0834,61.72
13400,5,8,60,61.62,0.315,0.0737,61.62
10873,14038,7,53,61.35,0.4407,0.1141,61.35
5948,82,4,50,61.15,0.4404,0.2202,61.15
10876,24,7,58,61.02,0.3274,0.0984,61.02
5948,88,4,53,61.02,0.4394,0.0837,61.02
10876,22,7,54,60.67,0.3255,0.1169,60.67
10867,4,8,35,60.23,0.1952,0.0729,60.23
10874,22,7,52,59.87,0.1522,0.0653,59.87
10868,10869,8,61,59.37,0.2797,0.0838,59.37
13906,91,3,50,59.33,0.32,0.0811,59.33
78,88,4,56,59.18,0.4374,0.0814,59.18
10864,3,8,60,59.13,0.2703,0.1181,59.13
123,12908,2,49,58.87,0.3659,0.1139,58.87
5948,87,4,57,58.68,0.4226,0.0876,58.68
55,58,5,45,58.6,0.5438,0.0613,58.6
14844,45,2,45,58.25,0.1833,0.0675,58.25
88,90,4,45,58.12,0.2067,0.0665,58.12
10870,5,8,35,58.03,0.1955,0.0617,58.03
10893,45,2,37,58.02,0.5105,0.0879,58.02
119,45,2,50,58.0,0.2681,0.0761,58.0
109,4181,2,44,57.77,0.1875,0.0751,57.77
10893,121,2,37,57.67,0.5074,0.0816,57.67
10874,867,7,49,57.65,0.3,0.0804,57.65
10862,80,4,49,57.45,0.5825,0.0591,57.45
10865,11,8,50,57.27,0.32,0.0855,57.27
103,83,3,47,56.98,0.4113,0.0533,56.98
24,32,7,49,56.82,0.1329,0.0657,56.82
22,24,7,48,56.78,0.1443,0.0683,56.78
14,14437,8,39,56.72,0.6267,0.0571,56.72
10893,122,2,51,56.72,0.499,0.1435,56.72
16,55,5,50,56.42,0.5235,0.0571,56.42
108,51,2,44,56.4,0.4062,0.0755,56.4
10887,80,4,49,56.3,0.5708,0.0463,56.3
122,12908,2,50,56.18,0.1661,0.0806,56.18
25,34,7,52,55.58,0.3498,0.0593,55.58
111,14037,2,36,55.38,0.4668,0.2585,55.38
106,10889,3,47,55.17,0.2148,0.0631,55.17
10863,10865,8,59,54.92,0.3006,0.0812,54.92
101,89,3,42,54.83,0.5506,0.047,54.83
121,123,2,54,54.83,0.3408,0.0725,54.83
116,122,2,58,54.6,0.1614,0.0758,54.6
10863,10869,8,54,54.33,0.2974,0.0795,54.33
22,867,7,50,54.25,0.2823,0.1021,54.25
39,44,6,44,54.15,0.1716,0.0785,54.15
47,8889,6,41,54.12,0.1589,0.0454,54.12
10861,55,5,42,54.0,0.5011,0.0785,54.0
24,867,7,40,53.97,0.2808,0.0853,53.97
113,43,6,43,53.75,0.2953,0.0567,53.75
10863,10867,8,44,53.75,0.2943,0.076,53.75
24,28,7,35,53.67,0.1462,0.0664,53.67
113,39,6,47,53.63,0.2946,0.0964,53.63
13029,32,7,52,53.27,0.1246,0.0637,53.27
43,48,6,57,53.13,0.4375,0.0598,53.13
10873,14303,7,48,52.97,0.3805,0.2056,52.97
103,91,3,51,52.93,0.2855,0.0472,52.93
108,121,2,44,52.75,0.3799,0.0716,52.75
116,13399,2,43,52.72,0.3201,0.0961,52.72
83,91,3,40,52.68,0.3802,0.1942,52.68
5948,75,4,47,52.3,0.3766,0.0481,52.3
118,13399,2,35,52.23,0.3172,0.0519,52.23
13029,14038,7,42,52.07,0.1133,0.0599,52.07
107,83,3,39,52.02,0.3754,0.0557,52.02
10863,10864,8,48,51.65,0.2828,0.1477,51.65
10862,5948,4,45,51.6,0.3716,0.0507,51.6
12668,51,2,45,51.45,0.1709,0.0563,51.45
13,3,8,41,51.2,0.2852,0.109,51.2
121,13275,2,31,51.15,0.2018,0.06,51.15
10891,121,2,49,51.15,0.172,0.0571,51.15
10874,10876,7,47,51.05,0.2739,0.0711,51.05
10864,2,8,50,50.75,0.4832,0.1859,50.75
10877,48,6,53,50.6,0.4166,0.0388,50.6
109,123,2,46,50.48,0.3138,0.0802,50.48
113,8889,6,44,50.35,0.2766,0.0486,50.35
10863,14,8,48,50.25,0.2751,0.0461,50.25
108,118,2,35,50.18,0.3614,0.051,50.18
109,14037,2,32,50.1,0.4223,0.0852,50.1
104,44,6,37,50.08,0.1587,0.0692,50.08
10887,71,4,40,50.02,0.7128,0.0419,50.02
75,82,4,44,49.9,0.2495,0.0434,49.9
121,14037,2,39,49.75,0.4193,0.0692,49.75
73,77,3,40,49.65,0.5745,0.0826,49.65
14982,75,4,34,49.53,0.3072,0.0445,49.53
13275,45,2,31,49.45,0.1951,0.0612,49.45
14437,5,8,44,49.25,0.5442,0.0662,49.25
1,14437,8,40,49.1,0.5425,0.0459,49.1
108,10891,2,42,48.42,0.3487,0.1248,48.42
10873,29,7,34,48.37,0.3474,0.0399,48.37
10893,109,2,47,48.15,0.4237,0.0823,48.15
77,83,3,45,48.12,0.3473,0.0735,48.12
10865,13,8,41,48.05,0.2676,0.0707,48.05
10885,71,4,35,47.98,0.6838,0.0528,47.98
10868,5,8,34,47.98,0.226,0.0554,47.98
101,107,3,30,47.73,0.4793,0.0531,47.73
110,14037,2,40,47.73,0.4023,0.048,47.73
10863,2,8,42,47.62,0.4533,0.1983,47.62
10875,32,7,45,47.38,0.1108,0.0518,47.38
109,119,2,37,46.72,0.2159,0.0678,46.72
14303,22,7,30,46.57,0.2717,0.0899,46.57
13399,45,2,42,46.5,0.2824,0.0644,46.5
10862,71,4,36,46.48,0.6625,0.0487,46.48
10890,73,3,38,46.47,0.5377,0.0672,46.47
75,78,4,40,46.43,0.3432,0.0426,46.43
10892,122,2,38,45.98,0.3404,0.1076,45.98
73,86,3,35,45.73,0.5292,0.0712,45.73
10882,40,6,42,45.48,0.6907,0.0431,45.48
10867,10868,8,30,45.1,0.2125,0.0605,45.1
10876,25,7,36,44.73,0.2815,0.1489,44.73
116,14037,2,38,43.93,0.3703,0.0859,43.93
10888,78,4,41,43.85,0.3241,0.0668,43.85
5948,76,4,46,43.77,0.3152,0.0388,43.77
48,8889,6,44,43.62,0.3591,0.0444,43.62
10865,2,8,50,43.62,0.4153,0.0715,43.62
1,10870,8,35,43.17,0.1454,0.0337,43.17
10876,867,7,41,43.08,0.2312,0.1284,43.08
104,48,6,38,42.98,0.3539,0.0801,42.98
10863,13,8,33,42.78,0.2383,0.1339,42.78
10869,11,8,31,42.77,0.2389,0.0619,42.77
109,13275,2,39,42.73,0.1686,0.0585,42.73
14038,24,7,34,42.72,0.0929,0.0469,42.72
25,867,7,34,42.67,0.2685,0.1384,42.67
119,14037,2,39,42.4,0.3574,0.1449,42.4
11,13907,8,33,42.38,0.2368,0.076,42.38
10893,110,2,32,42.32,0.3723,0.0425,42.32
80,87,4,35,41.97,0.4255,0.0649,41.97
10867,11,8,31,41.85,0.2338,0.0585,41.85
13029,22,7,38,41.63,0.1058,0.0511,41.63
10887,14982,4,26,41.5,0.2574,0.0321,41.5
10872,23,7,38,41.37,0.4901,0.0434,41.37
10875,26,7,40,41.02,0.771,0.0749,41.02
110,111,2,35,40.6,0.2688,0.0393,40.6
111,12668,2,34,40.25,0.2665,0.0978,40.25
10870,13,8,27,40.12,0.2234,0.092,40.12
118,119,2,26,40.02,0.185,0.0374,40.02
122,45,2,30,39.87,0.1179,0.0442,39.87
14707,40,6,22,39.38,0.6952,0.0374,39.38
10867,13400,8,27,39.27,0.2007,0.0535,39.27
13,14845,8,28,38.93,0.2168,0.0707,38.93
2,3,8,41,38.83,0.3697,0.0953,38.83
2,4,8,38,38.37,0.3653,0.1023,38.37
10882,47,6,33,38.25,0.5809,0.1039,38.25
14707,47,6,24,38.13,0.6731,0.1062,38.13
22,25,7,30,38.0,0.2392,0.0739,38.0
10881,48,6,37,37.72,0.3106,0.0377,37.72
13906,83,3,33,37.5,0.2707,0.053,37.5
10860,55,5,30,37.37,0.3467,0.0513,37.37
13777,99,3,34,37.25,0.1509,0.0556,37.25
108,13399,2,23,36.92,0.2659,0.1385,36.92
14707,8889,6,25,36.5,0.6443,0.0395,36.5
10876,34,7,32,36.27,0.1946,0.0368,36.27
122,14037,2,27,35.98,0.3033,0.0855,35.98
21,26,7,37,35.93,0.6754,0.0461,35.93
79,83,3,24,35.47,0.256,0.0371,35.47
10891,122,2,29,35.28,0.1186,0.0588,35.28
80,88,4,28,35.23,0.3572,0.0493,35.23
10892,123,2,29,35.22,0.2607,0.1351,35.22
13,13907,8,29,35.0,0.1949,0.0619,35.0
10873,32,7,39,34.95,0.251,0.0657,34.95
101,99,3,23,34.4,0.3454,0.0654,34.4
13777,83,3,34,34.37,0.248,0.0979,34.37
10884,68,5,30,34.27,0.2353,0.0297,34.27
107,13777,3,31,34.2,0.1385,0.0323,34.2
39,48,6,23,34.15,0.2812,0.0662,34.15
87,90,4,30,34.02,0.121,0.0406,34.02
104,113,6,31,34.0,0.1868,0.0561,34.0
10885,80,4,30,33.93,0.344,0.0357,33.93
13029,23,7,29,33.88,0.4015,0.0661,33.88
10891,14037,2,26,33.85,0.2853,0.0886,33.85
10863,4,8,38,33.83,0.1852,0.074,33.83
10892,121,2,29,33.83,0.2504,0.045,33.83
116,12668,2,31,33.73,0.1121,0.0479,33.73
14843,90,4,17,33.72,0.1199,0.0519,33.72
10880,10882,6,30,33.42,0.5075,0.0376,33.42
101,10889,3,26,33.32,0.3346,0.1031,33.32
14707,43,6,26,32.9,0.5808,0.039,32.9
10869,13,8,23,32.78,0.1826,0.0467,32.78
77,91,3,27,32.58,0.1757,0.0455,32.58
10884,54,5,29,32.3,0.2218,0.0248,32.3
111,12908,2,31,32.28,0.2138,0.0605,32.28
122,13399,2,34,31.98,0.1942,0.0679,31.98
10889,95,3,20,31.93,0.5609,0.1133,31.93
10885,78,4,28,31.85,0.2354,0.0322,31.85
10890,83,3,25,31.85,0.2299,0.042,31.85
10893,10894,2,30,31.77,0.2795,0.0747,31.77
12668,13275,2,29,31.72,0.1251,0.0607,31.72
82,87,4,29,31.7,0.1585,0.0418,31.7
10875,23,7,27,31.65,0.375,0.0538,31.65
25,32,7,27,31.65,0.1992,0.0571,31.65
89,95,3,21,31.62,0.5553,0.0276,31.62
10873,19,7,25,31.37,0.6819,0.2039,31.37
101,77,3,32,31.3,0.3143,0.0495,31.3
12908,13399,2,25,31.23,0.1897,0.057,31.23
119,14844,2,20,31.2,0.1442,0.062,31.2
10864,14437,8,18,31.17,0.3444,0.1121,31.17
10864,4,8,32,31.1,0.1422,0.0627,31.1
10864,13907,8,27,31.03,0.1419,0.051,31.03
119,13399,2,32,30.95,0.188,0.0884,30.95
108,12668,2,25,30.62,0.2205,0.0748,30.62
108,14037,2,25,30.5,0.2571,0.1344,30.5
23,29,7,29,30.42,0.3604,0.0259,30.42
10873,34,7,33,30.38,0.2182,0.0322,30.38
10,2,8,29,30.28,0.2883,0.0304,30.28
10893,12668,2,27,29.72,0.2615,0.0772,29.72
10864,10867,8,18,29.6,0.1353,0.0386,29.6
116,123,2,31,29.3,0.1821,0.0516,29.3
71,88,4,22,29.12,0.415,0.0421,29.12
10873,23,7,26,29.05,0.3442,0.1493,29.05
10894,116,2,33,29.02,0.0846,0.0387,29.02
10875,14038,7,20,28.97,0.063,0.03,28.97
83,99,3,28,28.58,0.2063,0.0501,28.58
10888,80,4,28,28.15,0.2854,0.0443,28.15
108,123,2,24,28.05,0.202,0.1032,28.05
10863,11,8,17,28.03,0.1566,0.084,28.03
10863,14845,8,22,28.0,0.1533,0.0496,28.0
10893,119,2,18,27.98,0.2462,0.0927,27.98
14038,25,7,30,27.92,0.1757,0.0473,27.92
108,110,2,24,27.88,0.2008,0.027,27.88
103,73,3,24,27.78,0.3215,0.0265,27.78
14843,80,4,24,27.68,0.2807,0.0586,27.68
10877,38,6,16,27.67,0.4998,0.0219,27.67
119,12908,2,23,27.48,0.127,0.0455,27.48
73,89,3,28,27.47,0.3178,0.0233,27.47
10882,43,6,23,27.43,0.4166,0.032,27.43
26,34,7,29,27.4,0.515,0.0319,27.4
19,23,7,24,27.28,0.5931,0.2646,27.28
13400,3,8,24,27.07,0.1384,0.0531,27.07
10869,4,8,32,26.98,0.0875,0.0323,26.98
11,3,8,22,26.8,0.1497,0.0543,26.8
10891,111,2,23,26.75,0.1771,0.0634,26.75
101,86,3,24,26.57,0.2668,0.0394,26.57
10889,73,3,23,26.57,0.3074,0.0839,26.57
10873,10875,7,24,26.47,0.1901,0.0409,26.47
108,4181,2,19,26.45,0.1905,0.0629,26.45
119,12668,2,22,26.37,0.1219,0.0537,26.37
14843,78,4,20,26.27,0.1941,0.0514,26.27
44,48,6,19,26.25,0.2161,0.0639,26.25
110,123,2,21,26.15,0.1625,0.0247,26.15
78,80,4,24,26.03,0.2639,0.1252,26.03
10868,3,8,24,25.82,0.1216,0.0489,25.82
10879,48,6,27,25.8,0.2124,0.0395,25.8
47,48,6,21,25.73,0.2119,0.059,25.73
11,13,8,13,25.68,0.1435,0.0772,25.68
10,14437,8,29,25.57,0.2825,0.0259,25.57
78,87,4,22,25.52,0.1886,0.0365,25.52
10881,10882,6,26,25.38,0.3855,0.0266,25.38
10891,119,2,14,25.32,0.117,0.0518,25.32
14037,45,2,29,25.2,0.2124,0.0361,25.2
38,8889,6,15,25.12,0.4538,0.0269,25.12
55,68,5,27,25.1,0.2329,0.0223,25.1
10892,45,2,16,25.02,0.1852,0.035,25.02
10888,14843,4,16,24.82,0.0618,0.0264,24.82
77,95,3,17,24.78,0.4353,0.0416,24.78
10892,12668,2,18,24.73,0.1831,0.0601,24.73
14982,82,4,12,24.7,0.1532,0.0734,24.7
13399,4181,2,13,24.67,0.1498,0.0551,24.67
10884,64,5,19,24.65,0.7679,0.1611,24.65
10891,123,2,16,24.52,0.1524,0.0565,24.52
5948,90,4,25,24.47,0.1762,0.0618,24.47
1,2,8,24,24.4,0.2323,0.022,24.4
101,79,3,22,24.4,0.245,0.0263,24.4
13399,14844,2,19,24.22,0.1471,0.0528,24.22
111,45,2,24,24.2,0.1602,0.0331,24.2
13778,75,4,14,24.08,0.847,0.024,24.08
113,47,6,19,24.07,0.1322,0.0483,24.07
110,116,2,25,24.05,0.0551,0.018,24.05
10867,2,8,21,23.92,0.2277,0.0363,23.92
101,103,3,19,23.85,0.2395,0.0224,23.85
111,122,2,14,23.82,0.1577,0.0512,23.82
13,2,8,22,23.7,0.2256,0.0908,23.7
10873,24,7,21,23.65,0.1699,0.0387,23.65
71,82,4,17,23.5,0.3349,0.0953,23.5
111,119,2,22,23.35,0.1546,0.0679,23.35
113,48,6,14,23.07,0.1899,0.0823,23.07
10881,38,6,11,22.98,0.4152,0.0242,22.98
5948,71,4,18,22.93,0.3268,0.1232,22.93
14303,32,7,23,22.93,0.1338,0.0398,22.93
23,32,7,26,22.87,0.2709,0.0468,22.87
10884,3129,5,24,22.8,0.1566,0.0433,22.8
23,28,7,19,22.6,0.2678,0.0527,22.6
10894,119,2,16,22.57,0.1043,0.042,22.57
10867,14437,8,15,22.55,0.2492,0.0349,22.55
32,867,7,20,22.52,0.1172,0.0377,22.52
108,111,2,13,22.45,0.1617,0.084,22.45
101,95,3,21,22.32,0.392,0.1663,22.32
101,83,3,18,22.27,0.2236,0.1032,22.27
10879,14707,6,17,22.22,0.3922,0.0375,22.22
80,90,4,19,22.13,0.2244,0.0619,22.13
22,23,7,20,22.12,0.262,0.0485,22.12
10863,10868,8,18,22.1,0.121,0.0593,22.1
10894,13275,2,12,22.0,0.0868,0.0383,22.0
10863,13400,8,22,21.97,0.1203,0.0616,21.97
10874,28,7,22,21.88,0.0596,0.0236,21.88
10885,14982,4,17,21.88,0.1357,0.0213,21.88
10884,56,5,17,21.8,0.7479,0.1425,21.8
14037,51,2,9,21.72,0.183,0.0285,21.72
10884,55,5,19,21.48,0.1994,0.0926,21.48
123,45,2,23,21.43,0.1332,0.0288,21.43
123,4181,2,16,21.33,0.1326,0.0477,21.33
91,99,3,15,21.32,0.115,0.0341,21.32
14982,78,4,15,21.23,0.1569,0.0771,21.23
13400,13907,8,24,20.73,0.106,0.0348,20.73
101,106,3,21,20.58,0.2067,0.0274,20.58
3129,62,5,18,20.52,0.0508,0.0214,20.52
55,64,5,17,20.48,0.6381,0.1716,20.48
11,14437,8,20,20.18,0.223,0.081,20.18
10880,14707,6,15,20.15,0.3557,0.0226,20.15
10888,71,4,12,20.12,0.2867,0.0327,20.12
10873,13029,7,19,20.1,0.1444,0.0346,20.1
10880,38,6,18,20.1,0.3631,0.0225,20.1
10882,39,6,16,20.07,0.3047,0.0423,20.07
10874,23,7,17,20.05,0.2376,0.031,20.05
10893,12908,2,12,19.98,0.1758,0.0393,19.98
75,80,4,18,19.92,0.2019,0.0184,19.92
44,47,6,23,19.8,0.0627,0.0311,19.8
10864,11,8,20,19.75,0.1103,0.0523,19.75
83,86,3,17,19.67,0.1419,0.0273,19.67
10864,13,8,20,19.63,0.1093,0.0519,19.63
101,91,3,18,19.57,0.1965,0.0737,19.57
10890,13777,3,17,19.45,0.0788,0.0221,19.45
11,14845,8,20,19.45,0.1087,0.0341,19.45
10875,14303,7,12,19.12,0.1116,0.0278,19.12
91,97,3,19,19.07,0.6174,0.0967,19.07
13777,91,3,20,18.97,0.1023,0.0459,18.97
22,26,7,20,18.95,0.3562,0.0443,18.95
119,4181,2,11,18.62,0.086,0.0368,18.62
10885,13778,4,10,18.6,0.6542,0.0208,18.6
38,44,6,12,18.57,0.3354,0.0527,18.57
55,56,5,14,18.53,0.6358,0.1566,18.53
34,867,7,13,18.45,0.096,0.0183,18.45
56,64,5,14,18.45,0.6329,0.4311,18.45
123,13275,2,14,18.4,0.1144,0.0465,18.4
26,867,7,18,18.28,0.3437,0.0805,18.28
10862,84,4,15,18.05,0.6841,0.0192,18.05
19,24,7,19,18.03,0.392,0.0345,18.03
38,40,6,10,18.03,0.3258,0.0168,18.03
83,95,3,15,17.97,0.3156,0.1012,17.97
80,82,4,18,17.73,0.1798,0.0631,17.73
13,4,8,15,17.65,0.0983,0.0375,17.65
71,87,4,17,17.52,0.2496,0.0273,17.52
14437,4,8,9,17.5,0.1934,0.0459,17.5
10879,10882,6,22,17.48,0.2655,0.0289,17.48
26,29,7,18,17.4,0.3271,0.015,17.4
10891,12668,2,18,17.28,0.0581,0.0297,17.28
11,2,8,13,17.22,0.1639,0.0645,17.22
10863,13907,8,16,17.13,0.0938,0.0292,17.13
14843,82,4,6,17.12,0.0856,0.0293,17.12
10887,13778,4,9,17.08,0.6008,0.0144,17.08
10873,22,7,18,17.08,0.1227,0.0331,17.08
119,123,2,18,17.07,0.1061,0.0474,17.07
10882,113,6,15,16.97,0.2577,0.0735,16.97
10890,95,3,6,16.85,0.296,0.0244,16.85
108,119,2,14,16.73,0.1205,0.0494,16.73
10873,28,7,13,16.65,0.1196,0.034,16.65
10870,11,8,13,16.57,0.0926,0.0361,16.57
10872,26,7,14,16.57,0.3114,0.0175,16.57
60,64,5,12,16.45,0.9022,0.4855,16.45
101,97,3,16,16.27,0.5267,0.1424,16.27
14303,24,7,15,16.17,0.0943,0.0249,16.17
10874,25,7,18,16.0,0.1007,0.022,16.0
55,62,5,19,15.88,0.1474,0.0238,15.88
13275,14037,2,11,15.83,0.1334,0.0444,15.83
10891,12908,2,19,15.8,0.0531,0.0227,15.8
13275,13399,2,13,15.78,0.0959,0.0392,15.78
83,97,3,14,15.73,0.5094,0.1024,15.73
10884,60,5,10,15.43,0.8464,0.104,15.43
10892,116,2,18,15.42,0.1141,0.0277,15.42
14845,2,8,14,15.42,0.1468,0.0308,15.42
113,44,6,17,15.4,0.0846,0.0319,15.4
12668,14037,2,11,15.08,0.1271,0.0373,15.08
40,48,6,18,15.03,0.1238,0.0132,15.03
10877,10882,6,15,15.0,0.2278,0.0117,15.0
106,73,3,13,15.0,0.1736,0.0202,15.0
13778,76,4,8,14.92,0.5246,0.0142,14.92
2,5,8,14,14.88,0.1417,0.0188,14.88
55,60,5,10,14.57,0.7989,0.1307,14.57
104,38,6,13,14.53,0.2626,0.0291,14.53
10879,38,6,11,14.45,0.2611,0.0242,14.45
25,28,7,16,14.15,0.0891,0.0276,14.15
111,13275,2,15,13.97,0.0925,0.0358,13.97
14,2,8,16,13.88,0.1322,0.0132,13.88
10892,10893,2,11,13.88,0.1222,0.0591,13.88
19,22,7,15,13.87,0.3014,0.0326,13.87
108,13275,2,8,13.87,0.0999,0.0366,13.87
10871,10873,7,17,13.73,0.6995,0.0946,13.73
78,84,4,10,13.7,0.5193,0.0926,13.7
106,97,3,14,13.67,0.4425,0.0198,13.67
10888,14982,4,6,13.5,0.0837,0.0189,13.5
108,12908,2,12,13.4,0.0965,0.0248,13.4
26,32,7,13,13.37,0.2513,0.0286,13.37
56,60,5,9,13.32,0.7303,0.3909,13.32
113,38,6,9,13.28,0.24,0.0593,13.28
10869,7,8,14,13.25,0.8512,0.0238,13.25
73,83,3,10,13.22,0.1529,0.0624,13.22
14303,34,7,17,13.03,0.0761,0.0131,13.03
108,45,2,10,12.97,0.0934,0.0178,12.97
10876,32,7,11,12.68,0.0681,0.0211,12.68
12,56,5,10,12.65,0.434,0.0185,12.65
10891,13399,2,17,12.52,0.076,0.0278,12.52
83,89,3,9,12.47,0.09,0.01,12.47
14707,39,6,8,12.33,0.2177,0.0261,12.33
119,13275,2,12,12.32,0.0569,0.0269,12.32
89,97,3,12,12.28,0.3977,0.0108,12.28
71,90,4,11,12.23,0.1743,0.0361,12.23
14303,25,7,13,12.22,0.0769,0.0384,12.22
13400,4,8,15,12.17,0.0622,0.0247,12.17
10878,113,6,6,12.1,0.6264,0.0639,12.1
101,10890,3,10,12.05,0.121,0.0163,12.05
107,95,3,12,12.05,0.2117,0.0135,12.05
14982,84,4,9,12.0,0.4548,0.0683,12.0
10870,2,8,16,11.98,0.1141,0.0307,11.98
10894,123,2,10,11.93,0.0742,0.0243,11.93
10871,23,7,10,11.8,0.601,0.1279,11.8
79,95,3,5,11.78,0.207,0.0131,11.78
80,84,4,11,11.78,0.4466,0.1041,11.78
38,47,6,11,11.77,0.2126,0.0306,11.77
12,64,5,13,11.65,0.3629,0.0169,11.65
19,29,7,13,11.62,0.2525,0.0101,11.62
13,14437,8,8,11.6,0.1282,0.0449,11.6
55,57,5,10,11.58,0.1075,0.0107,11.58
10876,28,7,13,11.47,0.0615,0.0212,11.47
10876,23,7,9,11.35,0.1345,0.0438,11.35
13778,87,4,8,11.28,0.3968,0.0186,11.28
107,97,3,10,11.22,0.3632,0.0129,11.22
95,97,3,12,11.2,0.3627,0.1462,11.2
91,95,3,12,11.18,0.1964,0.0484,11.18
54,55,5,11,11.0,0.1021,0.0086,11.0
10878,48,6,6,11.0,0.5695,0.0848,11.0
13029,25,7,13,10.97,0.069,0.018,10.97
82,90,4,9,10.8,0.054,0.023,10.8
86,95,3,11,10.7,0.1879,0.0165,10.7
14038,19,7,10,10.62,0.2308,0.0214,10.62
24,26,7,11,10.6,0.1992,0.0197,10.6
38,43,6,7,10.58,0.1912,0.0122,10.58
10877,14707,6,11,10.5,0.1853,0.0082,10.5
10865,14437,8,10,10.47,0.1157,0.0167,10.47
10882,44,6,11,10.17,0.1544,0.0274,10.17
71,75,4,7,10.08,0.1437,0.0095,10.08
10867,13,8,5,10.0,0.0557,0.0134,10.0
10871,10872,7,12,9.95,0.5068,0.0108,9.95
14,7,8,10,9.78,0.6285,0.0101,9.78
10870,7,8,9,9.75,0.6263,0.0322,9.75
14707,44,6,7,9.63,0.1701,0.0266,9.63
28,867,7,11,9.4,0.0489,0.0171,9.4
103,95,3,12,9.38,0.1648,0.0091,9.38
35,43,6,9,9.33,0.4249,0.0112,9.33
10868,11,8,10,9.33,0.0521,0.0244,9.33
13778,14843,4,7,9.32,0.3277,0.0221,9.32
10860,56,5,7,9.32,0.3196,0.0137,9.32
3129,64,5,8,9.2,0.2866,0.0215,9.2
39,43,6,4,9.17,0.0214,0.0074,9.17
73,95,3,6,9.1,0.1598,0.0678,9.1
19,28,7,10,9.08,0.1975,0.0225,9.08
14038,23,7,8,9.03,0.107,0.0169,9.03
38,48,6,5,9.02,0.1629,0.0537,9.02
10879,35,6,8,8.98,0.409,0.0157,8.98
84,87,4,6,8.88,0.3367,0.0146,8.88
10868,2,8,7,8.75,0.0833,0.0284,8.75
123,14844,2,7,8.65,0.0538,0.0184,8.65
19,32,7,11,8.6,0.187,0.0185,8.6
10883,44,6,6,8.6,0.7078,0.0269,8.6
10872,19,7,7,8.47,0.1841,0.0089,8.47
104,35,6,9,8.47,0.3854,0.0179,8.47
10878,44,6,4,8.28,0.4288,0.0254,8.28
10874,26,7,7,8.28,0.1557,0.0132,8.28
10871,24,7,8,8.27,0.4211,0.0163,8.27
24,25,7,9,8.23,0.0518,0.0128,8.23
10871,19,7,7,8.23,0.4194,0.1434,8.23
10878,39,6,5,8.13,0.4211,0.0185,8.13
10891,10894,2,10,8.0,0.0269,0.0126,8.0
13778,14982,4,4,7.97,0.2802,0.0438,7.97
14303,19,7,7,7.95,0.1728,0.038,7.95
10886,80,4,7,7.95,0.9675,0.0804,7.95
101,73,3,5,7.87,0.091,0.0442,7.87
11,9,8,4,7.83,1.0,0.0438,7.83
2,9,8,4,7.83,1.0,0.0746,7.83
58,64,5,7,7.68,0.2394,0.0082,7.68
10883,48,6,5,7.67,0.631,0.0609,7.67
21,23,7,7,7.65,0.0906,0.0091,7.65
111,13399,2,4,7.63,0.0505,0.0248,7.63
10884,62,5,5,7.6,0.0522,0.0106,7.6
10883,47,6,6,7.52,0.6187,0.0218,7.52
113,35,6,6,7.43,0.3384,0.0378,7.43
10874,19,7,8,7.38,0.1605,0.0119,7.38
103,97,3,7,7.3,0.2364,0.0072,7.3
10,7,8,9,7.25,0.4657,0.0078,7.25
13275,14844,2,4,7.22,0.0285,0.0128,7.22
13399,14037,2,10,7.13,0.0601,0.0258,7.13
82,84,4,5,7.13,0.2704,0.0325,7.13
10882,48,6,4,7.08,0.1076,0.0393,7.08
108,122,2,6,7.07,0.0509,0.015,7.07
3129,55,5,6,7.03,0.0653,0.0139,7.03
57,64,5,7,7.02,0.2186,0.0069,7.02
10865,7,8,8,6.97,0.4475,0.0125,6.97
23,24,7,6,6.92,0.082,0.0121,6.92
122,4181,2,5,6.88,0.0223,0.0108,6.88
35,38,6,4,6.85,0.3118,0.0972,6.85
35,8889,6,8,6.85,0.3118,0.0074,6.85
10888,5948,4,4,6.83,0.0492,0.0098,6.83
86,97,3,7,6.68,0.2164,0.0107,6.68
111,123,2,7,6.65,0.044,0.0218,6.65
10873,25,7,10,6.42,0.0461,0.022,6.42
10863,9,8,3,6.4,0.817,0.0348,6.4
10877,35,6,8,6.38,0.2906,0.0051,6.38
10889,91,3,6,6.22,0.0335,0.0143,6.22
10878,38,6,3,6.15,0.3184,0.0898,6.15
10886,84,4,5,6.1,0.7424,0.214,6.1
10878,10879,6,3,5.95,0.308,0.0104,5.95
11,4,8,4,5.93,0.0332,0.0123,5.93
10871,22,7,6,5.92,0.3014,0.0145,5.92
35,48,6,3,5.92,0.2693,0.043,5.92
56,58,5,5,5.92,0.203,0.0064,5.92
19,34,7,9,5.88,0.1279,0.0067,5.88
10875,19,7,10,5.72,0.1243,0.0099,5.72
10883,39,6,4,5.7,0.4691,0.0131,5.7
10871,10875,7,8,5.58,0.2844,0.0102,5.58
10893,123,2,8,5.57,0.049,0.0207,5.57
13778,80,4,5,5.55,0.1952,0.0457,5.55
122,14844,2,6,5.35,0.0168,0.0082,5.35
35,44,6,3,5.3,0.2413,0.0159,5.3
10878,47,6,2,5.2,0.2692,0.0147,5.2
10873,21,7,6,5.2,0.0374,0.0058,5.2
10884,57,5,6,5.18,0.0356,0.0046,5.18
10886,78,4,4,5.15,0.6268,0.0372,5.15
3129,56,5,5,5.13,0.1761,0.012,5.13
10878,10883,6,3,5.07,0.417,0.1919,5.07
56,68,5,3,5.0,0.1715,0.0047,5.0
5,7,8,6,4.98,0.3201,0.007,4.98
97,99,3,6,4.97,0.1608,0.0102,4.97
13029,19,7,6,4.95,0.1076,0.0098,4.95
95,99,3,4,4.87,0.0855,0.0095,4.87
14707,48,6,5,4.85,0.0856,0.028,4.85
122,13275,2,3,4.85,0.0191,0.0083,4.85
75,84,4,5,4.83,0.1832,0.0047,4.83
10864,10869,8,6,4.67,0.0213,0.0061,4.67
10886,82,4,4,4.65,0.5659,0.0228,4.65
10885,84,4,3,4.62,0.175,0.0051,4.62
14437,3,8,4,4.58,0.0506,0.0107,4.58
35,39,6,2,4.55,0.2071,0.0102,4.55
10891,109,2,4,4.38,0.0147,0.0054,4.38
23,25,7,3,4.33,0.0513,0.0181,4.33
10880,35,6,2,4.33,0.1973,0.005,4.33
64,68,5,7,4.25,0.1324,0.004,4.25
13778,88,4,2,4.2,0.1477,0.0062,4.2
13275,4181,2,2,4.17,0.0164,0.0075,4.17
84,88,4,5,4.13,0.1567,0.0061,4.13
10889,83,3,3,4.05,0.0292,0.0103,4.05
10881,35,6,7,4.03,0.1836,0.0043,4.03
10871,34,7,6,4.0,0.2037,0.0047,4.0
10863,7,8,5,3.8,0.2441,0.0195,3.8
10862,10886,4,5,3.72,0.4523,0.004,3.72
10860,64,5,3,3.67,0.1142,0.0053,3.67
10878,40,6,5,3.62,0.1872,0.0034,3.62
10878,10882,6,5,3.62,0.1872,0.0443,3.62
84,90,4,3,3.62,0.1371,0.0119,3.62
10865,9,8,2,3.55,0.4532,0.0064,3.55
73,99,3,3,3.52,0.0407,0.0065,3.52
78,82,4,2,3.52,0.026,0.0106,3.52
14982,90,4,2,3.43,0.0213,0.0078,3.43
10883,35,6,3,3.33,0.2743,0.1083,3.33
73,79,3,4,3.32,0.0384,0.0035,3.32
58,60,5,2,3.3,0.181,0.0036,3.3
57,60,5,3,3.13,0.1718,0.0031,3.13
10894,51,2,4,3.1,0.009,0.0031,3.1
10878,43,6,4,3.07,0.1588,0.0037,3.07
10882,35,6,2,3.05,0.1388,0.036,3.05
10889,97,3,3,3.0,0.0971,0.0105,3.0
10864,9,8,1,2.95,0.3766,0.0132,2.95
108,109,2,2,2.93,0.0211,0.0045,2.93
108,10894,2,2,2.93,0.0211,0.0061,2.93
23,867,7,2,2.93,0.0348,0.0107,2.93
10869,2,8,7,2.87,0.0273,0.0044,2.87
16,56,5,1,2.8,0.0961,0.0029,2.8
12,60,5,3,2.8,0.1536,0.0041,2.8
4,9,8,2,2.77,0.3532,0.0088,2.77
10887,84,4,3,2.73,0.1036,0.0023,2.73
19,25,7,2,2.7,0.0587,0.0134,2.7
13400,2,8,4,2.67,0.0254,0.0089,2.67
10888,84,4,3,2.65,0.1004,0.0045,2.65
10871,14303,7,3,2.62,0.1333,0.0139,2.62
10871,29,7,2,2.6,0.1324,0.0023,2.6
16,64,5,3,2.55,0.0794,0.0026,2.55
5948,84,4,1,2.45,0.0929,0.015,2.45
10878,10880,6,4,2.38,0.1234,0.0027,2.38
54,64,5,2,2.35,0.0732,0.0019,2.35
10883,113,6,3,2.3,0.1893,0.012,2.3
56,62,5,2,2.3,0.0789,0.0038,2.3
10883,38,6,3,2.3,0.1893,0.0353,2.3
13907,2,8,2,2.28,0.0217,0.0044,2.28
10894,13399,2,3,2.17,0.0132,0.0043,2.17
10876,26,7,2,2.17,0.0407,0.0091,2.17
77,97,3,4,2.15,0.0696,0.0036,2.15
73,91,3,2,2.15,0.0249,0.008,2.15
23,34,7,3,2.13,0.0253,0.0023,2.13
1,7,8,3,1.97,0.1263,0.0019,1.97
13777,73,3,4,1.95,0.0226,0.0059,1.95
76,84,4,3,1.88,0.0714,0.0018,1.88
76,80,4,2,1.85,0.0188,0.0016,1.85
10860,60,5,1,1.78,0.0978,0.0026,1.78
16,60,5,1,1.78,0.0978,0.0019,1.78
106,95,3,1,1.63,0.0287,0.0022,1.63
35,47,6,1,1.58,0.0721,0.0044,1.58
10881,10883,6,2,1.53,0.1262,0.0017,1.53
10871,10876,7,2,1.52,0.0772,0.0074,1.52
19,21,7,3,1.52,0.033,0.0019,1.52
10871,10874,7,3,1.48,0.0756,0.0025,1.48
4,7,8,3,1.48,0.0953,0.0046,1.48
10878,35,6,1,1.47,0.0759,0.0368,1.47
3,7,8,2,1.42,0.091,0.004,1.42
10861,56,5,1,1.38,0.0475,0.0021,1.38
123,51,2,3,1.37,0.0085,0.0017,1.37
10871,21,7,1,1.33,0.0679,0.0017,1.33
10873,26,7,1,1.33,0.0251,0.007,1.33
10871,26,7,1,1.33,0.0679,0.0186,1.33
10894,111,2,1,1.28,0.0085,0.0026,1.28
10886,10887,4,2,1.25,0.1521,0.0011,1.25
10883,43,6,1,1.25,0.1029,0.0015,1.25
10883,8889,6,1,1.25,0.1029,0.0014,1.25
11,13400,8,3,1.23,0.0069,0.0033,1.23
10878,10881,6,1,1.23,0.0638,0.0013,1.23
10885,10886,4,2,1.13,0.1379,0.0013,1.13
10891,10893,2,2,1.05,0.0092,0.0026,1.05
101,13906,3,1,1.02,0.0102,0.0014,1.02
123,13399,2,2,1.02,0.0063,0.0031,1.02
