source,target,target_name,target_position,target_is_imported,team_with_minutes,team_with_poss,team_with_pts_for,team_with_pts_against,team_with_margin,team_with_ortg,team_with_drtg,team_with_net_per100,team_with_net_per100_shrunk,mcc_with_minutes,mcc_with_PTS_per36,mcc_with_FGA_per36,mcc_with_REB_per36,mcc_with_AST_per36,mcc_with_TOV_per36,mcc_with_TS_pct,mcc_with_3PA_rate,mcc_with_FT_rate,mcc_with_rim_share,mcc_with_paint_share,mcc_with_mid_share,mcc_with_three_share,mcc_with_assisted_share,mcc_with_usage_share,mcc_with_FGA,team_without_minutes,team_without_poss,team_without_pts_for,team_without_pts_against,team_without_margin,team_without_ortg,team_without_drtg,team_without_net_per100,team_without_net_per100_shrunk,mcc_without_minutes,mcc_without_PTS_per36,mcc_without_FGA_per36,mcc_without_REB_per36,mcc_without_AST_per36,mcc_without_TOV_per36,mcc_without_TS_pct,mcc_without_3PA_rate,mcc_without_FT_rate,mcc_without_rim_share,mcc_without_paint_share,mcc_without_mid_share,mcc_without_three_share,mcc_without_assisted_share,mcc_without_usage_share,mcc_without_FGA,tm_with_mcc_minutes,tm_with_mcc_PTS_per36,tm_with_mcc_FGA_per36,tm_with_mcc_REB_per36,tm_with_mcc_AST_per36,tm_with_mcc_TOV_per36,tm_with_mcc_TS_pct,tm_with_mcc_3PA_rate,tm_with_mcc_FT_rate,tm_with_mcc_rim_share,tm_with_mcc_paint_share,tm_with_mcc_mid_share,tm_with_mcc_three_share,tm_with_mcc_assisted_share,tm_with_mcc_usage_share,tm_with_mcc_FGA,tm_without_mcc_minutes,tm_without_mcc_PTS_per36,tm_without_mcc_FGA_per36,tm_without_mcc_REB_per36,tm_without_mcc_AST_per36,tm_without_mcc_TOV_per36,tm_without_mcc_TS_pct,tm_without_mcc_3PA_rate,tm_without_mcc_FT_rate,tm_without_mcc_rim_share,tm_without_mcc_paint_share,tm_without_mcc_mid_share,tm_without_mcc_three_share,tm_without_mcc_assisted_share,tm_without_mcc_usage_share,tm_without_mcc_FGA,team_net_diff,mcc_diff_PTS_per36,tm_diff_PTS_per36,mcc_diff_TS_pct,tm_diff_TS_pct,mcc_diff_3PA_rate,tm_diff_3PA_rate,mcc_diff_rim_share,tm_diff_rim_share,mcc_diff_paint_share,tm_diff_paint_share,mcc_diff_mid_share,tm_diff_mid_share,mcc_diff_three_share,tm_diff_three_share,mcc_diff_assisted_share,tm_diff_assisted_share,mcc_diff_usage_share,tm_diff_usage_share,mcc_diff_AST_per36,tm_diff_AST_per36,mcc_diff_REB_per36,tm_diff_REB_per36,mcc_diff_TOV_per36,tm_diff_TOV_per36,shared_minutes,weight
10860,58,Lin Sin-Kuan,SmallForward,False,479.6667,948.18,946.0,911.0,35.0,99.0493,96.7831,3.6913,3.5064,479.6667,18.2377,15.9861,12.984,1.9514,2.4767,0.4957,0.1596,0.3427,0.2535,0.4038,0.1831,0.1596,0.5253,0.2912,213.0,200.6333,374.3,410.0,384.0,26.0,110.4764,101.7272,6.9463,6.1277,200.6333,24.4027,18.1226,14.1751,1.9737,2.8709,0.6024,0.1584,0.2673,0.3366,0.3069,0.198,0.1584,0.6364,0.3473,101.0,479.6667,13.8096,13.0591,4.0528,2.852,2.4767,0.4824,0.408,0.2184,0.1207,0.2759,0.1954,0.408,0.5857,0.2342,174.0,452.8,12.5618,13.0389,4.5318,2.5442,1.5901,0.4393,0.5061,0.2195,0.0976,0.2256,0.1707,0.5061,0.5741,0.22,164.0,-3.255,-6.1651,1.2478,-0.1067,0.0431,0.0012,-0.0981,-0.0831,0.0231,0.0968,0.0503,-0.0149,0.0247,0.0012,-0.0981,-0.1111,0.0116,-0.0561,0.0142,-0.0224,0.3078,-1.1911,-0.479,-0.3942,0.8866,479.6667,479.6667
10860,54,Gao Jin-Wei,PointGuard,False,407.4667,787.08,823.0,786.0,37.0,103.736,100.666,4.7009,4.4201,407.4667,21.0275,18.4653,13.1643,2.5622,2.8272,0.5132,0.1627,0.2488,0.3158,0.3541,0.1675,0.1627,0.5816,0.3326,209.0,272.8333,535.4,533.0,509.0,24.0,100.03,94.6167,4.4826,4.0998,272.8333,18.6048,13.8546,13.5907,1.0556,2.2431,0.559,0.1524,0.4571,0.2095,0.4095,0.2286,0.1524,0.5357,0.2686,105.0,407.4667,13.6944,12.4575,4.0641,4.8593,1.5903,0.5158,0.539,0.1489,0.1277,0.2199,0.1135,0.539,0.3929,0.2121,141.0,811.1333,16.3771,12.7821,4.1719,5.4146,1.7753,0.5969,0.6424,0.1667,0.1146,0.1667,0.0764,0.6424,0.4839,0.2204,288.0,0.2183,2.4227,-2.6827,-0.0458,-0.081,0.0103,-0.1034,0.1063,0.0131,-0.0555,0.0532,-0.0611,0.0371,0.0103,-0.1034,0.0459,-0.091,0.064,-0.0083,1.5066,-0.5554,-0.4264,-0.1078,0.5841,-0.185,407.4667,407.4667
10860,12,Tsao Xun-Xiang,PointGuard,False,373.25,726.4,732.0,692.0,40.0,100.6545,95.3746,5.5066,5.152,373.25,19.3865,15.3356,13.503,1.1574,2.2184,0.5357,0.1509,0.4088,0.2767,0.3459,0.2264,0.1509,0.6,0.2896,159.0,307.05,596.08,624.0,603.0,21.0,104.1806,101.6521,3.523,3.2504,307.05,20.8696,18.1729,13.1314,2.9311,3.0484,0.5223,0.1677,0.2258,0.2839,0.4,0.1484,0.1677,0.527,0.3279,155.0,373.25,8.777,8.8734,4.0509,7.5231,2.7971,0.4494,0.3478,0.2283,0.1739,0.25,0.2283,0.3478,0.3143,0.1791,92.0,331.0333,9.7875,9.57,4.2413,6.09,2.61,0.467,0.25,0.2159,0.1364,0.4318,0.1818,0.25,0.3243,0.1885,88.0,1.9836,-1.4831,-1.0106,0.0134,-0.0176,-0.0168,0.0978,-0.0071,0.0375,-0.0541,-0.1818,0.078,0.0464,-0.0168,0.0978,0.073,-0.01,-0.0383,-0.0094,-1.7737,1.4331,0.3716,-0.1904,-0.83,0.187,373.25,373.25
10860,57,Chuang Po-Yuan,PointGuardAndShootingGuard,False,333.1833,642.12,679.0,640.0,39.0,105.5659,99.8378,6.0736,5.6349,333.1833,21.6097,16.6395,12.8578,2.269,3.1334,0.5783,0.1623,0.2792,0.2987,0.3701,0.1688,0.1623,0.6296,0.3139,154.0,347.1167,680.36,677.0,655.0,22.0,99.1215,96.6476,3.2336,3.0122,347.1167,18.5644,16.5938,13.7936,1.6594,2.0742,0.4836,0.1562,0.3562,0.2625,0.375,0.2062,0.1562,0.4932,0.3003,160.0,333.1833,4.538,4.7541,1.9449,0.7563,0.9724,0.4419,0.7045,0.1818,0.1364,0.1364,0.0227,0.7045,0.8571,0.0879,44.0,679.3833,8.3723,6.4117,2.5965,1.2188,0.9538,0.6128,0.719,0.1488,0.1074,0.124,0.0496,0.719,0.8889,0.1105,121.0,2.84,3.0454,-3.8343,0.0947,-0.1709,0.0061,-0.0145,0.0362,0.0289,-0.0049,0.0124,-0.0374,-0.0269,0.0061,-0.0145,0.1365,-0.0317,0.0137,-0.0226,0.6096,-0.4624,-0.9358,-0.6516,1.0592,0.0186,333.1833,333.1833
10860,68,Lasannah Kromah,SmallForward,True,278.7,550.1,575.0,567.0,8.0,103.8506,103.7473,1.4543,1.3331,278.7,23.5091,18.859,13.6921,1.2917,2.4543,0.5638,0.1438,0.2397,0.2671,0.4041,0.1849,0.1438,0.6623,0.3258,146.0,401.6,772.38,781.0,728.0,53.0,101.0977,94.2712,6.8619,6.4447,401.6,17.6594,15.0598,13.0876,2.4203,2.6892,0.501,0.1726,0.3869,0.2917,0.3452,0.1905,0.1726,0.4675,0.2933,168.0,278.7,22.8633,18.084,6.8461,5.9419,4.3918,0.5553,0.1857,0.3143,0.0929,0.3357,0.3857,0.1857,0.2879,0.3492,140.0,792.0667,24.907,19.1348,7.0903,6.7722,3.5452,0.5483,0.2304,0.4252,0.1591,0.3254,0.285,0.2304,0.2947,0.3695,421.0,-5.4076,5.8498,-2.0437,0.0628,0.0071,-0.0288,-0.0447,-0.0245,-0.0663,0.0589,0.0103,-0.0055,0.1007,-0.0288,-0.0447,0.1948,-0.0069,0.0325,-0.0203,-1.1286,-0.8303,0.6045,-0.2442,-0.235,0.8467,278.7,278.7
10860,16,Malcolm Miller,SmallForward,True,256.9833,486.04,480.0,450.0,30.0,99.0835,92.2812,6.1723,5.5966,256.9833,19.0518,16.11,13.0281,2.2414,2.5216,0.5128,0.1478,0.3478,0.3043,0.3565,0.1913,0.1478,0.5556,0.3109,115.0,423.3167,836.44,876.0,845.0,31.0,104.0677,101.67,3.7062,3.4971,423.3167,20.6654,16.9235,13.5218,1.7859,2.6363,0.539,0.1658,0.3015,0.2663,0.3819,0.1859,0.1658,0.57,0.3046,199.0,256.9833,18.3514,14.1488,8.4052,3.5022,1.541,0.5825,0.2475,0.2574,0.2475,0.3663,0.1386,0.2475,0.5556,0.2548,101.0,699.0833,17.4057,13.1315,10.5567,1.9054,1.9568,0.5728,0.298,0.3569,0.2078,0.3804,0.1137,0.298,0.6032,0.2488,255.0,2.4661,-1.6136,0.9457,-0.0262,0.0097,-0.018,-0.0505,0.038,0.0397,-0.0254,-0.0141,0.0054,0.0249,-0.018,-0.0505,-0.0144,-0.0476,0.0063,0.006,0.4555,1.5968,-0.4937,-2.1515,-0.1148,-0.4159,256.9833,256.9833
10860,62,Wang Hao-Chi,SmallForwardAndPowerForward,False,172.0333,329.24,326.0,329.0,-3.0,98.3587,100.5993,-0.9112,-0.7911,172.0333,20.7169,17.3687,14.2298,2.3019,1.8834,0.5316,0.1566,0.2771,0.2289,0.4699,0.1446,0.1566,0.4878,0.3081,83.0,508.2667,993.24,1030.0,966.0,64.0,103.5426,97.4065,6.4436,6.1347,508.2667,19.8321,16.3615,13.0325,1.8416,2.8332,0.5285,0.1602,0.3333,0.2987,0.3377,0.2035,0.1602,0.5929,0.3065,231.0,172.0333,7.5334,8.3705,4.3945,0.4185,0.2093,0.4221,0.775,0.15,0.125,0.05,0.05,0.775,1.0,0.1317,40.0,426.9833,8.1783,8.2626,3.6254,1.2647,0.9274,0.484,0.8163,0.051,0.0306,0.0816,0.0714,0.8163,0.9412,0.133,98.0,-7.3547,0.8848,-0.6449,0.003,-0.0619,-0.0035,-0.0413,-0.0698,0.0944,0.1322,-0.0316,-0.0589,-0.0214,-0.0035,-0.0413,-0.1051,0.0588,0.0016,-0.0014,0.4603,-0.8462,1.1973,0.7691,-0.9498,-0.7182,172.0333,172.0333
10860,10861,Cheick Diallo,PowerForward,True,136.7167,272.86,292.0,263.0,29.0,106.2746,97.0623,10.6282,8.9822,136.7167,14.7458,13.4292,12.376,2.8965,3.1598,0.4614,0.2353,0.4314,0.2745,0.2941,0.1961,0.2353,0.2857,0.2645,51.0,543.5833,1049.62,1064.0,1032.0,32.0,101.1946,98.4921,3.0487,2.9101,543.5833,21.3914,17.4178,13.5766,1.7219,2.4504,0.5432,0.1445,0.2966,0.2814,0.3878,0.1863,0.1445,0.609,0.318,263.0,136.7167,26.3318,17.379,13.9559,2.3699,3.6865,0.6077,0.0152,0.5606,0.4394,0.4545,0.0909,0.0152,0.6571,0.3504,66.0,534.2,23.8562,15.9715,15.2303,1.6848,3.1,0.6389,0.0,0.384,0.3122,0.5738,0.1139,0.0,0.5906,0.308,237.0,7.5794,-6.6456,2.4756,-0.0817,-0.0312,0.0908,0.0152,-0.0069,0.1272,-0.0937,-0.1193,0.0098,-0.023,0.0908,0.0152,-0.3233,0.0665,-0.0534,0.0425,1.1746,0.6851,-1.2006,-1.2744,0.7094,0.5865,136.7167,136.7167
10860,3129,Dong Yong-Cyuan,SmallForward,False,135.85,261.38,267.0,262.0,5.0,102.6607,99.7411,1.9129,1.6058,135.85,18.2849,16.4299,14.0449,1.325,3.445,0.467,0.1613,0.4355,0.3387,0.2258,0.2742,0.1613,0.6,0.3341,62.0,544.45,1061.1,1089.0,1033.0,56.0,102.1461,97.8146,5.2775,5.0401,544.45,20.4978,16.6627,13.1582,2.1159,2.3804,0.5455,0.1587,0.2897,0.2659,0.4087,0.1667,0.1587,0.5581,0.3003,252.0,135.85,5.565,5.3,3.18,1.06,0.795,0.5029,0.6,0.1,0.05,0.15,0.2,0.6,1.0,0.0918,20.0,277.9333,4.922,5.8287,5.0516,1.2953,0.7772,0.3812,0.7333,0.2444,0.1111,0.1111,0.0444,0.7333,0.9167,0.1073,45.0,-3.3646,-2.2129,0.6429,-0.0786,0.1217,0.0026,-0.1333,0.0728,-0.0611,-0.1829,0.0389,0.1075,0.1556,0.0026,-0.1333,0.0419,0.0833,0.0338,-0.0155,-0.7909,-0.2353,0.8867,-1.8716,1.0646,0.0178,135.85,135.85
10860,10884,Hsu Hong-Wei,PointGuard,False,88.65,170.18,182.0,171.0,11.0,108.9559,98.6614,6.4637,4.9959,88.65,21.9289,15.8376,14.6193,2.0305,2.0305,0.5921,0.1795,0.3846,0.2564,0.359,0.2051,0.1795,0.4545,0.3029,39.0,591.65,1152.3,1174.0,1124.0,50.0,101.2802,98.1282,4.3391,4.1587,591.65,19.7752,16.7329,13.1429,1.9471,2.6773,0.5202,0.1564,0.3091,0.2836,0.3745,0.1855,0.1564,0.5833,0.3075,275.0,88.65,8.934,6.0914,0.8122,2.0305,2.8426,0.6927,0.5333,0.1333,0.2,0.2,0.0667,0.5333,0.75,0.137,15.0,72.4333,7.9521,10.4372,2.9821,2.485,5.9641,0.3656,0.4286,0.0952,0.0476,0.2381,0.2857,0.4286,0.6667,0.2408,21.0,2.1246,2.1537,0.9819,0.0719,0.3271,0.0231,0.1048,-0.0272,0.1524,-0.0156,-0.0381,0.0197,-0.219,0.0231,0.1048,-0.1288,0.0833,-0.0045,-0.1038,0.0834,-0.4546,1.4764,-2.1699,-0.6468,-3.1215,88.65,88.65
10860,55,Wang Jhe-Yu,ShootingGuard,False,37.7833,76.04,78.0,66.0,12.0,105.0081,84.8329,15.7812,9.5208,37.7833,21.9144,16.1976,16.1976,0.9528,2.8584,0.6432,0.1765,0.1176,0.1176,0.5294,0.1765,0.1765,0.4545,0.2811,17.0,642.5167,1246.44,1278.0,1229.0,49.0,102.0832,99.0362,3.9312,3.7796,642.5167,19.9466,16.6408,13.167,2.0171,2.5774,0.5233,0.1582,0.33,0.2896,0.3636,0.1886,0.1582,0.5734,0.3084,297.0,37.7833,13.3392,11.4336,6.6696,0.9528,0.0,0.5833,0.25,0.0,0.0833,0.5,0.1667,0.25,0.5714,0.1616,12.0,79.5833,9.0471,9.4995,4.5236,0.9047,1.8094,0.457,0.8571,0.0952,0.0,0.0952,0.0476,0.8571,1.0,0.1763,21.0,11.85,1.9679,4.2921,0.1198,0.1263,0.0182,-0.6071,-0.1719,0.0833,0.1658,0.4048,-0.0121,0.119,0.0182,-0.6071,-0.1189,-0.4286,-0.0273,-0.0147,-1.0643,0.0481,3.0306,2.146,0.281,-1.8094,37.7833,37.7833
10860,56,Ting Kuang-Hao,SmallForward,False,9.25,18.32,20.0,26.0,-6.0,109.1703,141.9214,-32.7511,-8.7822,9.25,35.027,15.5676,11.6757,3.8919,0.0,0.8459,0.0,0.75,0.0,1.0,0.0,0.0,0.25,0.2904,4.0,671.05,1304.16,1336.0,1269.0,67.0,102.15,97.5824,5.1374,4.9477,671.05,19.8495,16.6307,13.3582,1.9313,2.6287,0.5246,0.1613,0.3129,0.2839,0.3645,0.1903,0.1613,0.5733,0.3071,310.0,9.25,0.0,0.0,0.0,0.0,0.0,,,,,,,,,0.0,0.0,20.95,8.5919,10.3103,3.4368,3.4368,1.7184,0.4167,0.5,0.0,0.3333,0.1667,0.0,0.5,1.0,0.1936,6.0,-37.8885,15.1775,-8.5919,0.3213,,-0.1613,,-0.2839,,0.6355,,-0.1903,,-0.1613,,-0.3233,,-0.0167,-0.1936,1.9606,-3.4368,-1.6825,-3.4368,-2.6287,-1.7184,9.25,9.25
10860,60,Huang Zhen,SmallForward,False,6.7167,12.1,15.0,9.0,6.0,126.2626,73.0519,49.5868,9.6618,6.7167,21.4392,16.0794,16.0794,0.0,0.0,0.6667,0.0,0.0,0.3333,0.3333,0.3333,0.0,0.5,0.2525,3.0,673.5833,1310.38,1341.0,1286.0,55.0,102.0299,98.4354,4.1973,4.043,673.5833,20.0421,16.6216,13.3079,1.9775,2.6188,0.5282,0.1608,0.3215,0.2797,0.373,0.1865,0.1608,0.5658,0.3074,311.0,6.7167,0.0,10.7196,0.0,0.0,0.0,0.0,1.0,0.0,0.0,0.0,0.0,1.0,,0.1684,2.0,17.55,12.3077,12.3077,14.359,2.0513,0.0,0.436,0.8333,0.3333,0.0,0.1667,0.0,0.8333,0.5,0.2263,6.0,45.3895,1.3971,-12.3077,0.1385,-0.436,-0.1608,0.1667,0.0536,0.0,-0.0397,-0.1667,0.1468,0.0,-0.1608,0.1667,-0.0658,,-0.0549,-0.058,-1.9775,-2.0513,2.7715,-14.359,-2.6188,0.0,6.7167,6.7167
10860,64,Liu Yuan-Kai,Center,False,4.95,9.88,9.0,8.0,1.0,90.0,81.9672,10.1215,1.67,4.95,14.5455,7.2727,7.2727,0.0,0.0,1.0,0.0,0.0,1.0,0.0,0.0,0.0,1.0,0.1,1.0,675.35,1312.6,1347.0,1287.0,60.0,102.3401,98.3193,4.5711,4.4033,675.35,20.0962,16.6847,13.3797,1.9723,2.612,0.528,0.1597,0.3195,0.278,0.3738,0.1885,0.1597,0.5621,0.3085,313.0,4.95,0.0,0.0,14.5455,7.2727,7.2727,,,,,,,,,0.1,0.0,33.7,9.6142,3.2047,9.6142,2.1365,3.2047,0.7979,0.0,2.0,0.3333,0.3333,0.3333,0.0,1.0,0.1364,3.0,5.5504,-5.5508,-9.6142,0.472,,-0.1597,,0.722,,-0.3738,,-0.1885,,-0.1597,,0.4379,,-0.2085,-0.0364,-1.9723,5.1362,-6.107,4.9312,-2.612,4.068,4.95,4.95
