source,target,team_id,assists,assists_fg,assists_ft,pts_created,shared_min,assists_per36_shared,coverage,weight
54,10861,5,37,30,7,64,420.8,3.17,leopards_all_games,37
68,54,5,37,36,1,106,931.35,1.43,leopards_all_games,37
54,16,5,33,31,2,70,668.88,1.78,leopards_all_games,33
68,16,5,31,30,1,69,481.28,2.32,leopards_all_games,31
68,10861,5,28,23,5,50,309.08,3.26,leopards_all_games,28
54,68,5,27,26,1,62,931.35,1.04,leopards_all_games,27
12,10861,5,26,25,1,51,321.93,2.91,leopards_all_games,26
12,16,5,26,23,3,55,404.95,2.31,leopards_all_games,26
68,57,5,26,26,0,70,755.73,1.24,leopards_all_games,26
68,10860,5,26,23,3,51,278.7,3.36,leopards_all_games,26
12,10860,5,23,20,3,43,373.25,2.22,leopards_all_games,23
54,58,5,22,20,2,55,553.35,1.43,leopards_all_games,22
58,10861,5,21,18,3,39,363.65,2.08,leopards_all_games,21
12,58,5,19,19,0,47,479.92,1.43,leopards_all_games,19
54,57,5,18,18,0,50,872.62,0.74,leopards_all_games,18
68,62,5,17,17,0,48,445.15,1.37,leopards_all_games,17
54,10860,5,16,16,0,37,407.47,1.41,leopards_all_games,16
16,54,5,14,14,0,42,668.88,0.75,leopards_all_games,14
16,10860,5,14,13,1,30,256.98,1.96,leopards_all_games,14
12,68,5,13,11,2,29,281.38,1.66,leopards_all_games,13
58,16,5,12,10,2,24,533.8,0.81,leopards_all_games,12
58,10860,5,12,10,2,22,479.67,0.9,leopards_all_games,12
14844,4181,2,11,9,2,22,46.27,8.56,vs_leopards_only,11
54,62,5,10,10,0,27,458.95,0.78,leopards_all_games,10
57,54,5,10,10,0,29,872.62,0.41,leopards_all_games,10
10861,68,5,9,8,1,18,309.08,1.05,leopards_all_games,9
68,58,5,9,9,0,23,465.88,0.7,leopards_all_games,9
10860,58,5,9,8,1,19,479.67,0.68,leopards_all_games,9
16,62,5,8,6,2,19,334.63,0.86,leopards_all_games,8
10860,10861,5,8,5,3,13,136.72,2.11,leopards_all_games,8
16,68,5,8,7,1,19,481.28,0.6,leopards_all_games,8
76,10887,4,8,8,0,21,138.13,2.08,vs_leopards_only,8
10861,58,5,8,7,1,18,363.65,0.79,leopards_all_games,8
40,10880,6,8,8,0,16,131.18,2.2,vs_leopards_only,8
76,10888,4,7,7,0,14,69.53,3.62,vs_leopards_only,7
29,13029,7,7,7,0,19,103.58,2.43,vs_leopards_only,7
58,54,5,7,7,0,21,553.35,0.46,leopards_all_games,7
75,10887,4,7,5,2,15,148.7,1.69,vs_leopards_only,7
12908,118,2,7,7,0,18,40.22,6.27,vs_leopards_only,7
89,79,3,6,5,1,12,103.9,2.08,vs_leopards_only,6
68,12,5,6,6,0,16,281.38,0.77,leopards_all_games,6
62,68,5,6,5,1,15,445.15,0.49,leopards_all_games,6
29,34,7,6,5,1,11,103.93,2.08,vs_leopards_only,6
10861,54,5,6,6,0,17,420.8,0.51,leopards_all_games,6
58,68,5,6,5,1,11,465.88,0.46,leopards_all_games,6
29,10872,7,5,5,0,15,70.07,2.57,vs_leopards_only,5
29,10875,7,5,5,0,10,50.42,3.57,vs_leopards_only,5
40,8889,6,5,4,1,10,79.9,2.25,vs_leopards_only,5
54,3129,5,5,5,0,14,292.32,0.62,leopards_all_games,5
29,14038,7,5,4,1,10,56.3,3.2,vs_leopards_only,5
29,24,7,5,5,0,12,79.27,2.27,vs_leopards_only,5
16,57,5,5,5,0,15,561.47,0.32,leopards_all_games,5
76,10862,4,5,4,1,9,80.82,2.23,vs_leopards_only,5
89,13906,3,5,5,0,11,107.67,1.67,vs_leopards_only,5
57,68,5,5,5,0,12,755.73,0.24,leopards_all_games,5
12,62,5,5,5,0,14,167.87,1.07,leopards_all_games,5
10872,13029,7,4,4,0,10,64.97,2.22,vs_leopards_only,4
13029,14038,7,4,4,0,11,26.47,5.44,vs_leopards_only,4
13399,51,2,4,3,1,7,22.75,6.33,vs_leopards_only,4
10872,34,7,4,4,0,8,52.97,2.72,vs_leopards_only,4
13906,107,3,4,2,2,6,52.35,2.75,vs_leopards_only,4
21,24,7,4,4,0,9,48.97,2.94,vs_leopards_only,4
12,3129,5,4,4,0,10,147.9,0.97,leopards_all_games,4
12,10884,5,4,4,0,10,107.43,1.34,leopards_all_games,4
10890,107,3,4,4,0,9,48.33,2.98,vs_leopards_only,4
10887,76,4,4,4,0,10,138.13,1.04,vs_leopards_only,4
14,10870,8,4,4,0,10,63.1,2.28,vs_leopards_only,4
10885,10887,4,4,4,0,9,127.72,1.13,vs_leopards_only,4
29,14303,7,4,4,0,10,37.57,3.83,vs_leopards_only,4
14,10867,8,4,4,0,8,46.12,3.12,vs_leopards_only,4
10862,87,4,4,3,1,8,77.62,1.86,vs_leopards_only,4
10881,10880,6,4,3,1,8,95.0,1.52,vs_leopards_only,4
57,10861,5,4,4,0,8,349.9,0.41,leopards_all_games,4
75,88,4,4,4,0,11,72.07,2.0,vs_leopards_only,4
75,10862,4,4,3,1,9,107.02,1.35,vs_leopards_only,4
88,10862,4,4,4,0,9,108.5,1.33,vs_leopards_only,4
88,87,4,4,4,0,9,77.77,1.85,vs_leopards_only,4
8889,40,6,4,3,1,8,79.9,1.8,vs_leopards_only,4
1,14,8,4,3,1,8,99.18,1.45,vs_leopards_only,4
58,57,5,4,4,0,11,377.77,0.38,leopards_all_games,4
10860,54,5,4,4,0,12,407.47,0.35,leopards_all_games,4
57,16,5,4,3,1,8,561.47,0.26,leopards_all_games,4
76,75,4,4,4,0,12,119.0,1.21,vs_leopards_only,4
10860,68,5,4,4,0,8,278.7,0.52,leopards_all_games,4
1,13907,8,4,4,0,11,93.53,1.54,vs_leopards_only,4
1,10869,8,4,3,1,10,86.0,1.67,vs_leopards_only,4
34,13029,7,4,4,0,11,85.4,1.69,vs_leopards_only,4
10881,10877,6,4,3,1,8,101.77,1.41,vs_leopards_only,4
89,107,3,4,4,0,11,93.68,1.54,vs_leopards_only,4
118,45,2,3,3,0,7,68.62,1.57,vs_leopards_only,3
118,4181,2,3,3,0,8,54.13,2.0,vs_leopards_only,3
10887,87,4,3,3,0,7,81.4,1.33,vs_leopards_only,3
89,103,3,3,3,0,9,126.45,0.85,vs_leopards_only,3
110,4181,2,3,3,0,7,32.87,3.29,vs_leopards_only,3
79,107,3,3,3,0,7,76.95,1.4,vs_leopards_only,3
10887,75,4,3,3,0,7,148.7,0.73,vs_leopards_only,3
110,10894,2,3,3,0,6,54.27,1.99,vs_leopards_only,3
12,55,5,3,3,0,7,84.9,1.27,leopards_all_games,3
12,57,5,3,3,0,9,192.1,0.56,leopards_all_games,3
110,118,2,3,3,0,8,87.08,1.24,vs_leopards_only,3
86,13777,3,3,2,1,5,28.48,3.79,vs_leopards_only,3
86,107,3,3,3,0,7,76.25,1.42,vs_leopards_only,3
110,45,2,3,3,0,8,86.07,1.25,vs_leopards_only,3
3129,10861,5,3,2,1,5,191.82,0.56,leopards_all_games,3
122,10894,2,3,1,2,4,16.27,6.64,vs_leopards_only,3
122,118,2,3,2,1,7,18.62,5.8,vs_leopards_only,3
3129,68,5,3,3,0,8,262.27,0.41,leopards_all_games,3
40,10877,6,3,2,1,7,95.83,1.13,vs_leopards_only,3
43,40,6,3,3,0,8,84.22,1.28,vs_leopards_only,3
21,867,7,3,3,0,7,35.72,3.02,vs_leopards_only,3
21,32,7,3,3,0,7,24.85,4.35,vs_leopards_only,3
44,10881,6,3,3,0,6,49.42,2.19,vs_leopards_only,3
21,10872,7,3,3,0,9,51.65,2.09,vs_leopards_only,3
16,58,5,3,3,0,8,533.8,0.2,leopards_all_games,3
16,3129,5,3,3,0,8,222.33,0.49,leopards_all_games,3
58,12,5,3,3,0,7,479.92,0.23,leopards_all_games,3
14845,13907,8,3,2,1,6,45.27,2.39,vs_leopards_only,3
62,16,5,3,2,1,5,334.63,0.32,leopards_all_games,3
62,54,5,3,3,0,9,458.95,0.24,leopards_all_games,3
68,55,5,3,3,0,8,25.1,4.3,leopards_all_games,3
13029,24,7,3,3,0,7,95.9,1.13,vs_leopards_only,3
13029,21,7,3,3,0,7,59.15,1.83,vs_leopards_only,3
75,14843,4,3,0,3,1,38.02,2.84,vs_leopards_only,3
3129,12,5,3,3,0,8,147.9,0.73,leopards_all_games,3
12908,10894,2,3,3,0,7,24.73,4.37,vs_leopards_only,3
13029,10875,7,3,3,0,6,30.23,3.57,vs_leopards_only,3
1,10,8,3,2,1,6,106.45,1.01,vs_leopards_only,3
1,10867,8,3,3,0,7,35.73,3.02,vs_leopards_only,3
10860,3129,5,3,3,0,8,135.85,0.79,leopards_all_games,3
10880,40,6,3,3,0,7,131.18,0.82,vs_leopards_only,3
10,13907,8,3,2,1,7,69.82,1.55,vs_leopards_only,3
10860,16,5,3,3,0,6,256.98,0.42,leopards_all_games,3
10,13400,8,3,3,0,7,27.68,3.9,vs_leopards_only,3
10870,10,8,3,3,0,6,51.9,2.08,vs_leopards_only,3
10861,16,5,3,2,1,6,217.62,0.5,leopards_all_games,3
10879,10880,6,3,3,0,7,60.77,1.78,vs_leopards_only,3
10877,10881,6,3,3,0,6,101.77,1.06,vs_leopards_only,3
10875,28,7,3,3,0,8,43.52,2.48,vs_leopards_only,3
1,13400,8,3,3,0,7,36.3,2.98,vs_leopards_only,3
77,107,3,2,2,0,4,42.2,1.71,vs_leopards_only,2
13906,10890,3,2,1,1,3,35.33,2.04,vs_leopards_only,2
119,51,2,2,2,0,4,15.02,4.79,vs_leopards_only,2
76,88,4,2,2,0,5,33.82,2.13,vs_leopards_only,2
12,54,5,2,2,0,5,220.42,0.33,leopards_all_games,2
21,28,7,2,2,0,6,21.43,3.36,vs_leopards_only,2
10869,10,8,2,2,0,6,94.82,0.76,vs_leopards_only,2
76,14843,4,2,2,0,4,24.13,2.98,vs_leopards_only,2
10877,10880,6,2,2,0,6,109.62,0.66,vs_leopards_only,2
10861,62,5,2,2,0,6,238.83,0.3,leopards_all_games,2
14843,13778,4,2,1,1,2,9.32,7.73,vs_leopards_only,2
13906,77,3,2,2,0,5,50.0,1.44,vs_leopards_only,2
76,10885,4,2,2,0,5,107.2,0.67,vs_leopards_only,2
10877,40,6,2,2,0,6,95.83,0.75,vs_leopards_only,2
118,12908,2,2,2,0,4,40.22,1.79,vs_leopards_only,2
118,12668,2,2,2,0,5,34.18,2.11,vs_leopards_only,2
13906,89,3,2,2,0,6,107.67,0.67,vs_leopards_only,2
47,14707,6,2,2,0,6,26.47,2.72,vs_leopards_only,2
116,118,2,2,2,0,5,33.88,2.13,vs_leopards_only,2
79,103,3,2,2,0,6,106.67,0.67,vs_leopards_only,2
113,40,6,2,2,0,4,40.38,1.78,vs_leopards_only,2
10,10869,8,2,2,0,6,94.82,0.76,vs_leopards_only,2
10,14,8,2,2,0,6,115.02,0.63,vs_leopards_only,2
75,87,4,2,2,0,6,58.92,1.22,vs_leopards_only,2
21,10874,7,2,2,0,6,23.5,3.06,vs_leopards_only,2
10,5,8,2,2,0,6,67.27,1.07,vs_leopards_only,2
107,79,3,2,2,0,4,76.95,0.94,vs_leopards_only,2
13399,12908,2,2,2,0,5,22.68,3.17,vs_leopards_only,2
13399,109,2,2,2,0,6,34.53,2.09,vs_leopards_only,2
54,12,5,2,2,0,4,220.42,0.33,leopards_all_games,2
13029,34,7,2,2,0,4,85.4,0.84,vs_leopards_only,2
10869,5,8,2,2,0,6,56.38,1.28,vs_leopards_only,2
107,73,3,2,2,0,4,24.08,2.99,vs_leopards_only,2
107,13906,3,2,2,0,4,52.35,1.38,vs_leopards_only,2
68,3129,5,2,2,0,6,262.27,0.27,leopards_all_games,2
10872,10875,7,2,2,0,4,66.17,1.09,vs_leopards_only,2
107,106,3,2,2,0,4,14.4,5.0,vs_leopards_only,2
107,103,3,2,2,0,6,98.33,0.73,vs_leopards_only,2
10862,10887,4,2,1,1,3,111.03,0.65,vs_leopards_only,2
13029,10872,7,2,2,0,6,64.97,1.11,vs_leopards_only,2
16,10861,5,2,1,1,3,217.62,0.33,leopards_all_games,2
103,13906,3,2,2,0,6,84.65,0.85,vs_leopards_only,2
10869,13400,8,2,2,0,4,37.47,1.92,vs_leopards_only,2
12908,110,2,2,2,0,6,48.95,1.47,vs_leopards_only,2
103,13777,3,2,2,0,5,32.35,2.23,vs_leopards_only,2
103,10890,3,2,2,0,5,68.8,1.05,vs_leopards_only,2
75,10888,4,2,2,0,4,57.48,1.25,vs_leopards_only,2
13777,89,3,2,2,0,4,33.57,2.14,vs_leopards_only,2
103,107,3,2,1,1,2,98.33,0.73,vs_leopards_only,2
62,58,5,2,2,0,6,178.42,0.4,leopards_all_games,2
79,13777,3,2,2,0,4,31.48,2.29,vs_leopards_only,2
13907,1,8,2,2,0,6,93.53,0.77,vs_leopards_only,2
24,34,7,2,2,0,4,56.8,1.27,vs_leopards_only,2
24,13029,7,2,2,0,5,95.9,0.75,vs_leopards_only,2
57,10860,5,2,1,1,3,333.18,0.22,leopards_all_games,2
43,10880,6,2,2,0,4,73.23,0.98,vs_leopards_only,2
10888,10887,4,2,1,1,3,64.75,1.11,vs_leopards_only,2
10888,10862,4,2,1,1,3,33.33,2.16,vs_leopards_only,2
3129,16,5,2,1,1,3,222.33,0.32,leopards_all_games,2
88,75,4,2,1,1,4,72.07,1.0,vs_leopards_only,2
10887,82,4,2,2,0,4,22.52,3.2,vs_leopards_only,2
10880,10882,6,2,2,0,6,26.58,2.71,vs_leopards_only,2
1,5,8,2,2,0,5,96.12,0.75,vs_leopards_only,2
10887,10862,4,2,2,0,4,111.03,0.65,vs_leopards_only,2
8889,10880,6,2,2,0,4,45.45,1.58,vs_leopards_only,2
10885,87,4,2,2,0,5,26.08,2.76,vs_leopards_only,2
10862,88,4,2,2,0,6,108.5,0.66,vs_leopards_only,2
87,88,4,2,2,0,6,77.77,0.93,vs_leopards_only,2
40,47,6,2,2,0,5,59.9,1.2,vs_leopards_only,2
10884,58,5,2,2,0,5,99.6,0.72,leopards_all_games,2
10884,16,5,2,2,0,5,68.93,1.04,leopards_all_games,2
40,14707,6,2,2,0,5,26.27,2.74,vs_leopards_only,2
40,113,6,2,2,0,4,40.38,1.78,vs_leopards_only,2
39,10880,6,2,1,1,3,62.23,1.16,vs_leopards_only,2
57,62,5,2,2,0,5,348.33,0.21,leopards_all_games,2
39,113,6,2,2,0,4,21.65,3.33,vs_leopards_only,2
10881,40,6,2,1,1,3,103.88,0.69,vs_leopards_only,2
14843,87,4,2,1,1,2,31.87,2.26,vs_leopards_only,2
14707,40,6,2,2,0,4,26.27,2.74,vs_leopards_only,2
24,14038,7,2,2,0,4,19.13,3.76,vs_leopards_only,2
3129,10860,5,2,1,1,3,135.85,0.53,leopards_all_games,2
43,10881,6,2,2,0,4,36.12,1.99,vs_leopards_only,2
10870,10869,8,2,2,0,5,33.78,2.13,vs_leopards_only,2
10861,57,5,2,2,0,6,349.9,0.21,leopards_all_games,2
16,12,5,2,2,0,5,404.95,0.18,leopards_all_games,2
13907,10869,8,2,2,0,5,28.85,2.5,vs_leopards_only,2
28,10875,7,2,2,0,4,43.52,1.65,vs_leopards_only,2
62,10861,5,2,2,0,4,238.83,0.3,leopards_all_games,2
10861,12,5,2,2,0,6,321.93,0.22,leopards_all_games,2
10861,10860,5,2,2,0,4,136.72,0.53,leopards_all_games,2
29,10873,7,2,2,0,6,22.23,3.24,vs_leopards_only,2
1,10865,8,2,2,0,4,30.73,2.34,vs_leopards_only,2
86,10890,3,2,2,0,5,46.13,1.56,vs_leopards_only,2
10891,45,2,2,1,1,4,22.92,3.14,vs_leopards_only,2
10867,13907,8,2,2,0,5,22.28,3.23,vs_leopards_only,2
86,79,3,2,2,0,4,51.52,1.4,vs_leopards_only,2
10890,79,3,2,2,0,5,41.65,1.73,vs_leopards_only,2
44,10880,6,2,2,0,5,41.4,1.74,vs_leopards_only,2
14,14845,8,2,2,0,5,35.53,2.03,vs_leopards_only,2
10890,103,3,2,2,0,6,68.8,1.05,vs_leopards_only,2
43,8889,6,2,1,1,4,46.97,1.53,vs_leopards_only,2
10889,79,3,2,1,1,4,12.1,5.95,vs_leopards_only,2
10889,77,3,2,2,0,6,19.37,3.72,vs_leopards_only,2
13400,10,8,2,1,1,3,27.68,2.6,vs_leopards_only,2
55,16,5,1,1,0,3,60.27,0.6,leopards_all_games,1
55,10861,5,1,1,0,2,59.38,0.61,leopards_all_games,1
56,55,5,1,1,0,3,19.65,1.83,leopards_all_games,1
56,10884,5,1,1,0,3,22.92,1.57,leopards_all_games,1
10860,62,5,1,1,0,2,172.03,0.21,leopards_all_games,1
55,12,5,1,1,0,2,84.9,0.42,leopards_all_games,1
10862,10885,4,1,1,0,3,62.33,0.58,vs_leopards_only,1
10880,44,6,1,1,0,3,41.4,0.87,vs_leopards_only,1
54,10884,5,1,1,0,3,32.3,1.11,leopards_all_games,1
45,110,2,1,1,0,3,86.07,0.42,vs_leopards_only,1
40,10879,6,1,1,0,3,27.57,1.31,vs_leopards_only,1
10863,10867,8,1,1,0,2,11.88,3.03,vs_leopards_only,1
40,10881,6,1,1,0,2,103.88,0.35,vs_leopards_only,1
40,10882,6,1,0,1,1,38.88,0.93,vs_leopards_only,1
40,43,6,1,1,0,3,84.22,0.43,vs_leopards_only,1
4181,110,2,1,1,0,2,32.87,1.1,vs_leopards_only,1
4181,118,2,1,1,0,2,54.13,0.67,vs_leopards_only,1
4181,14844,2,1,1,0,3,46.27,0.78,vs_leopards_only,1
43,10879,6,1,1,0,2,10.68,3.37,vs_leopards_only,1
43,10882,6,1,1,0,3,27.43,1.31,vs_leopards_only,1
10862,76,4,1,1,0,2,80.82,0.45,vs_leopards_only,1
44,10877,6,1,1,0,2,43.0,0.84,vs_leopards_only,1
10862,14843,4,1,0,1,1,16.03,2.25,vs_leopards_only,1
44,48,6,1,1,0,2,2.27,15.86,vs_leopards_only,1
45,121,2,1,1,0,3,38.2,0.94,vs_leopards_only,1
10862,10888,4,1,1,0,2,33.33,1.08,vs_leopards_only,1
45,12908,2,1,1,0,2,56.13,0.64,vs_leopards_only,1
45,4181,2,1,1,0,2,25.07,1.44,vs_leopards_only,1
45,51,2,1,1,0,2,36.87,0.98,vs_leopards_only,1
47,104,6,1,0,1,1,12.77,2.82,vs_leopards_only,1
47,10879,6,1,1,0,3,18.13,1.99,vs_leopards_only,1
47,10881,6,1,1,0,2,36.33,0.99,vs_leopards_only,1
47,39,6,1,1,0,3,16.6,2.17,vs_leopards_only,1
47,40,6,1,1,0,3,59.9,0.6,vs_leopards_only,1
5,1,8,1,1,0,3,96.12,0.37,vs_leopards_only,1
5,10868,8,1,1,0,2,16.43,2.19,vs_leopards_only,1
5,10870,8,1,1,0,3,13.52,2.66,vs_leopards_only,1
51,116,2,1,1,0,3,28.08,1.28,vs_leopards_only,1
51,118,2,1,1,0,3,23.58,1.53,vs_leopards_only,1
51,119,2,1,1,0,2,15.02,2.4,vs_leopards_only,1
57,12,5,1,1,0,2,192.1,0.19,leopards_all_games,1
107,77,3,1,1,0,2,42.2,0.85,vs_leopards_only,1
10860,57,5,1,1,0,3,333.18,0.11,leopards_all_games,1
10,10868,8,1,0,1,0,22.77,1.58,vs_leopards_only,1
867,32,7,1,1,0,2,22.52,1.6,vs_leopards_only,1
867,21,7,1,1,0,2,35.72,1.01,vs_leopards_only,1
867,10875,7,1,1,0,2,17.18,2.1,vs_leopards_only,1
86,89,3,1,1,0,3,42.72,0.84,vs_leopards_only,1
86,77,3,1,1,0,3,43.23,0.83,vs_leopards_only,1
86,13906,3,1,0,1,1,58.63,0.61,vs_leopards_only,1
10,10865,8,1,1,0,2,45.08,0.8,vs_leopards_only,1
86,106,3,1,1,0,2,28.37,1.27,vs_leopards_only,1
87,10885,4,1,1,0,2,26.08,1.38,vs_leopards_only,1
83,97,3,1,1,0,3,3.88,9.28,vs_leopards_only,1
83,10889,3,1,1,0,3,4.05,8.89,vs_leopards_only,1
83,106,3,1,0,1,1,5.82,6.19,vs_leopards_only,1
82,10888,4,1,1,0,2,15.4,2.34,vs_leopards_only,1
80,90,4,1,1,0,3,9.75,3.69,vs_leopards_only,1
80,10888,4,1,1,0,2,7.08,5.08,vs_leopards_only,1
80,10887,4,1,0,1,1,17.78,2.02,vs_leopards_only,1
87,10862,4,1,1,0,2,77.62,0.46,vs_leopards_only,1
10,1,8,1,0,1,0,106.45,0.34,vs_leopards_only,1
57,3129,5,1,1,0,3,223.05,0.16,leopards_all_games,1
1,13,8,1,1,0,2,3.55,10.14,vs_leopards_only,1
99,107,3,1,1,0,3,19.95,1.8,vs_leopards_only,1
99,106,3,1,1,0,2,10.77,3.34,vs_leopards_only,1
90,76,4,1,0,1,1,19.85,1.81,vs_leopards_only,1
90,10885,4,1,1,0,2,12.77,2.82,vs_leopards_only,1
90,10862,4,1,1,0,3,27.85,1.29,vs_leopards_only,1
89,86,3,1,1,0,2,42.72,0.84,vs_leopards_only,1
89,77,3,1,1,0,3,64.55,0.56,vs_leopards_only,1
89,10889,3,1,0,1,1,41.97,0.86,vs_leopards_only,1
88,10885,4,1,1,0,2,25.57,1.41,vs_leopards_only,1
89,106,3,1,1,0,2,40.9,0.88,vs_leopards_only,1
1,14845,8,1,1,0,2,54.75,0.66,vs_leopards_only,1
1,3,8,1,1,0,2,25.13,1.43,vs_leopards_only,1
8889,39,6,1,1,0,2,13.97,2.58,vs_leopards_only,1
88,82,4,1,1,0,2,4.65,7.74,vs_leopards_only,1
88,10888,4,1,1,0,2,30.77,1.17,vs_leopards_only,1
88,10887,4,1,1,0,2,89.1,0.4,vs_leopards_only,1
80,10885,4,1,1,0,2,17.87,2.01,vs_leopards_only,1
79,89,3,1,1,0,2,103.9,0.35,vs_leopards_only,1
79,13906,3,1,1,0,2,93.5,0.39,vs_leopards_only,1
58,64,5,1,1,0,2,11.12,3.24,leopards_all_games,1
64,55,5,1,1,0,3,24.7,1.46,leopards_all_games,1
107,86,3,1,1,0,2,76.25,0.47,vs_leopards_only,1
108,10891,2,1,0,1,1,21.07,1.71,vs_leopards_only,1
108,110,2,1,1,0,3,14.75,2.44,vs_leopards_only,1
62,12,5,1,1,0,3,167.87,0.21,leopards_all_games,1
60,64,5,1,0,1,1,17.55,2.05,leopards_all_games,1
108,121,2,1,1,0,3,25.08,1.44,vs_leopards_only,1
108,12668,2,1,1,0,2,7.97,4.52,vs_leopards_only,1
79,10890,3,1,1,0,3,41.65,0.86,vs_leopards_only,1
108,13399,2,1,0,1,1,11.78,3.06,vs_leopards_only,1
108,51,2,1,1,0,2,22.83,1.58,vs_leopards_only,1
10860,10884,5,1,1,0,2,88.65,0.41,leopards_all_games,1
58,10884,5,1,1,0,2,99.6,0.36,leopards_all_games,1
10860,12,5,1,1,0,3,373.25,0.1,leopards_all_games,1
57,58,5,1,1,0,3,377.77,0.1,leopards_all_games,1
10860,55,5,1,1,0,2,37.78,0.95,leopards_all_games,1
64,56,5,1,1,0,2,18.45,1.95,leopards_all_games,1
64,58,5,1,1,0,2,11.12,3.24,leopards_all_games,1
40,104,6,1,1,0,3,10.72,3.36,vs_leopards_only,1
68,10884,5,1,1,0,3,35.18,1.02,leopards_all_games,1
77,89,3,1,1,0,3,64.55,0.56,vs_leopards_only,1
77,13906,3,1,1,0,3,50.0,0.72,vs_leopards_only,1
77,13777,3,1,1,0,3,30.28,1.19,vs_leopards_only,1
77,10890,3,1,1,0,3,26.78,1.34,vs_leopards_only,1
76,90,4,1,1,0,3,19.85,1.81,vs_leopards_only,1
76,87,4,1,1,0,3,35.33,1.02,vs_leopards_only,1
76,82,4,1,1,0,2,16.82,2.14,vs_leopards_only,1
76,13778,4,1,1,0,2,14.92,2.41,vs_leopards_only,1
10,4,8,1,1,0,3,28.4,1.27,vs_leopards_only,1
75,14982,4,1,1,0,3,11.78,3.06,vs_leopards_only,1
75,13778,4,1,1,0,2,24.08,1.5,vs_leopards_only,1
73,107,3,1,1,0,2,24.08,1.5,vs_leopards_only,1
68,64,5,1,1,0,2,6.58,5.47,leopards_all_games,1
103,79,3,1,1,0,2,106.67,0.34,vs_leopards_only,1
104,10880,6,1,1,0,2,15.2,2.37,vs_leopards_only,1
10863,3,8,1,0,1,1,11.4,3.16,vs_leopards_only,1
10867,5,8,1,1,0,3,25.68,1.4,vs_leopards_only,1
4,10870,8,1,1,0,3,32.05,1.12,vs_leopards_only,1
118,116,2,1,0,1,1,33.88,1.06,vs_leopards_only,1
10875,10872,7,1,1,0,3,66.17,0.54,vs_leopards_only,1
10875,13029,7,1,1,0,2,30.23,1.19,vs_leopards_only,1
10875,21,7,1,1,0,2,53.37,0.67,vs_leopards_only,1
10875,29,7,1,1,0,3,50.42,0.71,vs_leopards_only,1
10875,867,7,1,1,0,3,17.18,2.1,vs_leopards_only,1
10877,10879,6,1,1,0,3,30.57,1.18,vs_leopards_only,1
119,12668,2,1,1,0,3,5.85,6.15,vs_leopards_only,1
10877,39,6,1,1,0,2,35.08,1.03,vs_leopards_only,1
116,4181,2,1,1,0,2,31.9,1.13,vs_leopards_only,1
121,10894,2,1,1,0,2,17.97,2.0,vs_leopards_only,1
116,109,2,1,1,0,3,17.32,2.08,vs_leopards_only,1
113,39,6,1,1,0,2,21.65,1.66,vs_leopards_only,1
113,10881,6,1,1,0,2,44.57,0.81,vs_leopards_only,1
113,10880,6,1,1,0,2,60.9,0.59,vs_leopards_only,1
10877,44,6,1,1,0,2,43.0,0.84,vs_leopards_only,1
10877,8889,6,1,1,0,2,49.98,0.72,vs_leopards_only,1
110,14037,2,1,1,0,2,13.05,2.76,vs_leopards_only,1
110,13399,2,1,1,0,2,13.37,2.69,vs_leopards_only,1
10874,13029,7,1,1,0,3,42.23,0.85,vs_leopards_only,1
121,118,2,1,1,0,3,53.13,0.68,vs_leopards_only,1
10872,10874,7,1,1,0,3,55.67,0.65,vs_leopards_only,1
12908,109,2,1,1,0,3,21.9,1.64,vs_leopards_only,1
13029,22,7,1,1,0,2,18.7,1.93,vs_leopards_only,1
10872,14038,7,1,1,0,3,35.65,1.01,vs_leopards_only,1
10872,21,7,1,1,0,2,51.65,0.7,vs_leopards_only,1
13029,10874,7,1,0,1,1,42.23,0.85,vs_leopards_only,1
12908,13399,2,1,1,0,2,22.68,1.59,vs_leopards_only,1
12908,13275,2,1,1,0,2,9.8,3.67,vs_leopards_only,1
10872,24,7,1,1,0,3,42.4,0.85,vs_leopards_only,1
12908,116,2,1,1,0,3,13.9,2.59,vs_leopards_only,1
10872,28,7,1,1,0,3,33.58,1.07,vs_leopards_only,1
10872,867,7,1,1,0,3,30.6,1.18,vs_leopards_only,1
12908,108,2,1,1,0,3,5.5,6.55,vs_leopards_only,1
12668,12908,2,1,1,0,3,15.48,2.33,vs_leopards_only,1
12668,122,2,1,1,0,3,32.32,1.11,vs_leopards_only,1
12668,119,2,1,0,1,0,5.85,6.15,vs_leopards_only,1
12668,118,2,1,1,0,2,34.18,1.05,vs_leopards_only,1
12668,108,2,1,1,0,2,7.97,4.52,vs_leopards_only,1
10872,29,7,1,1,0,3,70.07,0.51,vs_leopards_only,1
122,109,2,1,1,0,3,14.35,2.51,vs_leopards_only,1
110,12908,2,1,1,0,2,48.95,0.74,vs_leopards_only,1
110,12668,2,1,1,0,2,22.1,1.63,vs_leopards_only,1
110,121,2,1,1,0,3,67.88,0.53,vs_leopards_only,1
10884,56,5,1,1,0,3,22.92,1.57,leopards_all_games,1
10880,10881,6,1,0,1,1,95.0,0.38,vs_leopards_only,1
10887,10888,4,1,1,0,2,64.75,0.56,vs_leopards_only,1
10885,88,4,1,1,0,3,25.57,1.41,vs_leopards_only,1
10885,75,4,1,0,1,1,94.35,0.38,vs_leopards_only,1
10885,10888,4,1,1,0,2,65.35,0.55,vs_leopards_only,1
10880,14707,6,1,1,0,2,12.45,2.89,vs_leopards_only,1
10884,68,5,1,1,0,2,35.18,1.02,leopards_all_games,1
10884,60,5,1,1,0,3,21.47,1.68,leopards_all_games,1
10884,12,5,1,1,0,2,107.43,0.34,leopards_all_games,1
10879,10877,6,1,1,0,3,30.57,1.18,vs_leopards_only,1
10884,10861,5,1,1,0,2,71.43,0.5,leopards_all_games,1
10884,10860,5,1,1,0,2,88.65,0.41,leopards_all_games,1
10882,40,6,1,1,0,2,38.88,0.93,vs_leopards_only,1
10882,10881,6,1,1,0,2,19.87,1.81,vs_leopards_only,1
10881,47,6,1,1,0,2,36.33,0.99,vs_leopards_only,1
10881,10882,6,1,1,0,3,19.87,1.81,vs_leopards_only,1
10880,39,6,1,1,0,3,62.23,0.58,vs_leopards_only,1
10881,10879,6,1,1,0,3,40.47,0.89,vs_leopards_only,1
10880,10877,6,1,1,0,3,109.62,0.33,vs_leopards_only,1
10887,88,4,1,1,0,3,89.1,0.4,vs_leopards_only,1
10888,10885,4,1,1,0,3,65.35,0.55,vs_leopards_only,1
10888,75,4,1,1,0,2,57.48,0.63,vs_leopards_only,1
110,108,2,1,1,0,3,14.75,2.44,vs_leopards_only,1
109,12908,2,1,1,0,2,21.9,1.64,vs_leopards_only,1
109,121,2,1,1,0,2,27.0,1.33,vs_leopards_only,1
109,119,2,1,1,0,3,9.4,3.83,vs_leopards_only,1
109,116,2,1,1,0,2,17.32,2.08,vs_leopards_only,1
10894,118,2,1,1,0,3,49.0,0.73,vs_leopards_only,1
10891,12668,2,1,1,0,2,4.63,7.78,vs_leopards_only,1
10891,110,2,1,1,0,3,19.02,1.89,vs_leopards_only,1
10890,89,3,1,1,0,2,72.42,0.5,vs_leopards_only,1
10890,13906,3,1,1,0,2,35.33,1.02,vs_leopards_only,1
10879,10881,6,1,1,0,2,40.47,0.89,vs_leopards_only,1
10889,89,3,1,1,0,3,41.97,0.86,vs_leopards_only,1
10889,73,3,1,1,0,3,9.73,3.7,vs_leopards_only,1
10889,10890,3,1,1,0,3,15.73,2.29,vs_leopards_only,1
10889,107,3,1,0,1,1,27.12,1.33,vs_leopards_only,1
10888,90,4,1,1,0,2,22.6,1.59,vs_leopards_only,1
10888,76,4,1,1,0,3,69.53,0.52,vs_leopards_only,1
13029,23,7,1,1,0,2,5.75,6.26,vs_leopards_only,1
13029,29,7,1,1,0,3,103.58,0.35,vs_leopards_only,1
4,10867,8,1,1,0,3,12.12,2.97,vs_leopards_only,1
24,10872,7,1,1,0,3,42.4,0.85,vs_leopards_only,1
29,10874,7,1,1,0,3,56.03,0.64,vs_leopards_only,1
10880,47,6,1,0,1,0,34.78,1.04,vs_leopards_only,1
28,34,7,1,1,0,2,27.5,1.31,vs_leopards_only,1
28,14303,7,1,1,0,3,14.7,2.45,vs_leopards_only,1
28,13029,7,1,1,0,2,24.2,1.49,vs_leopards_only,1
25,10875,7,1,0,1,1,17.27,2.08,vs_leopards_only,1
24,21,7,1,1,0,3,48.97,0.74,vs_leopards_only,1
24,10875,7,1,1,0,2,31.73,1.13,vs_leopards_only,1
22,25,7,1,1,0,3,7.2,5.0,vs_leopards_only,1
10867,10870,8,1,1,0,3,17.07,2.11,vs_leopards_only,1
10868,1,8,1,1,0,2,17.07,2.11,vs_leopards_only,1
10868,4,8,1,1,0,2,10.57,3.41,vs_leopards_only,1
21,29,7,1,1,0,3,46.43,0.78,vs_leopards_only,1
21,10875,7,1,1,0,2,53.37,0.67,vs_leopards_only,1
10869,10865,8,1,1,0,2,59.33,0.61,vs_leopards_only,1
10869,10867,8,1,1,0,3,12.22,2.95,vs_leopards_only,1
10869,10868,8,1,1,0,2,12.82,2.81,vs_leopards_only,1
10869,13907,8,1,1,0,2,28.85,1.25,vs_leopards_only,1
10867,3,8,1,1,0,2,16.13,2.23,vs_leopards_only,1
10865,5,8,1,1,0,3,41.25,0.87,vs_leopards_only,1
13275,116,2,1,1,0,2,17.02,2.12,vs_leopards_only,1
10864,1,8,1,1,0,3,5.45,6.61,vs_leopards_only,1
4,10,8,1,1,0,2,28.4,1.27,vs_leopards_only,1
39,8889,6,1,0,1,1,13.97,2.58,vs_leopards_only,1
39,47,6,1,1,0,2,16.6,2.17,vs_leopards_only,1
39,10881,6,1,1,0,2,44.8,0.8,vs_leopards_only,1
39,104,6,1,1,0,3,17.68,2.04,vs_leopards_only,1
34,29,7,1,1,0,3,103.93,0.35,vs_leopards_only,1
34,24,7,1,1,0,3,56.8,0.63,vs_leopards_only,1
34,21,7,1,1,0,3,55.85,0.64,vs_leopards_only,1
34,10874,7,1,1,0,3,34.55,1.04,vs_leopards_only,1
29,21,7,1,1,0,3,46.43,0.78,vs_leopards_only,1
10864,10867,8,1,1,0,3,4.98,7.23,vs_leopards_only,1
3129,57,5,1,1,0,2,223.05,0.16,leopards_all_games,1
10865,1,8,1,1,0,3,30.73,1.17,vs_leopards_only,1
10865,10870,8,1,1,0,3,16.53,2.18,vs_leopards_only,1
10865,11,8,1,1,0,2,5.23,6.88,vs_leopards_only,1
29,28,7,1,1,0,3,46.78,0.77,vs_leopards_only,1
29,25,7,1,1,0,2,13.02,2.76,vs_leopards_only,1
10865,13400,8,1,1,0,2,23.38,1.54,vs_leopards_only,1
16,55,5,1,1,0,3,60.27,0.6,leopards_all_games,1
10870,1,8,1,1,0,3,6.92,5.2,vs_leopards_only,1
16,10884,5,1,1,0,3,68.93,0.52,leopards_all_games,1
13907,14,8,1,1,0,3,60.82,0.59,vs_leopards_only,1
14037,108,2,1,1,0,3,11.92,3.02,vs_leopards_only,1
14,5,8,1,1,0,2,44.85,0.8,vs_leopards_only,1
14,4,8,1,1,0,2,33.95,1.06,vs_leopards_only,1
14,3,8,1,1,0,2,20.62,1.75,vs_leopards_only,1
14,10869,8,1,1,0,3,87.07,0.41,vs_leopards_only,1
14,10864,8,1,0,1,1,4.98,7.23,vs_leopards_only,1
14,10,8,1,1,0,2,115.02,0.31,vs_leopards_only,1
13907,14845,8,1,1,0,2,45.27,0.8,vs_leopards_only,1
13907,10867,8,1,1,0,2,22.28,1.62,vs_leopards_only,1
14982,75,4,1,1,0,3,11.78,3.06,vs_leopards_only,1
13906,79,3,1,1,0,2,93.5,0.39,vs_leopards_only,1
10870,14,8,1,1,0,2,63.1,0.57,vs_leopards_only,1
13778,10887,4,1,1,0,3,17.08,2.11,vs_leopards_only,1
13777,79,3,1,1,0,3,31.48,1.14,vs_leopards_only,1
13777,106,3,1,1,0,2,16.0,2.25,vs_leopards_only,1
13777,103,3,1,1,0,3,32.35,1.11,vs_leopards_only,1
13400,5,8,1,1,0,3,33.68,1.07,vs_leopards_only,1
10870,5,8,1,1,0,3,13.52,2.66,vs_leopards_only,1
14038,10872,7,1,1,0,2,35.65,1.01,vs_leopards_only,1
14038,10874,7,1,1,0,2,41.62,0.86,vs_leopards_only,1
14038,34,7,1,1,0,2,17.57,2.05,vs_leopards_only,1
14303,10872,7,1,1,0,2,24.23,1.49,vs_leopards_only,1
14982,10888,4,1,1,0,2,2.72,13.24,vs_leopards_only,1
14982,10862,4,1,1,0,2,6.47,5.56,vs_leopards_only,1
14845,5,8,1,1,0,3,45.62,0.79,vs_leopards_only,1
14845,3,8,1,1,0,3,19.75,1.82,vs_leopards_only,1
14845,14,8,1,1,0,2,35.53,1.01,vs_leopards_only,1
10870,10865,8,1,1,0,3,16.53,2.18,vs_leopards_only,1
14845,10,8,1,1,0,2,33.45,1.08,vs_leopards_only,1
14844,45,2,1,1,0,3,15.52,2.32,vs_leopards_only,1
10870,10867,8,1,1,0,3,17.07,2.11,vs_leopards_only,1
14844,121,2,1,0,1,1,33.15,1.09,vs_leopards_only,1
14844,118,2,1,1,0,2,41.22,0.87,vs_leopards_only,1
14844,116,2,1,0,1,1,26.62,1.35,vs_leopards_only,1
14843,75,4,1,1,0,3,38.02,0.95,vs_leopards_only,1
14707,8889,6,1,1,0,3,20.48,1.76,vs_leopards_only,1
14707,47,6,1,1,0,2,26.47,1.36,vs_leopards_only,1
14303,29,7,1,1,0,2,37.57,0.96,vs_leopards_only,1
14303,10875,7,1,0,1,1,19.12,1.88,vs_leopards_only,1
99,10890,3,1,1,0,2,19.22,1.87,vs_leopards_only,1
