player_id,player_name_original,player_name_english,position,national_identity,height_cm,weight_kg,team_id,team_name_english,is_leopards,is_mcc,is_imported,age,games,minutes,min_per_game,PTS_per36,OREB_per36,DREB_per36,AST_per36,STL_per36,BLK_per36,TOV_per36,FGA_per36,3PA_per36,FTA_per36,REB_per36,FG_pct,3P_pct,FT_pct,TS_pct,3PA_rate,FT_rate,paint_FGA_share,AST_TOV,on_minutes,on_poss,on_net_per100,on_net_per100_shrunk,off_minutes,off_poss,off_net_per100,on_off_net_diff,on_court_min_league_stints
1,丁聖儒,Ting Sheng-Ju,PointGuard,Local,174,75,8,Taipei Taishin Mars,False,False,False,27.1,29,1053.9,36.3,12.74,0.79,2.46,7.58,1.33,0.0,2.8,9.39,5.19,4.47,3.25,0.378,0.368,0.832,0.561,0.553,0.476,0.309,2.71,,,,,,,,,1029.0
10,雷蒙恩,Samuel Manu,PointGuardAndShootingGuard,Local,197,91,8,Taipei Taishin Mars,False,False,False,25.0,29,945.2,32.6,12.0,1.9,3.96,2.86,1.29,0.3,2.02,10.78,3.88,3.28,5.859999999999999,0.41,0.265,0.651,0.491,0.36,0.304,0.537,1.42,,,,,,,,,923.0
101,周柏臣,Chou Po-Chen,Center,Local,198,98,3,Formosa Dreamers,False,False,False,35.1,18,110.6,6.1,2.6,1.63,3.25,0.65,0.33,0.0,1.63,3.58,1.63,1.95,4.88,0.273,0.0,0.333,0.293,0.455,0.545,0.545,0.4,,,,,,,,,99.6
103,忻沃克,Randall Walko,SmallForward,Local,196,93,3,Formosa Dreamers,False,False,False,27.0,35,1003.6,28.7,12.05,1.54,3.01,1.76,0.61,0.25,1.58,10.04,6.46,1.69,4.55,0.407,0.394,0.787,0.559,0.643,0.168,0.307,1.11,,,,,,,,,988.0
104,貝奇,Beau Beech,SmallForwardAndPowerForward,Imported,203,95,6,New Taipei CTBC DEA,False,False,True,31.6,18,466.4,25.9,18.6,1.7,7.1,1.93,1.93,0.46,1.54,14.05,9.8,4.01,8.799999999999999,0.401,0.386,0.885,0.588,0.698,0.286,0.236,1.25,,,,,,,,,458.3
106,高柏鎧,Brandon Gilbeck,Center,Imported,213,107,3,Formosa Dreamers,False,False,True,28.8,23,679.0,29.5,14.63,4.45,7.69,0.85,1.01,2.39,2.76,8.8,0.48,5.99,12.14,0.596,0.0,0.69,0.64,0.054,0.681,0.916,0.31,,,,,,,,,672.9
107,霍爾曼,Aric Holman,PowerForward,Imported,208,100,3,Formosa Dreamers,False,False,True,28.2,28,867.0,31.0,20.8,3.4,9.72,3.78,1.33,1.87,3.7,16.03,6.77,5.19,13.120000000000001,0.459,0.337,0.736,0.568,0.422,0.324,0.503,1.02,,,,,,,,,846.8
108,魏莨哲,Wei Liang-Che,PointGuard,Local,185,78,2,Kaohsiung Aquas,False,False,False,23.8,11,145.9,13.3,8.39,1.97,0.99,3.21,1.23,0.0,3.21,9.38,2.96,1.48,2.96,0.342,0.417,0.5,0.418,0.316,0.158,0.395,1.0,,,,,,,,,138.8
10860,麥卡洛,Chris McCullough,PowerForward,Imported,206,91,5,Taoyuan Taiwan Beer Leopards,True,True,True,30.7,24,682.4,28.4,20.1,3.43,10.02,1.95,2.0,1.64,2.58,16.62,2.64,5.38,13.45,0.489,0.24,0.598,0.529,0.159,0.324,0.651,0.76,680.3,1322.48,4.61,4.44,1045.77,2048.3,5.81,-1.2,657.8
10861,迪亞洛,Cheick Diallo,PowerForward,Imported,203,99,5,Taoyuan Taiwan Beer Leopards,True,False,True,29.0,24,671.0,28.0,24.47,4.83,10.14,1.82,0.86,1.13,3.22,16.31,0.05,6.87,14.97,0.609,0.0,0.672,0.633,0.003,0.421,0.888,0.57,670.92,1324.5,10.04,9.68,1055.15,2046.28,2.3,7.74,633.9
10862,提傑,TJ Holyfield,SmallForwardAndPowerForward,Imported,203,100,4,Hsinchu Toplus Lioneers,False,False,True,30.0,32,967.6,30.2,12.98,2.27,7.07,2.42,1.64,0.93,2.34,9.86,3.35,2.94,9.34,0.491,0.333,0.747,0.582,0.34,0.298,0.562,1.03,,,,,,,,,930.3
10863,魏芃禾,Wei Peng-Ho,PointGuard,Local,177,72,8,Taipei Taishin Mars,False,False,False,22.7,23,185.2,8.1,7.39,1.55,1.75,4.86,2.14,0.0,3.5,10.3,6.41,2.72,3.3,0.226,0.152,0.643,0.321,0.623,0.264,0.321,1.39,,,,,,,,,182.7
10864,劉彥廷,Liu Yan-Ting,PowerForward,Local,196,96,8,Taipei Taishin Mars,False,False,False,25.7,18,218.7,12.2,9.55,2.96,4.94,1.15,1.15,0.16,1.32,9.05,2.3,3.13,7.9,0.418,0.286,0.421,0.458,0.255,0.345,0.691,0.88,,,,,,,,,218.7
10865,謝銘駿,Xie Ming-Jun,PointGuardAndShootingGuard,Local,190,85,8,Taipei Taishin Mars,False,False,False,19.9,32,570.1,17.8,9.03,0.95,3.03,1.96,0.88,0.06,1.96,8.46,3.09,2.15,3.9799999999999995,0.396,0.306,0.647,0.48,0.366,0.254,0.396,1.0,,,,,,,,,548.3
10867,威力斯,Darral Willis,PowerForward,Imported,206,103,8,Taipei Taishin Mars,False,False,True,29.7,18,581.1,32.3,25.71,3.59,10.41,2.11,1.49,0.43,2.66,19.58,4.52,7.19,14.0,0.475,0.356,0.767,0.565,0.231,0.367,0.623,0.79,,,,,,,,,578.1
10868,齊曼加,Jordy Tshimanga,Center,Imported,211,122,8,Taipei Taishin Mars,False,False,True,28.9,8,226.6,28.3,14.14,6.99,9.21,1.11,2.22,1.59,4.45,8.58,0.16,7.31,16.200000000000003,0.574,0.0,0.587,0.599,0.019,0.852,0.981,0.25,,,,,,,,,212.3
10869,基德,Stanton Kidd,SmallForward,Imported,202,101,8,Taipei Taishin Mars,False,False,True,33.5,17,577.8,34.0,22.56,1.68,6.17,2.68,1.62,0.5,2.55,18.94,9.41,5.05,7.85,0.414,0.338,0.728,0.533,0.497,0.266,0.309,1.05,,,,,,,,,555.1
10870,洛夫頓,Zach Lofton,ShootingGuard,Imported,193,82,8,Taipei Taishin Mars,False,False,True,32.9,9,308.4,34.3,26.26,1.05,3.5,5.02,0.82,0.35,3.85,21.48,9.81,4.67,4.55,0.446,0.369,0.75,0.558,0.457,0.217,0.413,1.3,,,,,,,,,296.8
10871,鍾理翔,Chung Li-Hsiang,SmallForward,Local,194,92,7,New Taipei Kings,False,False,False,22.5,9,23.5,2.6,3.07,1.53,4.6,1.53,4.6,0.0,0.0,4.6,0.0,0.0,6.13,0.333,,,0.333,0.0,0.0,1.0,,,,,,,,,,19.6
10872,林彥廷,Lin Yan-Ting,PointGuardAndShootingGuard,Local,185,85,7,New Taipei Kings,False,False,False,24.9,35,946.7,27.0,11.86,1.25,3.08,4.45,1.56,0.11,1.67,10.8,5.78,1.98,4.33,0.398,0.329,0.692,0.508,0.535,0.183,0.401,2.66,,,,,,,,,910.0
10873,喬納森,Jonathan Smith Matthew,SmallForward,Local,187,87,7,New Taipei Kings,False,False,False,22.4,22,143.1,6.5,8.56,1.76,1.26,1.76,0.75,0.0,1.76,10.32,7.3,1.01,3.02,0.293,0.276,0.5,0.398,0.707,0.098,0.146,1.0,,,,,,,,,139.2
10874,熊祥泰,Hsiung Shiarng-Tai,SmallForward,Local,192,76,7,New Taipei Kings,False,False,False,22.5,34,608.2,17.9,11.19,1.18,2.25,0.59,1.66,0.36,0.77,8.35,6.98,1.54,3.4299999999999997,0.418,0.415,0.846,0.62,0.837,0.184,0.128,0.77,,,,,,,,,582.9
10875,傑登,Jayden Gardner,SmallForwardAndPowerForward,Imported,201,104,7,New Taipei Kings,False,False,True,25.4,18,552.9,30.7,19.8,4.56,7.16,2.02,1.04,0.52,2.41,15.82,2.28,6.12,11.719999999999999,0.514,0.171,0.511,0.535,0.144,0.387,0.7,0.84,,,,,,,,,535.1
10876,尚迪,Chaundee Brown Jr.,PointGuardAndShootingGuard,Imported,196,98,7,New Taipei Kings,False,False,True,26.8,7,191.9,27.4,14.63,3.19,6.0,1.69,1.13,0.38,3.0,15.01,6.0,3.19,9.19,0.388,0.156,0.647,0.446,0.4,0.212,0.412,0.56,,,,,,,,,186.4
10877,阿巴西,Mohammed Al Bachir Gadiaga,SmallForwardAndPowerForward,Local,189,92,6,New Taipei CTBC DEA,False,False,False,27.4,34,1271.9,37.4,17.27,1.02,3.4,3.4,1.42,0.37,2.09,15.06,7.05,2.24,4.42,0.44,0.317,0.797,0.538,0.468,0.148,0.445,1.62,,,,,,,,,1234.3
10878,曾信武,Tseng Hsin-Wu,SmallForwardAndPowerForward,Local,195,90,6,New Taipei CTBC DEA,False,False,False,22.5,5,19.3,3.9,11.18,0.0,3.73,0.0,0.0,1.86,1.86,16.77,14.91,1.86,3.73,0.222,0.25,0.0,0.318,0.889,0.111,0.111,0.0,,,,,,,,,19.3
10879,簡廷兆,Chien Ting-Chao,PointGuardAndShootingGuard,Local,180,80,6,New Taipei CTBC DEA,False,False,False,27.7,36,573.6,15.9,11.86,0.44,1.82,2.57,0.88,0.0,1.38,10.61,5.08,1.63,2.2600000000000002,0.391,0.42,0.885,0.524,0.479,0.154,0.296,1.86,,,,,,,,,557.4
10880,內馬,Nemanja Radovic,SmallForwardAndPowerForward,Imported,208,113,6,New Taipei CTBC DEA,False,False,True,33.9,28,875.2,31.3,22.79,3.66,7.2,1.97,1.36,0.95,1.93,17.81,4.77,3.87,10.86,0.506,0.319,0.84,0.584,0.268,0.217,0.642,1.02,,,,,,,,,856.5
10881,飛克,Viktor Gaddefors,SmallForwardAndPowerForward,Imported,201,98,6,New Taipei CTBC DEA,False,False,True,33.0,30,957.8,31.9,15.71,3.12,7.67,3.53,1.24,0.15,2.29,10.64,1.13,5.19,10.79,0.601,0.067,0.551,0.608,0.106,0.488,0.859,1.54,,,,,,,,,915.5
10882,霸夫,Pavlin Ivanov,PointGuardAndShootingGuard,Imported,196,90,6,New Taipei CTBC DEA,False,False,True,32.5,3,69.3,23.1,14.03,1.56,7.27,2.6,1.56,0.0,3.64,12.99,7.27,2.08,8.83,0.36,0.429,0.75,0.504,0.56,0.16,0.28,0.71,,,,,,,,,65.8
10883,林安龍,Lum Walter Joseph Uriah,PointGuardAndShootingGuard,Local,175,75,6,New Taipei CTBC DEA,False,False,False,25.6,7,13.1,1.9,13.72,0.0,5.49,2.74,2.74,0.0,8.23,19.21,13.72,5.49,5.49,0.143,0.2,1.0,0.317,0.714,0.286,0.143,0.33,,,,,,,,,12.2
10884,徐宏瑋,Hsu Hong-Wei,PointGuard,Local,173,77,5,Taoyuan Taiwan Beer Leopards,True,False,False,23.0,29,161.1,5.6,8.49,0.67,1.12,2.24,1.34,0.45,4.25,8.05,3.8,0.89,1.79,0.389,0.412,0.75,0.503,0.472,0.111,0.333,0.53,161.08,310.34,4.19,3.61,1564.98,3060.44,5.46,-1.27,145.6
10885,劉丞勳,Liu Cheng-Hsun,PointGuardAndShootingGuard,Local,190,92,4,Hsinchu Toplus Lioneers,False,False,False,22.5,36,915.6,25.4,11.44,1.53,3.34,2.28,1.18,0.39,1.81,10.42,5.31,2.12,4.87,0.374,0.37,0.796,0.504,0.509,0.204,0.355,1.26,,,,,,,,,886.4
10886,梁瀚,Breuer Karl,SmallForwardAndPowerForward,Local,190,90,4,Hsinchu Toplus Lioneers,False,False,False,25.5,4,8.2,2.1,13.14,0.0,0.0,0.0,4.38,0.0,4.38,8.76,4.38,4.38,0.0,0.5,0.0,1.0,0.615,0.5,0.5,0.5,0.0,,,,,,,,,8.2
10887,德魯,Drew Pember,SmallForwardAndPowerForward,Imported,210,95,4,Hsinchu Toplus Lioneers,False,False,True,25.3,34,1203.9,35.4,19.11,1.88,9.81,2.99,1.38,1.14,2.21,11.78,5.83,7.03,11.690000000000001,0.497,0.323,0.783,0.642,0.495,0.596,0.47,1.35,,,,,,,,,1174.8
10888,帕塞獅,Anzejs Pasecniks,Center,Imported,216,103,4,Hsinchu Toplus Lioneers,False,False,True,29.8,20,581.8,29.1,14.6,3.65,5.94,2.1,1.18,1.67,1.92,11.14,0.43,4.33,9.59,0.572,0.0,0.429,0.56,0.039,0.389,0.928,1.1,,,,,,,,,564.7
10889,恩尼斯,James Ennis III,SmallForward,Imported,198,105,3,Formosa Dreamers,False,False,True,35.3,9,268.9,29.9,20.08,2.41,8.83,4.15,1.87,0.67,3.21,13.92,5.49,6.69,11.24,0.49,0.268,0.74,0.595,0.394,0.481,0.548,1.29,,,,,,,,,256.9
10890,湯普金斯,Trey Thompkins III,PowerForward,Imported,208,105,3,Formosa Dreamers,False,False,True,35.3,20,657.6,32.9,18.23,1.86,8.43,3.39,1.92,0.71,2.46,13.96,6.84,2.79,10.29,0.478,0.36,0.863,0.6,0.49,0.2,0.325,1.38,,,,,,,,,651.4
10891,廖偉皓,Liao Wei-Hao,SmallForward,Local,190,95,2,Kaohsiung Aquas,False,False,False,22.2,21,303.6,14.5,12.21,0.47,3.32,0.95,1.3,0.36,1.78,10.08,6.17,2.61,3.79,0.388,0.385,0.773,0.544,0.612,0.259,0.329,0.53,,,,,,,,,297.4
10892,詹姆斯,Justin James,SmallForward,Imported,201,82,2,Kaohsiung Aquas,False,False,True,28.7,4,135.1,33.8,24.52,1.87,8.26,5.06,2.13,0.53,6.13,21.05,5.33,7.46,10.129999999999999,0.443,0.1,0.714,0.504,0.253,0.354,0.633,0.83,,,,,,,,,135.1
10893,崔維斯,Reid Travis,Center,Imported,203,111,2,Kaohsiung Aquas,False,False,True,29.9,4,124.1,31.0,17.4,4.06,6.09,1.45,0.58,0.58,2.32,16.53,4.35,4.93,10.149999999999999,0.439,0.267,0.353,0.465,0.263,0.298,0.614,0.62,,,,,,,,,113.7
10894,凱帝,Cady Lalanne,Center,Imported,208,112,2,Kaohsiung Aquas,False,False,True,33.4,12,360.1,30.0,18.89,3.3,8.1,1.6,0.9,0.9,2.2,14.9,5.3,7.2,11.399999999999999,0.409,0.226,0.764,0.523,0.356,0.483,0.49,0.73,,,,,,,,,343.1
109,于煥亞,Yu Huan-Ya,ShootingGuard,Local,182,81,2,Kaohsiung Aquas,False,False,False,31.8,20,527.4,26.4,12.01,0.48,1.64,4.98,0.89,0.14,2.59,10.44,8.05,3.14,2.12,0.327,0.322,0.826,0.508,0.771,0.301,0.19,1.92,,,,,,,,,519.4
11,蘇奕晉,Su Yi-Chin,PowerForward,Local,195,95,8,Taipei Taishin Mars,False,False,False,31.8,17,179.0,10.5,7.44,0.4,3.22,3.22,1.81,0.6,2.41,5.43,3.02,2.21,3.62,0.444,0.4,0.636,0.581,0.556,0.407,0.37,1.33,,,,,,,,,179.0
110,胡瓏貿,Hu Long-Mao,PowerForward,Local,196,101,2,Kaohsiung Aquas,False,False,False,32.8,34,950.8,28.0,14.12,1.14,3.18,2.65,1.1,0.23,2.16,9.58,5.19,4.13,4.32,0.455,0.46,0.734,0.62,0.542,0.431,0.411,1.23,,,,,,,,,923.4
111,唐維傑,Tang Wei-Chieh,SmallForward,Local,192,89,2,Kaohsiung Aquas,False,False,False,26.0,10,151.6,15.2,10.21,4.51,4.51,2.38,1.66,0.0,2.85,12.83,0.95,3.8,9.02,0.315,0.25,0.5,0.352,0.074,0.296,0.704,0.83,,,,,,,,,151.0
113,林任鴻,Lin Jen-Hung,SmallForwardAndPowerForward,Local,194,85,6,New Taipei CTBC DEA,False,False,False,31.8,28,182.2,6.5,6.32,1.58,2.96,1.58,1.98,0.0,1.78,8.69,3.16,0.79,4.54,0.341,0.125,0.0,0.35,0.364,0.091,0.432,0.89,,,,,,,,,182.0
116,呂威霆,Lu Wei-Ting,PowerForward,Local,201,103,2,Kaohsiung Aquas,False,False,False,28.5,27,443.0,16.4,11.38,3.74,4.47,1.71,1.38,0.57,1.79,8.94,4.47,4.88,8.21,0.364,0.309,0.717,0.513,0.5,0.545,0.464,0.95,,,,,,,,,436.7
118,蘇文儒,Su Wen-Ju,ShootingGuard,Local,187,78,2,Kaohsiung Aquas,False,False,False,28.0,26,921.0,35.4,13.13,1.29,3.4,2.78,1.13,0.2,1.68,10.71,6.49,2.19,4.6899999999999995,0.416,0.38,0.804,0.563,0.606,0.204,0.27,1.65,,,,,,,,,894.9
119,余純安,Yu Chun-An,ShootingGuard,Local,189,83,2,Kaohsiung Aquas,False,False,False,33.6,19,216.6,11.4,10.64,1.5,2.66,1.99,1.83,0.17,2.33,9.64,5.82,1.99,4.16,0.414,0.286,0.5,0.506,0.603,0.207,0.293,0.86,,,,,,,,,216.3
12,曹薰襄,Tsao Xun-Xiang,PointGuard,Local,183,80,5,Taoyuan Taiwan Beer Leopards,True,False,False,26.5,36,706.0,19.6,9.23,1.27,2.86,6.83,1.12,0.0,2.75,9.18,2.75,2.04,4.13,0.4,0.352,0.45,0.458,0.3,0.222,0.494,2.48,704.28,1373.1,0.95,0.91,1021.78,1997.68,8.36,-7.41,668.8
121,吳曉謹,Wu Siao-Jin,SmallForward,Local,190,81,2,Kaohsiung Aquas,False,False,False,30.1,33,658.5,20.0,9.4,1.75,0.98,0.98,1.2,0.16,1.2,9.57,5.9,1.26,2.73,0.349,0.315,0.696,0.465,0.617,0.131,0.337,0.82,,,,,,,,,650.3
122,陳懷安,Chen Huai-An,PointGuard,Local,186,86,2,Kaohsiung Aquas,False,False,False,28.4,22,354.7,16.1,8.52,0.2,2.54,5.18,2.44,0.41,2.84,9.34,6.19,1.83,2.74,0.315,0.197,0.778,0.42,0.663,0.196,0.239,1.82,,,,,,,,,338.2
123,勤明慶,Chin Ming-Ching,Center,Local,195,106,2,Kaohsiung Aquas,False,False,False,30.9,18,165.8,9.2,3.26,1.3,5.21,0.65,0.65,0.43,2.39,3.47,0.22,2.82,6.51,0.25,0.0,0.538,0.345,0.062,0.812,0.875,0.27,,,,,,,,,160.9
12668,歐提斯,Chris Ortiz,PowerForward,Imported,203,102,2,Kaohsiung Aquas,False,False,True,32.5,12,315.0,26.2,16.69,1.26,5.6,1.94,1.6,0.34,3.09,16.0,7.09,2.97,6.859999999999999,0.386,0.306,0.731,0.482,0.443,0.186,0.429,0.63,,,,,,,,,301.0
12908,布里茲克,Bogdan Bliznyuk,SmallForward,Imported,198,98,2,Kaohsiung Aquas,False,False,True,30.5,11,424.3,38.6,21.21,2.12,6.62,6.02,1.7,0.42,2.29,16.88,3.99,3.99,8.74,0.487,0.383,0.809,0.569,0.236,0.236,0.688,2.63,,,,,,,,,414.7
13,陳冠全,Chen Kuan-Chuan,Center,Local,197,105,8,Taipei Taishin Mars,False,False,False,31.8,20,191.0,9.5,7.92,1.89,2.45,1.7,1.32,0.75,2.64,8.11,1.89,0.75,4.34,0.419,0.3,0.75,0.469,0.233,0.093,0.698,0.64,,,,,,,,,179.6
13029,杰倫,Jalen Harris,PointGuardAndShootingGuard,Imported,193,88,7,New Taipei Kings,False,False,True,27.1,14,479.0,34.2,27.28,0.53,5.64,5.19,1.2,0.45,2.41,20.59,8.64,4.36,6.17,0.5,0.365,0.81,0.606,0.42,0.212,0.387,2.16,,,,,,,,,462.2
13275,吳彥侖,Wu Yen-Lun,PointGuard,Local,182,72,2,Kaohsiung Aquas,False,False,False,28.3,16,257.3,16.1,7.7,0.98,2.94,2.52,1.12,0.0,2.8,8.12,5.32,1.4,3.92,0.345,0.184,0.8,0.441,0.655,0.172,0.207,0.9,,,,,,,,,253.4
13399,賽克維奇,Rade Zagorac,PowerForward,Imported,205,100,2,Kaohsiung Aquas,False,False,True,30.1,7,166.6,23.8,22.26,4.11,6.7,3.24,1.95,0.65,4.76,19.02,5.84,4.97,10.81,0.432,0.333,0.783,0.525,0.307,0.261,0.602,0.68,,,,,,,,,164.7
13400,史東,Diamond Stone,Center,Imported,208,132,8,Taipei Taishin Mars,False,False,True,28.6,8,200.3,25.0,21.74,3.41,6.11,0.9,1.08,0.9,1.98,17.25,5.93,5.75,9.52,0.438,0.424,0.719,0.55,0.344,0.333,0.51,0.45,,,,,,,,,195.6
13777,布依德,Julian Boyd,PowerForward,Imported,201,104,3,Formosa Dreamers,False,False,True,35.7,9,246.9,27.4,20.27,3.21,6.71,2.48,2.04,0.58,2.19,15.31,4.23,3.79,9.92,0.533,0.483,0.5,0.597,0.276,0.248,0.648,1.13,,,,,,,,,246.9
13778,辛巴,Sim Bhullar,Center,Imported,226,140,4,Hsinchu Toplus Lioneers,False,False,True,32.8,1,28.4,28.4,18.99,5.06,6.33,1.27,0.0,0.0,1.27,7.6,0.0,8.86,11.39,1.0,,0.429,0.826,0.0,1.167,1.0,1.0,,,,,,,,,28.4
13906,班提爾,Benjamin Bentil,PowerForward,Imported,204,107,3,Formosa Dreamers,False,False,True,30.5,18,611.3,34.0,20.02,2.36,9.07,3.47,1.35,0.35,3.83,15.19,6.3,6.83,11.43,0.426,0.346,0.716,0.55,0.415,0.45,0.426,0.91,,,,,,,,,606.0
13907,梅克,Makur Maker,Center,Imported,208,107,8,Taipei Taishin Mars,False,False,True,24.9,11,430.9,39.2,24.06,2.92,9.02,3.09,0.92,0.58,3.43,17.46,7.77,8.52,11.94,0.421,0.301,0.824,0.567,0.445,0.488,0.349,0.9,,,,,,,,,421.2
14,錢肯尼,Kenneth Chien,ShootingGuard,Local,186,88,8,Taipei Taishin Mars,False,False,False,30.7,34,982.1,28.9,11.4,0.84,2.75,2.38,1.03,0.29,2.27,9.53,3.3,2.02,3.59,0.485,0.322,0.545,0.547,0.346,0.212,0.592,1.05,,,,,,,,,958.7
14037,奧迪傑,Efe Odigie,Center,Imported,206,110,2,Kaohsiung Aquas,False,False,True,25.8,5,118.6,23.7,25.79,3.64,7.89,0.91,1.52,0.3,3.94,22.15,5.16,4.55,11.53,0.479,0.176,0.8,0.534,0.233,0.205,0.644,0.23,,,,,,,,,118.7
14038,飛米,Olufemi Olujobi,SmallForwardAndPowerForward,Imported,206,112,7,New Taipei Kings,False,False,True,29.6,15,462.5,30.8,21.72,2.1,7.24,2.34,0.7,0.08,2.88,15.02,5.53,5.68,9.34,0.503,0.423,0.753,0.62,0.368,0.378,0.399,0.81,,,,,,,,,459.6
14303,喬丹,Jordan Tolbert,SmallForwardAndPowerForward,Imported,201,104,7,New Taipei Kings,False,False,True,32.9,5,171.4,34.3,15.13,5.04,7.56,3.15,0.63,0.84,1.68,11.13,1.26,3.78,12.6,0.528,0.667,0.667,0.591,0.113,0.34,0.755,1.88,,,,,,,,,171.4
14437,弗利沙,Michael Frazier II,PointGuardAndShootingGuard,Imported,191,91,8,Taipei Taishin Mars,False,False,True,31.6,4,90.5,22.6,11.14,1.19,1.99,4.77,1.99,0.4,1.99,13.92,3.98,2.78,3.1799999999999997,0.314,0.2,0.571,0.368,0.286,0.2,0.4,2.4,,,,,,,,,90.5
14707,金恩,Nick King,SmallForwardAndPowerForward,Imported,203,105,6,New Taipei CTBC DEA,False,False,True,30.2,2,56.6,28.3,20.34,1.27,6.99,3.18,0.64,0.64,2.54,18.43,6.99,5.72,8.26,0.379,0.273,0.778,0.485,0.379,0.31,0.379,1.25,,,,,,,,,56.6
14843,馬力,Marin Marić,Center,Imported,211,113,4,Hsinchu Toplus Lioneers,False,False,True,31.6,14,414.3,29.6,19.9,3.65,10.69,2.78,1.91,0.7,2.95,15.29,3.82,6.0,14.34,0.477,0.295,0.696,0.555,0.25,0.392,0.597,0.94,,,,,,,,,401.7
14844,杭特,Hunter Maldonado,PointGuardAndShootingGuard,Imported,198,95,2,Kaohsiung Aquas,False,False,True,26.5,9,311.1,34.6,23.95,1.62,5.32,7.06,1.27,0.12,3.01,18.75,5.55,8.79,6.94,0.463,0.229,0.605,0.53,0.296,0.469,0.562,2.35,,,,,,,,,317.8
14845,恩多,Youssoupha Ndoye,Center,Imported,213,113,8,Taipei Taishin Mars,False,False,True,34.2,13,416.4,32.0,16.43,2.77,10.81,1.73,0.78,0.61,2.08,11.24,1.64,7.26,13.58,0.523,0.211,0.595,0.569,0.146,0.646,0.654,0.83,,,,,,,,,410.4
14982,徐小龍,Mel Tse-Jade,PointGuardAndShootingGuard,Local,185,86,4,Hsinchu Toplus Lioneers,False,False,False,25.5,14,164.6,11.8,13.56,0.66,3.28,4.81,2.19,0.0,3.28,12.68,2.62,4.37,3.94,0.362,0.5,0.7,0.464,0.207,0.345,0.414,1.47,,,,,,,,,161.2
16,米勒,Malcolm Miller,SmallForward,Imported,201,95,5,Taoyuan Taiwan Beer Leopards,True,False,True,32.6,30,964.7,32.2,17.76,2.57,7.39,2.31,1.34,1.6,1.94,13.47,3.84,4.37,9.959999999999999,0.507,0.291,0.684,0.577,0.285,0.324,0.593,1.19,956.07,1836.74,3.59,3.5,770.0,1534.04,7.43,-3.84,937.4
19,蘇培凱,Su Pei-Kai,PointGuardAndShootingGuard,Local,187,83,7,New Taipei Kings,False,False,False,25.9,15,49.9,3.3,13.72,2.89,1.44,3.61,0.0,0.72,5.78,15.17,8.67,5.06,4.33,0.333,0.25,0.286,0.395,0.571,0.333,0.333,0.62,,,,,,,,,46.0
2,江均,Chiang Chun,SmallForward,Local,193,93,8,Taipei Taishin Mars,False,False,False,24.1,17,111.3,6.5,5.17,1.94,1.94,1.62,1.62,0.32,2.26,7.44,3.88,2.59,3.88,0.261,0.25,0.125,0.302,0.522,0.348,0.13,0.71,,,,,,,,,105.0
21,李愷諺,Lee Kai-Yan,PointGuardAndShootingGuard,Local,182,80,7,New Taipei Kings,False,False,False,32.4,25,771.9,30.9,12.78,1.26,3.03,4.38,1.73,0.42,2.89,11.99,4.15,4.29,4.29,0.37,0.236,0.685,0.461,0.346,0.358,0.42,1.52,,,,,,,,,762.3
22,簡祐哲,Chien You-Che,PointGuardAndShootingGuard,Local,180,80,7,New Taipei Kings,False,False,False,30.1,28,404.7,14.5,7.38,1.6,3.11,0.89,1.78,0.36,1.25,7.56,4.71,0.71,4.71,0.353,0.34,0.625,0.469,0.624,0.094,0.235,0.71,,,,,,,,,393.4
23,王柏智,Wang Po-Chih,Center,Local,197,130,7,New Taipei Kings,False,False,False,28.9,21,91.3,4.3,12.22,3.55,5.12,0.79,1.97,0.79,1.58,13.8,4.34,2.76,8.67,0.4,0.0,0.429,0.407,0.314,0.2,0.657,0.5,,,,,,,,,84.4
24,蘇士軒,Su Shih-Hsuan,PowerForward,Local,197,95,7,New Taipei Kings,False,False,False,29.5,29,507.2,17.5,9.3,1.92,5.25,2.2,1.06,0.78,1.63,9.01,5.11,1.06,7.17,0.378,0.333,0.733,0.49,0.567,0.118,0.331,1.35,,,,,,,,,494.8
25,林金榜,Lin Chin-Pang,SmallForward,Local,190,92,7,New Taipei Kings,False,False,False,40.3,21,164.3,7.8,6.79,0.66,2.85,2.41,1.31,0.22,0.66,8.11,4.82,1.75,3.5100000000000002,0.27,0.273,0.625,0.383,0.595,0.216,0.216,3.67,,,,,,,,,158.9
26,洪志善,Hung Chih-Shan,PointGuardAndShootingGuard,Local,176,75,7,New Taipei Kings,False,False,False,40.2,3,53.2,17.7,10.15,0.0,2.71,2.71,0.68,0.0,3.38,5.41,5.41,0.0,2.71,0.625,0.625,,0.938,1.0,0.0,0.0,0.8,,,,,,,,,53.2
28,呂政儒,Lu Cheng-Ju,SmallForward,Local,194,88,7,New Taipei Kings,False,False,False,39.5,31,372.5,12.0,10.63,0.29,2.51,1.55,0.68,0.19,1.64,8.89,7.64,0.77,2.8,0.391,0.392,0.875,0.576,0.859,0.087,0.13,0.94,,,,,,,,,367.1
29,林書緯,Lin Shu-Wei,PointGuardAndShootingGuard,Local,182,69,7,New Taipei Kings,False,False,False,33.3,32,1164.6,36.4,11.72,0.8,2.41,6.96,1.08,0.28,2.78,12.09,4.95,1.48,3.21,0.371,0.325,0.771,0.46,0.409,0.123,0.363,2.5,,,,,,,,,1120.6
3,陳文宏,Chen Wen-Hong,SmallForward,Local,188,98,8,Taipei Taishin Mars,False,False,False,34.2,30,355.0,11.8,7.61,0.81,2.03,1.12,0.81,0.1,1.01,6.29,5.17,1.42,2.84,0.387,0.314,0.786,0.55,0.823,0.226,0.129,1.1,,,,,,,,,341.3
3129,董永全,Dong Yong-Cyuan,SmallForward,Local,190,92,5,Taoyuan Taiwan Beer Leopards,True,False,False,26.0,29,413.8,14.3,5.13,0.87,3.65,1.22,1.13,0.44,0.78,5.66,3.92,1.13,4.52,0.292,0.289,0.615,0.417,0.692,0.2,0.215,1.56,413.78,790.56,8.1,7.61,1312.28,2580.22,4.5,3.6,404.0
32,奧帝,Austin Daye,PowerForward,Imported,207,91,7,New Taipei Kings,False,False,True,37.3,18,440.6,24.5,19.28,0.16,9.15,3.68,0.98,0.49,2.78,15.85,9.07,2.53,9.31,0.443,0.333,0.871,0.568,0.572,0.16,0.258,1.32,,,,,,,,,427.5
34,沃許本,Jason Washburn,Center,Imported,213,111,7,New Taipei Kings,False,False,True,35.3,26,870.7,33.5,19.93,4.38,7.11,1.7,1.12,1.2,1.82,13.81,0.79,5.17,11.49,0.575,0.105,0.768,0.62,0.057,0.374,0.725,0.93,,,,,,,,,834.1
35,李睿麒,Li Ruei-Ci,SmallForwardAndPowerForward,Local,193,87,6,New Taipei CTBC DEA,False,False,False,32.7,5,25.4,5.1,19.84,5.67,4.25,0.0,2.83,1.42,1.42,15.59,9.92,0.0,9.92,0.545,0.286,,0.636,0.636,0.0,0.364,0.0,,,,,,,,,22.0
38,余維豪,Yu Wei-Hao,PointGuardAndShootingGuard,Local,174,70,6,New Taipei CTBC DEA,False,False,False,23.9,8,55.4,6.9,9.76,1.95,1.95,1.3,1.95,0.0,8.46,9.76,4.55,3.25,3.9,0.267,0.286,1.0,0.436,0.467,0.333,0.333,0.15,,,,,,,,,55.4
39,魏嘉豪,Wei Chia-Hao,PointGuardAndShootingGuard,Local,182,78,6,New Taipei CTBC DEA,False,False,False,25.7,33,454.6,13.8,7.92,0.71,2.77,5.15,2.77,0.08,2.69,9.58,4.91,1.19,3.48,0.306,0.29,0.533,0.392,0.512,0.124,0.355,1.91,,,,,,,,,428.2
4,張兆辰,Chang Chao-Chen,PowerForward,Local,196,97,8,Taipei Taishin Mars,False,False,False,25.1,21,319.1,15.2,9.25,1.69,1.92,1.69,1.47,0.23,1.58,9.82,6.32,1.13,3.61,0.345,0.321,0.4,0.449,0.644,0.115,0.207,1.07,,,,,,,,,308.5
40,謝亞軒,Hsieh Ya-Hsuan,PointGuardAndShootingGuard,Local,187,81,6,New Taipei CTBC DEA,False,False,False,26.9,33,1062.5,32.2,11.38,0.71,3.02,5.05,1.76,0.3,2.24,11.66,6.74,1.12,3.73,0.378,0.307,0.455,0.469,0.578,0.096,0.323,2.26,,,,,,,,,1035.2
4181,艾德,Edgaras Zelionis,PowerForward,Imported,208,100,2,Kaohsiung Aquas,False,False,True,36.3,9,310.0,34.4,20.67,3.37,6.5,2.44,0.81,0.46,2.09,17.07,7.08,4.65,9.870000000000001,0.442,0.311,0.725,0.541,0.415,0.272,0.544,1.17,,,,,,,,,308.1
43,林韋翰,Lin Wei-Han,PointGuardAndShootingGuard,Local,180,71,6,New Taipei CTBC DEA,False,False,False,35.2,31,834.5,26.9,9.97,0.43,2.11,7.12,2.11,0.0,3.19,9.88,6.99,1.64,2.54,0.341,0.284,0.763,0.47,0.707,0.166,0.236,2.23,,,,,,,,,819.8
44,黃泓瀚,Huang Hung-Han,SmallForwardAndPowerForward,Local,192,92,6,New Taipei CTBC DEA,False,False,False,31.0,34,323.6,9.5,5.56,1.45,4.45,2.56,1.0,0.56,0.67,7.57,4.56,0.33,5.9,0.294,0.195,0.667,0.361,0.603,0.044,0.309,3.83,,,,,,,,,315.6
45,施晉堯,Shih Chin-Yao,ShootingGuard,Local,188,86,2,Kaohsiung Aquas,False,False,False,34.9,29,616.2,21.2,10.4,0.64,2.22,2.4,1.64,0.23,1.87,9.0,5.32,1.52,2.8600000000000003,0.422,0.363,0.577,0.538,0.591,0.169,0.292,1.28,,,,,,,,,604.1
47,曾文鼎,Tseng Wen Ting,Center,Local,204,98,6,New Taipei CTBC DEA,False,False,False,41.2,31,349.1,11.3,8.87,2.27,3.3,3.61,0.41,0.52,2.99,6.5,2.37,2.99,5.57,0.492,0.348,0.552,0.568,0.365,0.46,0.571,1.21,,,,,,,,,340.6
48,李沛澄,Li Pei-Cheng,PointGuardAndShootingGuard,Local,181,79,6,New Taipei CTBC DEA,False,False,False,24.9,18,121.4,6.7,7.71,0.0,0.59,2.07,0.59,0.0,0.59,9.78,8.6,0.59,0.59,0.273,0.241,0.5,0.384,0.879,0.061,0.121,3.5,,,,,,,,,121.5
5,黃聰翰,Huang Tsung-Han,SmallForward,Local,193,96,8,Taipei Taishin Mars,False,False,False,31.2,31,724.0,23.4,12.68,0.6,2.59,0.99,1.29,0.3,0.94,10.69,9.25,0.99,3.19,0.391,0.382,0.8,0.57,0.865,0.093,0.107,1.05,,,,,,,,,702.4
51,克力斯,Kristijan Krajina,Center,Imported,208,111,2,Kaohsiung Aquas,False,False,True,34.8,22,671.2,30.5,15.39,3.49,9.12,2.74,1.13,0.32,2.57,13.78,2.15,1.77,12.61,0.494,0.15,0.818,0.529,0.156,0.128,0.743,1.06,,,,,,,,,664.8
54,高錦瑋,Gao Jin-Wei,PointGuard,Local,172,66,5,Taoyuan Taiwan Beer Leopards,True,False,False,24.9,36,1218.8,33.9,15.48,0.83,3.31,5.23,1.18,0.21,1.71,12.67,7.71,2.04,4.14,0.42,0.395,0.884,0.57,0.608,0.161,0.303,3.05,1218.6,2377.04,7.49,7.33,507.47,993.74,0.2,7.29,1188.0
55,汪哲宇,Wang Jhe-Yu,ShootingGuard,Local,190,88,5,Taoyuan Taiwan Beer Leopards,True,False,False,23.0,21,117.4,5.6,10.43,0.61,4.91,0.92,1.84,0.0,1.23,10.12,6.44,0.61,5.5200000000000005,0.394,0.286,1.0,0.502,0.636,0.061,0.273,0.75,117.37,224.1,6.69,5.47,1608.7,3146.68,5.24,1.45,107.8
56,丁冠皓,Ting Kuang-Hao,SmallForward,Local,192,86,5,Taoyuan Taiwan Beer Leopards,True,False,False,24.9,12,30.3,2.5,5.95,1.19,1.19,2.38,0.0,0.0,1.19,7.14,3.57,0.0,2.38,0.333,0.333,,0.417,0.5,0.0,0.5,2.0,30.2,55.76,12.55,6.62,1695.87,3315.02,5.22,7.34,29.1
57,莊博元,Chuang Po-Yuan,PointGuardAndShootingGuard,Local,185,85,5,Taoyuan Taiwan Beer Leopards,True,False,False,24.8,36,1012.6,28.1,7.15,1.1,1.28,1.1,1.0,0.21,1.0,5.87,4.2,1.0,2.38,0.412,0.39,0.679,0.567,0.715,0.17,0.242,1.11,1012.57,1982.44,7.36,7.18,713.5,1388.34,2.45,4.92,988.6
58,林信寬,Lin Sin-Kuan,SmallForward,Local,192,97,5,Taoyuan Taiwan Beer Leopards,True,False,False,23.4,34,927.4,27.3,13.28,1.16,3.14,2.72,1.4,0.31,2.06,13.12,5.98,2.87,4.3,0.367,0.26,0.73,0.461,0.456,0.219,0.361,1.32,932.47,1859.54,3.12,3.04,793.6,1511.24,8.07,-4.95,907.5
5948,克雷格,Craig Sword,PointGuardAndShootingGuard,Imported,191,89,4,Hsinchu Toplus Lioneers,False,False,True,31.7,6,142.9,23.8,25.95,2.52,4.53,3.02,3.53,0.76,3.78,21.67,9.07,4.03,7.050000000000001,0.465,0.278,0.812,0.554,0.419,0.186,0.535,0.8,,,,,,,,,138.9
60,黃鎮,Huang Zhen,SmallForward,Local,193,86,5,Taoyuan Taiwan Beer Leopards,True,False,False,35.3,11,24.3,2.2,8.9,4.45,5.93,1.48,0.0,0.0,0.0,11.87,10.38,2.97,10.379999999999999,0.25,0.143,0.5,0.338,0.875,0.25,0.125,,24.27,43.22,18.51,8.58,1701.8,3327.56,5.17,13.34,18.2
62,王皓吉,Wang Hao-Chi,SmallForwardAndPowerForward,Local,195,95,5,Taoyuan Taiwan Beer Leopards,True,False,False,36.0,34,601.0,17.7,7.97,0.42,3.41,1.02,0.66,0.24,0.72,8.27,6.65,0.78,3.83,0.326,0.315,0.615,0.463,0.804,0.094,0.13,1.42,599.02,1160.7,2.76,2.64,1127.05,2210.08,6.7,-3.94,576.3
64,劉元凱,Liu Yuan-Kai,Center,Local,206,105,5,Taoyuan Taiwan Beer Leopards,True,False,False,34.2,16,38.6,2.4,8.38,1.86,9.31,2.79,1.86,0.0,3.73,2.79,0.0,5.59,11.17,0.667,,0.833,0.798,0.0,2.0,0.667,0.75,38.65,73.34,-2.73,-1.62,1687.42,3297.44,5.52,-8.25,32.1
68,克羅馬,Lasannah Kromah,SmallForward,Imported,198,91,5,Taoyuan Taiwan Beer Leopards,True,False,True,34.3,30,1070.7,35.7,24.38,1.14,5.92,6.56,2.82,0.77,3.77,18.86,4.14,7.5,7.06,0.456,0.301,0.789,0.55,0.219,0.398,0.471,1.74,1070.77,2120.04,5.09,4.98,655.3,1250.74,5.76,-0.66,1040.7
7,孫思堯,Sun Szu-Yao,Center,Local,203,105,8,Taipei Taishin Mars,False,False,False,28.0,6,15.6,2.6,0.0,0.0,4.63,0.0,2.31,0.0,9.25,2.31,2.31,0.0,4.63,0.0,0.0,,0.0,1.0,0.0,0.0,0.0,,,,,,,,,15.6
71,李漢昇,Li Han-Sheng,PointGuardAndShootingGuard,Local,177,76,4,Hsinchu Toplus Lioneers,False,False,False,30.9,6,72.3,12.0,7.97,0.0,2.99,5.98,0.5,0.0,2.99,9.96,6.47,1.0,2.99,0.3,0.231,0.5,0.383,0.65,0.1,0.25,2.0,,,,,,,,,70.2
73,陳振傑,Chen Jen-Jie,ShootingGuard,Local,183,80,3,Formosa Dreamers,False,False,False,28.0,8,90.8,11.4,13.48,2.77,5.55,3.17,0.79,0.0,1.59,15.06,9.51,0.79,8.32,0.368,0.25,0.0,0.437,0.632,0.053,0.263,2.0,,,,,,,,,86.4
75,高國豪,Kao Kuo-Hao,PointGuardAndShootingGuard,Local,180,76,4,Hsinchu Toplus Lioneers,False,False,False,27.0,32,1041.3,32.5,16.21,1.42,2.14,3.8,1.73,0.0,1.52,13.97,4.74,2.39,3.56,0.448,0.387,0.783,0.54,0.339,0.171,0.421,2.5,,,,,,,,,1000.9
76,曾柏喻,Tseng Po-Yu,PointGuardAndShootingGuard,Local,184,88,4,Hsinchu Toplus Lioneers,False,False,False,28.8,34,1060.7,31.2,11.47,0.78,2.72,6.92,1.09,0.07,2.85,10.22,2.82,3.63,3.5,0.405,0.253,0.682,0.486,0.276,0.355,0.465,2.43,,,,,,,,,1034.2
77,馬建豪,Ma Chien-Hao,SmallForward,Local,201,90,3,Formosa Dreamers,False,False,False,24.4,23,583.7,25.4,16.22,0.74,4.44,2.65,1.23,0.56,2.9,12.27,7.15,5.61,5.180000000000001,0.387,0.336,0.769,0.55,0.583,0.457,0.312,0.91,,,,,,,,,564.0
78,朱雲豪,Chu Yun-Hao,SmallForwardAndPowerForward,Local,195,94,4,Hsinchu Toplus Lioneers,False,False,False,27.9,15,143.2,9.5,13.33,0.5,3.52,1.76,0.5,0.5,1.51,13.33,7.8,2.26,4.02,0.34,0.323,0.778,0.465,0.585,0.17,0.302,1.17,,,,,,,,,135.3
79,張宗憲,Chang Tsung-Hsien,ShootingGuard,Local,192,88,3,Formosa Dreamers,False,False,False,36.8,31,860.0,27.7,14.32,1.21,2.22,2.55,1.42,0.04,1.59,13.06,3.52,2.68,3.43,0.429,0.333,0.719,0.503,0.269,0.205,0.471,1.61,,,,,,,,,853.1
80,田浩,Tien Hao,PointGuardAndShootingGuard,Local,174,70,4,Hsinchu Toplus Lioneers,False,False,False,27.0,19,98.6,5.2,15.33,0.73,1.09,5.84,2.19,0.0,4.01,14.96,7.66,4.74,1.82,0.317,0.286,0.769,0.449,0.512,0.317,0.439,1.45,,,,,,,,,98.6
82,蕭順議,Hsiao Shun-Yi,SmallForwardAndPowerForward,Local,193,86,4,Hsinchu Toplus Lioneers,False,False,False,32.9,15,202.1,13.5,9.97,1.42,2.49,1.96,1.25,0.0,1.42,8.55,2.85,3.21,3.91,0.438,0.188,0.611,0.501,0.333,0.375,0.562,1.38,,,,,,,,,200.0
83,吳家駿,Wu Chia-Chun,PointGuard,Local,174,70,3,Formosa Dreamers,False,False,False,31.6,19,143.0,7.5,4.03,0.76,2.01,5.29,1.76,0.0,1.26,9.57,3.27,1.26,2.7699999999999996,0.158,0.077,0.6,0.199,0.342,0.132,0.553,4.2,,,,,,,,,138.6
84,李家瑞,Lee Chia-Jul,SmallForwardAndPowerForward,Local,200,97,4,Hsinchu Toplus Lioneers,False,False,False,30.8,9,26.4,2.9,9.55,5.46,6.82,1.36,0.0,1.36,2.73,15.01,9.55,2.73,12.280000000000001,0.182,0.286,0.5,0.295,0.636,0.182,0.364,0.5,,,,,,,,,26.4
86,林俊吉,Lin Chun-Chi,PointGuard,Local,175,70,3,Formosa Dreamers,False,False,False,27.7,29,624.3,21.5,18.57,0.52,2.71,5.77,0.87,0.0,2.83,12.28,5.82,6.11,3.23,0.46,0.356,0.849,0.62,0.474,0.498,0.376,2.04,,,,,,,,,601.8
867,桑尼,Sani Sakakini,PowerForward,Imported,204,102,7,New Taipei Kings,False,False,True,37.1,5,195.2,39.0,22.68,2.77,7.01,2.4,0.92,0.18,2.95,17.7,8.85,4.24,9.78,0.438,0.375,0.913,0.58,0.5,0.24,0.396,0.81,,,,,,,,,192.2
87,蔡宸綱,Tsai Chen-Kang,SmallForwardAndPowerForward,Local,197,95,4,Hsinchu Toplus Lioneers,False,False,False,22.9,33,604.7,18.3,12.14,1.67,3.57,2.38,0.89,0.71,2.26,11.73,5.54,2.8,5.24,0.371,0.28,0.681,0.469,0.472,0.239,0.365,1.05,,,,,,,,,590.0
88,盧冠軒,Lu Kuan-Hsuan,PointGuardAndShootingGuard,Local,184,88,4,Hsinchu Toplus Lioneers,False,False,False,30.5,36,673.9,18.7,13.52,0.48,1.98,2.94,1.02,0.11,1.44,12.93,7.91,2.35,2.46,0.351,0.331,0.773,0.484,0.612,0.182,0.211,2.04,,,,,,,,,651.1
8889,馬可,Marko Todorovic,Center,Imported,208,113,6,New Taipei CTBC DEA,False,False,True,33.5,27,928.1,34.4,23.04,4.85,8.88,2.79,1.86,0.81,2.91,15.28,4.03,8.26,13.73,0.518,0.346,0.704,0.609,0.264,0.541,0.69,0.96,,,,,,,,,905.0
89,蔣淯安,Chiang Yu-An,PointGuard,Local,174,75,3,Formosa Dreamers,False,False,False,34.2,36,1135.8,31.6,12.36,0.95,3.39,4.82,1.52,0.1,2.31,9.86,4.72,3.49,4.34,0.412,0.356,0.736,0.543,0.479,0.354,0.373,2.08,,,,,,,,,1122.2
9,張耕淯,Chang Keng-Yu,ShootingGuard,Local,188,88,8,Taipei Taishin Mars,False,False,False,29.0,2,7.8,3.9,0.0,4.6,4.6,0.0,4.6,0.0,4.6,13.79,9.19,0.0,9.2,0.0,0.0,,0.0,0.667,0.0,0.333,0.0,,,,,,,,,7.8
90,李啓瑋,Lee Chi-Wei,SmallForward,Local,192,87,4,Hsinchu Toplus Lioneers,False,False,False,32.5,22,289.4,13.2,9.7,1.62,2.36,3.23,1.37,0.37,1.62,9.95,7.09,1.37,3.98,0.338,0.263,0.818,0.46,0.712,0.138,0.225,2.0,,,,,,,,,281.2
91,簡偉儒,Chien Wei-Ju,ShootingGuard,Local,186,85,3,Formosa Dreamers,False,False,False,33.7,20,187.3,9.4,5.57,1.92,1.92,1.92,2.11,0.19,0.58,7.88,4.23,0.58,3.84,0.293,0.182,0.333,0.343,0.537,0.073,0.293,3.33,,,,,,,,,185.4
95,李德威,Lee Te-Wei,Center,Local,200,105,3,Formosa Dreamers,False,False,False,34.0,17,66.8,3.9,4.85,1.62,4.31,0.0,0.54,1.08,3.23,9.16,3.23,1.08,5.93,0.235,0.0,0.5,0.252,0.353,0.118,0.529,0.0,,,,,,,,,56.9
97,史承平,Shih Cheng-Ping,SmallForward,Local,190,80,3,Formosa Dreamers,False,False,False,26.0,11,30.9,2.8,10.49,1.17,2.33,2.33,2.33,0.0,2.33,9.33,3.5,0.0,3.5,0.5,0.333,,0.562,0.375,0.0,0.625,1.0,,,,,,,,,30.9
99,盧冠良,Lu Kuan-Liang,ShootingGuard,Local,185,90,3,Formosa Dreamers,False,False,False,34.5,31,469.9,15.2,9.04,1.0,1.76,2.3,0.92,0.0,0.92,8.2,5.36,0.54,2.76,0.411,0.357,0.714,0.536,0.654,0.065,0.215,2.5,,,,,,,,,460.7
